Fitter report for dut_top
Wed Jun 03 00:48:47 2026
Quartus II 64-Bit Version 13.0.1 Build 232 06/12/2013 Service Pack 1 SJ Web Edition


---------------------
; Table of Contents ;
---------------------
  1. Legal Notice
  2. Fitter Summary
  3. Fitter Settings
  4. Parallel Compilation
  5. I/O Assignment Warnings
  6. Incremental Compilation Preservation Summary
  7. Incremental Compilation Partition Settings
  8. Incremental Compilation Placement Preservation
  9. Pin-Out File
 10. Fitter Resource Usage Summary
 11. Fitter Partition Statistics
 12. Input Pins
 13. Output Pins
 14. Dual Purpose and Dedicated Pins
 15. I/O Bank Usage
 16. All Package Pins
 17. Fitter Resource Utilization by Entity
 18. Delay Chain Summary
 19. Pad To Core Delay Chain Fanout
 20. Control Signals
 21. Global & Other Fast Signals
 22. Non-Global High Fan-Out Signals
 23. Other Routing Usage Summary
 24. LAB Logic Elements
 25. LAB-wide Signals
 26. LAB Signals Sourced
 27. LAB Signals Sourced Out
 28. LAB Distinct Inputs
 29. I/O Rules Summary
 30. I/O Rules Details
 31. I/O Rules Matrix
 32. Fitter Device Options
 33. Operating Settings and Conditions
 34. Fitter Messages
 35. Fitter Suppressed Messages



----------------
; Legal Notice ;
----------------
Copyright (C) 1991-2013 Altera Corporation
Your use of Altera Corporation's design tools, logic functions 
and other software and tools, and its AMPP partner logic 
functions, and any output files from any of the foregoing 
(including device programming or simulation files), and any 
associated documentation or information are expressly subject 
to the terms and conditions of the Altera Program License 
Subscription Agreement, Altera MegaCore Function License 
Agreement, or other applicable license agreement, including, 
without limitation, that your use is for the sole purpose of 
programming logic devices manufactured by Altera and sold by 
Altera or its authorized distributors.  Please refer to the 
applicable agreement for further details.



+--------------------------------------------------------------------------------------+
; Fitter Summary                                                                       ;
+------------------------------------+-------------------------------------------------+
; Fitter Status                      ; Successful - Wed Jun 03 00:48:47 2026           ;
; Quartus II 64-Bit Version          ; 13.0.1 Build 232 06/12/2013 SP 1 SJ Web Edition ;
; Revision Name                      ; dut_top                                         ;
; Top-level Entity Name              ; dut_top                                         ;
; Family                             ; Cyclone IV E                                    ;
; Device                             ; EP4CE75F23C8                                    ;
; Timing Models                      ; Final                                           ;
; Total logic elements               ; 593 / 75,408 ( < 1 % )                          ;
;     Total combinational functions  ; 489 / 75,408 ( < 1 % )                          ;
;     Dedicated logic registers      ; 373 / 75,408 ( < 1 % )                          ;
; Total registers                    ; 373                                             ;
; Total pins                         ; 240 / 293 ( 82 % )                              ;
; Total virtual pins                 ; 0                                               ;
; Total memory bits                  ; 0 / 2,810,880 ( 0 % )                           ;
; Embedded Multiplier 9-bit elements ; 0 / 400 ( 0 % )                                 ;
; Total PLLs                         ; 0 / 4 ( 0 % )                                   ;
+------------------------------------+-------------------------------------------------+


+------------------------------------------------------------------------------------------------------------------------------------------------------------+
; Fitter Settings                                                                                                                                            ;
+----------------------------------------------------------------------------+---------------------------------------+---------------------------------------+
; Option                                                                     ; Setting                               ; Default Value                         ;
+----------------------------------------------------------------------------+---------------------------------------+---------------------------------------+
; Device                                                                     ; EP4CE75F23C8                          ;                                       ;
; Minimum Core Junction Temperature                                          ; 0                                     ;                                       ;
; Maximum Core Junction Temperature                                          ; 85                                    ;                                       ;
; Fit Attempts to Skip                                                       ; 0                                     ; 0.0                                   ;
; Use smart compilation                                                      ; Off                                   ; Off                                   ;
; Enable parallel Assembler and TimeQuest Timing Analyzer during compilation ; On                                    ; On                                    ;
; Enable compact report table                                                ; Off                                   ; Off                                   ;
; Auto Merge PLLs                                                            ; On                                    ; On                                    ;
; Router Timing Optimization Level                                           ; Normal                                ; Normal                                ;
; Perform Clocking Topology Analysis During Routing                          ; Off                                   ; Off                                   ;
; Placement Effort Multiplier                                                ; 1.0                                   ; 1.0                                   ;
; Router Effort Multiplier                                                   ; 1.0                                   ; 1.0                                   ;
; Optimize Hold Timing                                                       ; All Paths                             ; All Paths                             ;
; Optimize Multi-Corner Timing                                               ; On                                    ; On                                    ;
; PowerPlay Power Optimization                                               ; Normal compilation                    ; Normal compilation                    ;
; SSN Optimization                                                           ; Off                                   ; Off                                   ;
; Optimize Timing                                                            ; Normal compilation                    ; Normal compilation                    ;
; Optimize Timing for ECOs                                                   ; Off                                   ; Off                                   ;
; Regenerate full fit report during ECO compiles                             ; Off                                   ; Off                                   ;
; Optimize IOC Register Placement for Timing                                 ; Normal                                ; Normal                                ;
; Limit to One Fitting Attempt                                               ; Off                                   ; Off                                   ;
; Final Placement Optimizations                                              ; Automatically                         ; Automatically                         ;
; Fitter Aggressive Routability Optimizations                                ; Automatically                         ; Automatically                         ;
; Fitter Initial Placement Seed                                              ; 1                                     ; 1                                     ;
; PCI I/O                                                                    ; Off                                   ; Off                                   ;
; Weak Pull-Up Resistor                                                      ; Off                                   ; Off                                   ;
; Enable Bus-Hold Circuitry                                                  ; Off                                   ; Off                                   ;
; Auto Packed Registers                                                      ; Auto                                  ; Auto                                  ;
; Auto Delay Chains                                                          ; On                                    ; On                                    ;
; Auto Delay Chains for High Fanout Input Pins                               ; Off                                   ; Off                                   ;
; Allow Single-ended Buffer for Differential-XSTL Input                      ; Off                                   ; Off                                   ;
; Treat Bidirectional Pin as Output Pin                                      ; Off                                   ; Off                                   ;
; Perform Physical Synthesis for Combinational Logic for Fitting             ; Off                                   ; Off                                   ;
; Perform Physical Synthesis for Combinational Logic for Performance         ; Off                                   ; Off                                   ;
; Perform Register Duplication for Performance                               ; Off                                   ; Off                                   ;
; Perform Logic to Memory Mapping for Fitting                                ; Off                                   ; Off                                   ;
; Perform Register Retiming for Performance                                  ; Off                                   ; Off                                   ;
; Perform Asynchronous Signal Pipelining                                     ; Off                                   ; Off                                   ;
; Fitter Effort                                                              ; Auto Fit                              ; Auto Fit                              ;
; Physical Synthesis Effort Level                                            ; Normal                                ; Normal                                ;
; Logic Cell Insertion - Logic Duplication                                   ; Auto                                  ; Auto                                  ;
; Auto Register Duplication                                                  ; Auto                                  ; Auto                                  ;
; Auto Global Clock                                                          ; On                                    ; On                                    ;
; Auto Global Register Control Signals                                       ; On                                    ; On                                    ;
; Reserve all unused pins                                                    ; As input tri-stated with weak pull-up ; As input tri-stated with weak pull-up ;
; Synchronizer Identification                                                ; Off                                   ; Off                                   ;
; Enable Beneficial Skew Optimization                                        ; On                                    ; On                                    ;
; Optimize Design for Metastability                                          ; On                                    ; On                                    ;
; Force Fitter to Avoid Periphery Placement Warnings                         ; Off                                   ; Off                                   ;
; Enable input tri-state on active configuration pins in user mode           ; Off                                   ; Off                                   ;
+----------------------------------------------------------------------------+---------------------------------------+---------------------------------------+


Parallel compilation was disabled, but you have multiple processors available. Enable parallel compilation to reduce compilation time.
+-------------------------------------+
; Parallel Compilation                ;
+----------------------------+--------+
; Processors                 ; Number ;
+----------------------------+--------+
; Number detected on machine ; 16     ;
; Maximum allowed            ; 1      ;
+----------------------------+--------+


+--------------------------------------------------+
; I/O Assignment Warnings                          ;
+------------------+-------------------------------+
; Pin Name         ; Reason                        ;
+------------------+-------------------------------+
; HTRANS1[0]       ; Incomplete set of assignments ;
; HSIZE1[0]        ; Incomplete set of assignments ;
; HSIZE1[1]        ; Incomplete set of assignments ;
; HSIZE1[2]        ; Incomplete set of assignments ;
; HBURST1[0]       ; Incomplete set of assignments ;
; HBURST1[1]       ; Incomplete set of assignments ;
; HBURST1[2]       ; Incomplete set of assignments ;
; HGRANT1          ; Incomplete set of assignments ;
; HRDATA1[0]       ; Incomplete set of assignments ;
; HRDATA1[1]       ; Incomplete set of assignments ;
; HRDATA1[2]       ; Incomplete set of assignments ;
; HRDATA1[3]       ; Incomplete set of assignments ;
; HRDATA1[4]       ; Incomplete set of assignments ;
; HRDATA1[5]       ; Incomplete set of assignments ;
; HRDATA1[6]       ; Incomplete set of assignments ;
; HRDATA1[7]       ; Incomplete set of assignments ;
; HRDATA1[8]       ; Incomplete set of assignments ;
; HRDATA1[9]       ; Incomplete set of assignments ;
; HRDATA1[10]      ; Incomplete set of assignments ;
; HRDATA1[11]      ; Incomplete set of assignments ;
; HRDATA1[12]      ; Incomplete set of assignments ;
; HRDATA1[13]      ; Incomplete set of assignments ;
; HRDATA1[14]      ; Incomplete set of assignments ;
; HRDATA1[15]      ; Incomplete set of assignments ;
; HRDATA1[16]      ; Incomplete set of assignments ;
; HRDATA1[17]      ; Incomplete set of assignments ;
; HRDATA1[18]      ; Incomplete set of assignments ;
; HRDATA1[19]      ; Incomplete set of assignments ;
; HRDATA1[20]      ; Incomplete set of assignments ;
; HRDATA1[21]      ; Incomplete set of assignments ;
; HRDATA1[22]      ; Incomplete set of assignments ;
; HRDATA1[23]      ; Incomplete set of assignments ;
; HRDATA1[24]      ; Incomplete set of assignments ;
; HRDATA1[25]      ; Incomplete set of assignments ;
; HRDATA1[26]      ; Incomplete set of assignments ;
; HRDATA1[27]      ; Incomplete set of assignments ;
; HRDATA1[28]      ; Incomplete set of assignments ;
; HRDATA1[29]      ; Incomplete set of assignments ;
; HRDATA1[30]      ; Incomplete set of assignments ;
; HRDATA1[31]      ; Incomplete set of assignments ;
; HREADY1          ; Incomplete set of assignments ;
; HRESP1[0]        ; Incomplete set of assignments ;
; HRESP1[1]        ; Incomplete set of assignments ;
; HTRANS2[0]       ; Incomplete set of assignments ;
; HSIZE2[0]        ; Incomplete set of assignments ;
; HSIZE2[1]        ; Incomplete set of assignments ;
; HSIZE2[2]        ; Incomplete set of assignments ;
; HBURST2[0]       ; Incomplete set of assignments ;
; HBURST2[1]       ; Incomplete set of assignments ;
; HBURST2[2]       ; Incomplete set of assignments ;
; HGRANT2          ; Incomplete set of assignments ;
; HRDATA2[0]       ; Incomplete set of assignments ;
; HRDATA2[1]       ; Incomplete set of assignments ;
; HRDATA2[2]       ; Incomplete set of assignments ;
; HRDATA2[3]       ; Incomplete set of assignments ;
; HRDATA2[4]       ; Incomplete set of assignments ;
; HRDATA2[5]       ; Incomplete set of assignments ;
; HRDATA2[6]       ; Incomplete set of assignments ;
; HRDATA2[7]       ; Incomplete set of assignments ;
; HRDATA2[8]       ; Incomplete set of assignments ;
; HRDATA2[9]       ; Incomplete set of assignments ;
; HRDATA2[10]      ; Incomplete set of assignments ;
; HRDATA2[11]      ; Incomplete set of assignments ;
; HRDATA2[12]      ; Incomplete set of assignments ;
; HRDATA2[13]      ; Incomplete set of assignments ;
; HRDATA2[14]      ; Incomplete set of assignments ;
; HRDATA2[15]      ; Incomplete set of assignments ;
; HRDATA2[16]      ; Incomplete set of assignments ;
; HRDATA2[17]      ; Incomplete set of assignments ;
; HRDATA2[18]      ; Incomplete set of assignments ;
; HRDATA2[19]      ; Incomplete set of assignments ;
; HRDATA2[20]      ; Incomplete set of assignments ;
; HRDATA2[21]      ; Incomplete set of assignments ;
; HRDATA2[22]      ; Incomplete set of assignments ;
; HRDATA2[23]      ; Incomplete set of assignments ;
; HRDATA2[24]      ; Incomplete set of assignments ;
; HRDATA2[25]      ; Incomplete set of assignments ;
; HRDATA2[26]      ; Incomplete set of assignments ;
; HRDATA2[27]      ; Incomplete set of assignments ;
; HRDATA2[28]      ; Incomplete set of assignments ;
; HRDATA2[29]      ; Incomplete set of assignments ;
; HRDATA2[30]      ; Incomplete set of assignments ;
; HRDATA2[31]      ; Incomplete set of assignments ;
; HREADY2          ; Incomplete set of assignments ;
; HRESP2[0]        ; Incomplete set of assignments ;
; HRESP2[1]        ; Incomplete set of assignments ;
; GPIO_OUT[0]      ; Incomplete set of assignments ;
; GPIO_OUT[1]      ; Incomplete set of assignments ;
; GPIO_OUT[2]      ; Incomplete set of assignments ;
; GPIO_OUT[3]      ; Incomplete set of assignments ;
; GPIO_OUT[4]      ; Incomplete set of assignments ;
; GPIO_OUT[5]      ; Incomplete set of assignments ;
; GPIO_OUT[6]      ; Incomplete set of assignments ;
; GPIO_OUT[7]      ; Incomplete set of assignments ;
; TIMER_IRQ        ; Incomplete set of assignments ;
; ARBITER_MODE_OUT ; Incomplete set of assignments ;
; HADDR1[17]       ; Incomplete set of assignments ;
; HADDR2[17]       ; Incomplete set of assignments ;
; HADDR2[30]       ; Incomplete set of assignments ;
; HADDR2[23]       ; Incomplete set of assignments ;
; HADDR2[18]       ; Incomplete set of assignments ;
; HADDR2[19]       ; Incomplete set of assignments ;
; HADDR1[21]       ; Incomplete set of assignments ;
; HADDR1[30]       ; Incomplete set of assignments ;
; HADDR1[23]       ; Incomplete set of assignments ;
; HADDR1[18]       ; Incomplete set of assignments ;
; HADDR1[19]       ; Incomplete set of assignments ;
; HADDR1[20]       ; Incomplete set of assignments ;
; HADDR2[20]       ; Incomplete set of assignments ;
; HADDR2[21]       ; Incomplete set of assignments ;
; HADDR2[27]       ; Incomplete set of assignments ;
; HADDR2[25]       ; Incomplete set of assignments ;
; HADDR2[31]       ; Incomplete set of assignments ;
; HADDR2[24]       ; Incomplete set of assignments ;
; HADDR1[22]       ; Incomplete set of assignments ;
; HADDR1[31]       ; Incomplete set of assignments ;
; HADDR1[27]       ; Incomplete set of assignments ;
; HADDR1[25]       ; Incomplete set of assignments ;
; HADDR1[26]       ; Incomplete set of assignments ;
; HADDR1[24]       ; Incomplete set of assignments ;
; HADDR2[22]       ; Incomplete set of assignments ;
; HADDR2[26]       ; Incomplete set of assignments ;
; HADDR2[29]       ; Incomplete set of assignments ;
; HADDR2[28]       ; Incomplete set of assignments ;
; HADDR1[28]       ; Incomplete set of assignments ;
; HADDR1[29]       ; Incomplete set of assignments ;
; HADDR1[16]       ; Incomplete set of assignments ;
; HADDR2[16]       ; Incomplete set of assignments ;
; GPIO_IN[0]       ; Incomplete set of assignments ;
; GPIO_IN[1]       ; Incomplete set of assignments ;
; GPIO_IN[2]       ; Incomplete set of assignments ;
; GPIO_IN[3]       ; Incomplete set of assignments ;
; GPIO_IN[4]       ; Incomplete set of assignments ;
; GPIO_IN[5]       ; Incomplete set of assignments ;
; GPIO_IN[6]       ; Incomplete set of assignments ;
; GPIO_IN[7]       ; Incomplete set of assignments ;
; HBUSREQ1         ; Incomplete set of assignments ;
; HCLK             ; Incomplete set of assignments ;
; HRESETn          ; Incomplete set of assignments ;
; HWRITE1          ; Incomplete set of assignments ;
; HWRITE2          ; Incomplete set of assignments ;
; HADDR1[0]        ; Incomplete set of assignments ;
; HADDR2[0]        ; Incomplete set of assignments ;
; HTRANS2[1]       ; Incomplete set of assignments ;
; HTRANS1[1]       ; Incomplete set of assignments ;
; HADDR1[11]       ; Incomplete set of assignments ;
; HADDR2[11]       ; Incomplete set of assignments ;
; HADDR1[10]       ; Incomplete set of assignments ;
; HADDR2[10]       ; Incomplete set of assignments ;
; HADDR1[9]        ; Incomplete set of assignments ;
; HADDR2[9]        ; Incomplete set of assignments ;
; HADDR1[8]        ; Incomplete set of assignments ;
; HADDR2[8]        ; Incomplete set of assignments ;
; HADDR1[7]        ; Incomplete set of assignments ;
; HADDR2[7]        ; Incomplete set of assignments ;
; HADDR1[6]        ; Incomplete set of assignments ;
; HADDR2[6]        ; Incomplete set of assignments ;
; HADDR1[5]        ; Incomplete set of assignments ;
; HADDR2[5]        ; Incomplete set of assignments ;
; HADDR1[1]        ; Incomplete set of assignments ;
; HADDR2[1]        ; Incomplete set of assignments ;
; HADDR1[15]       ; Incomplete set of assignments ;
; HADDR2[15]       ; Incomplete set of assignments ;
; HADDR1[14]       ; Incomplete set of assignments ;
; HADDR2[14]       ; Incomplete set of assignments ;
; HADDR1[13]       ; Incomplete set of assignments ;
; HADDR2[13]       ; Incomplete set of assignments ;
; HADDR1[12]       ; Incomplete set of assignments ;
; HADDR2[12]       ; Incomplete set of assignments ;
; HADDR1[3]        ; Incomplete set of assignments ;
; HADDR2[3]        ; Incomplete set of assignments ;
; HADDR1[2]        ; Incomplete set of assignments ;
; HADDR2[2]        ; Incomplete set of assignments ;
; HADDR1[4]        ; Incomplete set of assignments ;
; HADDR2[4]        ; Incomplete set of assignments ;
; HWDATA2[0]       ; Incomplete set of assignments ;
; HWDATA1[0]       ; Incomplete set of assignments ;
; HWDATA2[1]       ; Incomplete set of assignments ;
; HWDATA1[1]       ; Incomplete set of assignments ;
; HWDATA2[2]       ; Incomplete set of assignments ;
; HWDATA1[2]       ; Incomplete set of assignments ;
; HWDATA2[3]       ; Incomplete set of assignments ;
; HWDATA1[3]       ; Incomplete set of assignments ;
; HWDATA2[4]       ; Incomplete set of assignments ;
; HWDATA1[4]       ; Incomplete set of assignments ;
; HWDATA2[5]       ; Incomplete set of assignments ;
; HWDATA1[5]       ; Incomplete set of assignments ;
; HWDATA2[6]       ; Incomplete set of assignments ;
; HWDATA1[6]       ; Incomplete set of assignments ;
; HWDATA2[7]       ; Incomplete set of assignments ;
; HWDATA1[7]       ; Incomplete set of assignments ;
; HWDATA2[8]       ; Incomplete set of assignments ;
; HWDATA1[8]       ; Incomplete set of assignments ;
; HWDATA2[9]       ; Incomplete set of assignments ;
; HWDATA1[9]       ; Incomplete set of assignments ;
; HWDATA2[10]      ; Incomplete set of assignments ;
; HWDATA1[10]      ; Incomplete set of assignments ;
; HWDATA2[11]      ; Incomplete set of assignments ;
; HWDATA1[11]      ; Incomplete set of assignments ;
; HWDATA2[12]      ; Incomplete set of assignments ;
; HWDATA1[12]      ; Incomplete set of assignments ;
; HWDATA2[13]      ; Incomplete set of assignments ;
; HWDATA1[13]      ; Incomplete set of assignments ;
; HWDATA2[14]      ; Incomplete set of assignments ;
; HWDATA1[14]      ; Incomplete set of assignments ;
; HWDATA2[15]      ; Incomplete set of assignments ;
; HWDATA1[15]      ; Incomplete set of assignments ;
; HWDATA2[16]      ; Incomplete set of assignments ;
; HWDATA1[16]      ; Incomplete set of assignments ;
; HWDATA2[17]      ; Incomplete set of assignments ;
; HWDATA1[17]      ; Incomplete set of assignments ;
; HWDATA2[18]      ; Incomplete set of assignments ;
; HWDATA1[18]      ; Incomplete set of assignments ;
; HWDATA2[19]      ; Incomplete set of assignments ;
; HWDATA1[19]      ; Incomplete set of assignments ;
; HWDATA2[20]      ; Incomplete set of assignments ;
; HWDATA1[20]      ; Incomplete set of assignments ;
; HWDATA2[21]      ; Incomplete set of assignments ;
; HWDATA1[21]      ; Incomplete set of assignments ;
; HWDATA2[22]      ; Incomplete set of assignments ;
; HWDATA1[22]      ; Incomplete set of assignments ;
; HWDATA2[23]      ; Incomplete set of assignments ;
; HWDATA1[23]      ; Incomplete set of assignments ;
; HWDATA2[24]      ; Incomplete set of assignments ;
; HWDATA1[24]      ; Incomplete set of assignments ;
; HWDATA2[25]      ; Incomplete set of assignments ;
; HWDATA1[25]      ; Incomplete set of assignments ;
; HWDATA2[26]      ; Incomplete set of assignments ;
; HWDATA1[26]      ; Incomplete set of assignments ;
; HWDATA2[27]      ; Incomplete set of assignments ;
; HWDATA1[27]      ; Incomplete set of assignments ;
; HWDATA2[28]      ; Incomplete set of assignments ;
; HWDATA1[28]      ; Incomplete set of assignments ;
; HWDATA2[29]      ; Incomplete set of assignments ;
; HWDATA1[29]      ; Incomplete set of assignments ;
; HWDATA2[30]      ; Incomplete set of assignments ;
; HWDATA1[30]      ; Incomplete set of assignments ;
; HWDATA2[31]      ; Incomplete set of assignments ;
; HWDATA1[31]      ; Incomplete set of assignments ;
; HBUSREQ2         ; Incomplete set of assignments ;
+------------------+-------------------------------+


+----------------------------------------------+
; Incremental Compilation Preservation Summary ;
+---------------------+------------------------+
; Type                ; Value                  ;
+---------------------+------------------------+
; Placement (by node) ;                        ;
;     -- Requested    ; 0 / 1355 ( 0.00 % )    ;
;     -- Achieved     ; 0 / 1355 ( 0.00 % )    ;
;                     ;                        ;
; Routing (by net)    ;                        ;
;     -- Requested    ; 0 / 0 ( 0.00 % )       ;
;     -- Achieved     ; 0 / 0 ( 0.00 % )       ;
+---------------------+------------------------+


+----------------------------------------------------------------------------------------------------------------------------------------------------------------------------------------+
; Incremental Compilation Partition Settings                                                                                                                                             ;
+--------------------------------+----------------+-------------------+-------------------------+------------------------+------------------------------+--------------------------------+
; Partition Name                 ; Partition Type ; Netlist Type Used ; Preservation Level Used ; Netlist Type Requested ; Preservation Level Requested ; Contents                       ;
+--------------------------------+----------------+-------------------+-------------------------+------------------------+------------------------------+--------------------------------+
; Top                            ; User-created   ; Source File       ; N/A                     ; Source File            ; N/A                          ;                                ;
; hard_block:auto_generated_inst ; Auto-generated ; Source File       ; N/A                     ; Source File            ; N/A                          ; hard_block:auto_generated_inst ;
+--------------------------------+----------------+-------------------+-------------------------+------------------------+------------------------------+--------------------------------+


+------------------------------------------------------------------------------------------------------------+
; Incremental Compilation Placement Preservation                                                             ;
+--------------------------------+---------+-------------------+-------------------------+-------------------+
; Partition Name                 ; # Nodes ; # Preserved Nodes ; Preservation Level Used ; Netlist Type Used ;
+--------------------------------+---------+-------------------+-------------------------+-------------------+
; Top                            ; 1345    ; 0                 ; N/A                     ; Source File       ;
; hard_block:auto_generated_inst ; 10      ; 0                 ; N/A                     ; Source File       ;
+--------------------------------+---------+-------------------+-------------------------+-------------------+


+--------------+
; Pin-Out File ;
+--------------+
The pin-out file can be found in M:/utc2/5th_year/second_semester_of_5th_year/DoanTN/code/synthesis/output_files/dut_top.pin.


+----------------------------------------------------------------------+
; Fitter Resource Usage Summary                                        ;
+---------------------------------------------+------------------------+
; Resource                                    ; Usage                  ;
+---------------------------------------------+------------------------+
; Total logic elements                        ; 593 / 75,408 ( < 1 % ) ;
;     -- Combinational with no register       ; 220                    ;
;     -- Register only                        ; 104                    ;
;     -- Combinational with a register        ; 269                    ;
;                                             ;                        ;
; Logic element usage by number of LUT inputs ;                        ;
;     -- 4 input functions                    ; 284                    ;
;     -- 3 input functions                    ; 79                     ;
;     -- <=2 input functions                  ; 126                    ;
;     -- Register only                        ; 104                    ;
;                                             ;                        ;
; Logic elements by mode                      ;                        ;
;     -- normal mode                          ; 458                    ;
;     -- arithmetic mode                      ; 31                     ;
;                                             ;                        ;
; Total registers*                            ; 373 / 76,801 ( < 1 % ) ;
;     -- Dedicated logic registers            ; 373 / 75,408 ( < 1 % ) ;
;     -- I/O registers                        ; 0 / 1,393 ( 0 % )      ;
;                                             ;                        ;
; Total LABs:  partially or completely used   ; 42 / 4,713 ( < 1 % )   ;
; Virtual pins                                ; 0                      ;
; I/O pins                                    ; 240 / 293 ( 82 % )     ;
;     -- Clock pins                           ; 5 / 7 ( 71 % )         ;
;     -- Dedicated input pins                 ; 0 / 9 ( 0 % )          ;
;                                             ;                        ;
; Global signals                              ; 2                      ;
; M9Ks                                        ; 0 / 305 ( 0 % )        ;
; Total block memory bits                     ; 0 / 2,810,880 ( 0 % )  ;
; Total block memory implementation bits      ; 0 / 2,810,880 ( 0 % )  ;
; Embedded Multiplier 9-bit elements          ; 0 / 400 ( 0 % )        ;
; PLLs                                        ; 0 / 4 ( 0 % )          ;
; Global clocks                               ; 2 / 20 ( 10 % )        ;
; JTAGs                                       ; 0 / 1 ( 0 % )          ;
; CRC blocks                                  ; 0 / 1 ( 0 % )          ;
; ASMI blocks                                 ; 0 / 1 ( 0 % )          ;
; Impedance control blocks                    ; 0 / 4 ( 0 % )          ;
; Average interconnect usage (total/H/V)      ; 0% / 0% / 0%           ;
; Peak interconnect usage (total/H/V)         ; 7% / 6% / 7%           ;
; Maximum fan-out                             ; 373                    ;
; Highest non-global fan-out                  ; 145                    ;
; Total fan-out                               ; 3536                   ;
; Average fan-out                             ; 2.43                   ;
+---------------------------------------------+------------------------+
*  Register count does not include registers inside RAM blocks or DSP blocks.



+------------------------------------------------------------------------------------------------------+
; Fitter Partition Statistics                                                                          ;
+---------------------------------------------+-----------------------+--------------------------------+
; Statistic                                   ; Top                   ; hard_block:auto_generated_inst ;
+---------------------------------------------+-----------------------+--------------------------------+
; Difficulty Clustering Region                ; Low                   ; Low                            ;
;                                             ;                       ;                                ;
; Total logic elements                        ; 593 / 75408 ( < 1 % ) ; 0 / 75408 ( 0 % )              ;
;     -- Combinational with no register       ; 220                   ; 0                              ;
;     -- Register only                        ; 104                   ; 0                              ;
;     -- Combinational with a register        ; 269                   ; 0                              ;
;                                             ;                       ;                                ;
; Logic element usage by number of LUT inputs ;                       ;                                ;
;     -- 4 input functions                    ; 284                   ; 0                              ;
;     -- 3 input functions                    ; 79                    ; 0                              ;
;     -- <=2 input functions                  ; 126                   ; 0                              ;
;     -- Register only                        ; 104                   ; 0                              ;
;                                             ;                       ;                                ;
; Logic elements by mode                      ;                       ;                                ;
;     -- normal mode                          ; 458                   ; 0                              ;
;     -- arithmetic mode                      ; 31                    ; 0                              ;
;                                             ;                       ;                                ;
; Total registers                             ; 373                   ; 0                              ;
;     -- Dedicated logic registers            ; 373 / 75408 ( < 1 % ) ; 0 / 75408 ( 0 % )              ;
;                                             ;                       ;                                ;
; Total LABs:  partially or completely used   ; 42 / 4713 ( < 1 % )   ; 0 / 4713 ( 0 % )               ;
;                                             ;                       ;                                ;
; Virtual pins                                ; 0                     ; 0                              ;
; I/O pins                                    ; 240                   ; 0                              ;
; Embedded Multiplier 9-bit elements          ; 0 / 400 ( 0 % )       ; 0 / 400 ( 0 % )                ;
; Total memory bits                           ; 0                     ; 0                              ;
; Total RAM block bits                        ; 0                     ; 0                              ;
; Clock control block                         ; 2 / 24 ( 8 % )        ; 0 / 24 ( 0 % )                 ;
;                                             ;                       ;                                ;
; Connections                                 ;                       ;                                ;
;     -- Input Connections                    ; 0                     ; 0                              ;
;     -- Registered Input Connections         ; 0                     ; 0                              ;
;     -- Output Connections                   ; 0                     ; 0                              ;
;     -- Registered Output Connections        ; 0                     ; 0                              ;
;                                             ;                       ;                                ;
; Internal Connections                        ;                       ;                                ;
;     -- Total Connections                    ; 3531                  ; 5                              ;
;     -- Registered Connections               ; 907                   ; 0                              ;
;                                             ;                       ;                                ;
; External Connections                        ;                       ;                                ;
;     -- Top                                  ; 0                     ; 0                              ;
;     -- hard_block:auto_generated_inst       ; 0                     ; 0                              ;
;                                             ;                       ;                                ;
; Partition Interface                         ;                       ;                                ;
;     -- Input Ports                          ; 158                   ; 0                              ;
;     -- Output Ports                         ; 82                    ; 0                              ;
;     -- Bidir Ports                          ; 0                     ; 0                              ;
;                                             ;                       ;                                ;
; Registered Ports                            ;                       ;                                ;
;     -- Registered Input Ports               ; 0                     ; 0                              ;
;     -- Registered Output Ports              ; 0                     ; 0                              ;
;                                             ;                       ;                                ;
; Port Connectivity                           ;                       ;                                ;
;     -- Input Ports driven by GND            ; 0                     ; 0                              ;
;     -- Output Ports driven by GND           ; 0                     ; 0                              ;
;     -- Input Ports driven by VCC            ; 0                     ; 0                              ;
;     -- Output Ports driven by VCC           ; 0                     ; 0                              ;
;     -- Input Ports with no Source           ; 0                     ; 0                              ;
;     -- Output Ports with no Source          ; 0                     ; 0                              ;
;     -- Input Ports with no Fanout           ; 0                     ; 0                              ;
;     -- Output Ports with no Fanout          ; 0                     ; 0                              ;
+---------------------------------------------+-----------------------+--------------------------------+


+----------------------------------------------------------------------------------------------------------------------------------------------------------------------------------------------------------------------------------------------------------------------------------+
; Input Pins                                                                                                                                                                                                                                                                       ;
+-------------+-------+----------+--------------+--------------+--------------+-----------------------+--------------------+--------+----------------+---------------+-----------------+----------+--------------+--------------+---------------------------+----------------------+
; Name        ; Pin # ; I/O Bank ; X coordinate ; Y coordinate ; Z coordinate ; Combinational Fan-Out ; Registered Fan-Out ; Global ; Input Register ; Power Up High ; PCI I/O Enabled ; Bus Hold ; Weak Pull Up ; I/O Standard ; Termination Control Block ; Location assigned by ;
+-------------+-------+----------+--------------+--------------+--------------+-----------------------+--------------------+--------+----------------+---------------+-----------------+----------+--------------+--------------+---------------------------+----------------------+
; GPIO_IN[0]  ; E1    ; 1        ; 0            ; 49           ; 21           ; 1                     ; 0                  ; no     ; no             ; no            ; yes             ; no       ; Off          ; 2.5 V        ; --                        ; Fitter               ;
; GPIO_IN[1]  ; M2    ; 2        ; 0            ; 29           ; 21           ; 1                     ; 0                  ; no     ; no             ; no            ; yes             ; no       ; Off          ; 2.5 V        ; --                        ; Fitter               ;
; GPIO_IN[2]  ; B10   ; 8        ; 45           ; 62           ; 21           ; 1                     ; 0                  ; no     ; no             ; no            ; yes             ; no       ; Off          ; 2.5 V        ; --                        ; Fitter               ;
; GPIO_IN[3]  ; F1    ; 1        ; 0            ; 47           ; 0            ; 1                     ; 0                  ; no     ; no             ; no            ; yes             ; no       ; Off          ; 2.5 V        ; --                        ; Fitter               ;
; GPIO_IN[4]  ; D10   ; 8        ; 45           ; 62           ; 0            ; 1                     ; 0                  ; no     ; no             ; no            ; yes             ; no       ; Off          ; 2.5 V        ; --                        ; Fitter               ;
; GPIO_IN[5]  ; Y10   ; 3        ; 47           ; 0            ; 14           ; 1                     ; 0                  ; no     ; no             ; no            ; yes             ; no       ; Off          ; 2.5 V        ; --                        ; Fitter               ;
; GPIO_IN[6]  ; R2    ; 2        ; 0            ; 24           ; 21           ; 1                     ; 0                  ; no     ; no             ; no            ; yes             ; no       ; Off          ; 2.5 V        ; --                        ; Fitter               ;
; GPIO_IN[7]  ; F21   ; 6        ; 94           ; 43           ; 7            ; 1                     ; 0                  ; no     ; no             ; no            ; yes             ; no       ; Off          ; 2.5 V        ; --                        ; Fitter               ;
; HADDR1[0]   ; L21   ; 6        ; 94           ; 35           ; 14           ; 1                     ; 0                  ; no     ; no             ; no            ; yes             ; no       ; Off          ; 2.5 V        ; --                        ; Fitter               ;
; HADDR1[10]  ; V22   ; 5        ; 94           ; 16           ; 14           ; 1                     ; 0                  ; no     ; no             ; no            ; yes             ; no       ; Off          ; 2.5 V        ; --                        ; Fitter               ;
; HADDR1[11]  ; G18   ; 6        ; 94           ; 50           ; 21           ; 1                     ; 0                  ; no     ; no             ; no            ; yes             ; no       ; Off          ; 2.5 V        ; --                        ; Fitter               ;
; HADDR1[12]  ; F13   ; 7        ; 62           ; 62           ; 21           ; 1                     ; 0                  ; no     ; no             ; no            ; yes             ; no       ; Off          ; 2.5 V        ; --                        ; Fitter               ;
; HADDR1[13]  ; C15   ; 7        ; 62           ; 62           ; 7            ; 1                     ; 0                  ; no     ; no             ; no            ; yes             ; no       ; Off          ; 2.5 V        ; --                        ; Fitter               ;
; HADDR1[14]  ; M20   ; 5        ; 94           ; 29           ; 14           ; 1                     ; 0                  ; no     ; no             ; no            ; yes             ; no       ; Off          ; 2.5 V        ; --                        ; Fitter               ;
; HADDR1[15]  ; A17   ; 7        ; 69           ; 62           ; 21           ; 1                     ; 0                  ; no     ; no             ; no            ; yes             ; no       ; Off          ; 2.5 V        ; --                        ; Fitter               ;
; HADDR1[16]  ; J18   ; 6        ; 94           ; 41           ; 7            ; 1                     ; 0                  ; no     ; no             ; no            ; yes             ; no       ; Off          ; 2.5 V        ; --                        ; Fitter               ;
; HADDR1[17]  ; T15   ; 4        ; 71           ; 0            ; 0            ; 3                     ; 0                  ; no     ; no             ; no            ; yes             ; no       ; Off          ; 2.5 V        ; --                        ; Fitter               ;
; HADDR1[18]  ; N22   ; 5        ; 94           ; 27           ; 14           ; 1                     ; 0                  ; no     ; no             ; no            ; yes             ; no       ; Off          ; 2.5 V        ; --                        ; Fitter               ;
; HADDR1[19]  ; J4    ; 1        ; 0            ; 43           ; 21           ; 1                     ; 0                  ; no     ; no             ; no            ; yes             ; no       ; Off          ; 2.5 V        ; --                        ; Fitter               ;
; HADDR1[1]   ; M6    ; 2        ; 0            ; 29           ; 7            ; 1                     ; 0                  ; no     ; no             ; no            ; yes             ; no       ; Off          ; 2.5 V        ; --                        ; Fitter               ;
; HADDR1[20]  ; A18   ; 7        ; 73           ; 62           ; 7            ; 1                     ; 0                  ; no     ; no             ; no            ; yes             ; no       ; Off          ; 2.5 V        ; --                        ; Fitter               ;
; HADDR1[21]  ; C17   ; 7        ; 78           ; 62           ; 7            ; 1                     ; 0                  ; no     ; no             ; no            ; yes             ; no       ; Off          ; 2.5 V        ; --                        ; Fitter               ;
; HADDR1[22]  ; A20   ; 7        ; 83           ; 62           ; 0            ; 1                     ; 0                  ; no     ; no             ; no            ; yes             ; no       ; Off          ; 2.5 V        ; --                        ; Fitter               ;
; HADDR1[23]  ; K18   ; 6        ; 94           ; 40           ; 0            ; 1                     ; 0                  ; no     ; no             ; no            ; yes             ; no       ; Off          ; 2.5 V        ; --                        ; Fitter               ;
; HADDR1[24]  ; L22   ; 6        ; 94           ; 35           ; 21           ; 1                     ; 0                  ; no     ; no             ; no            ; yes             ; no       ; Off          ; 2.5 V        ; --                        ; Fitter               ;
; HADDR1[25]  ; A19   ; 7        ; 78           ; 62           ; 21           ; 1                     ; 0                  ; no     ; no             ; no            ; yes             ; no       ; Off          ; 2.5 V        ; --                        ; Fitter               ;
; HADDR1[26]  ; R21   ; 5        ; 94           ; 21           ; 14           ; 1                     ; 0                  ; no     ; no             ; no            ; yes             ; no       ; Off          ; 2.5 V        ; --                        ; Fitter               ;
; HADDR1[27]  ; N21   ; 5        ; 94           ; 28           ; 21           ; 1                     ; 0                  ; no     ; no             ; no            ; yes             ; no       ; Off          ; 2.5 V        ; --                        ; Fitter               ;
; HADDR1[28]  ; C19   ; 7        ; 85           ; 62           ; 14           ; 1                     ; 0                  ; no     ; no             ; no            ; yes             ; no       ; Off          ; 2.5 V        ; --                        ; Fitter               ;
; HADDR1[29]  ; AA20  ; 4        ; 80           ; 0            ; 7            ; 1                     ; 0                  ; no     ; no             ; no            ; yes             ; no       ; Off          ; 2.5 V        ; --                        ; Fitter               ;
; HADDR1[2]   ; J1    ; 1        ; 0            ; 37           ; 0            ; 1                     ; 0                  ; no     ; no             ; no            ; yes             ; no       ; Off          ; 2.5 V        ; --                        ; Fitter               ;
; HADDR1[30]  ; D22   ; 6        ; 94           ; 49           ; 21           ; 1                     ; 0                  ; no     ; no             ; no            ; yes             ; no       ; Off          ; 2.5 V        ; --                        ; Fitter               ;
; HADDR1[31]  ; B21   ; 6        ; 94           ; 54           ; 14           ; 1                     ; 0                  ; no     ; no             ; no            ; yes             ; no       ; Off          ; 2.5 V        ; --                        ; Fitter               ;
; HADDR1[3]   ; R1    ; 2        ; 0            ; 23           ; 0            ; 1                     ; 0                  ; no     ; no             ; no            ; yes             ; no       ; Off          ; 2.5 V        ; --                        ; Fitter               ;
; HADDR1[4]   ; AB14  ; 4        ; 56           ; 0            ; 21           ; 1                     ; 0                  ; no     ; no             ; no            ; yes             ; no       ; Off          ; 2.5 V        ; --                        ; Fitter               ;
; HADDR1[5]   ; T22   ; 5        ; 94           ; 31           ; 21           ; 1                     ; 0                  ; no     ; no             ; no            ; yes             ; no       ; Off          ; 2.5 V        ; --                        ; Fitter               ;
; HADDR1[6]   ; L6    ; 2        ; 0            ; 29           ; 0            ; 1                     ; 0                  ; no     ; no             ; no            ; yes             ; no       ; Off          ; 2.5 V        ; --                        ; Fitter               ;
; HADDR1[7]   ; C22   ; 6        ; 94           ; 53           ; 21           ; 1                     ; 0                  ; no     ; no             ; no            ; yes             ; no       ; Off          ; 2.5 V        ; --                        ; Fitter               ;
; HADDR1[8]   ; B22   ; 6        ; 94           ; 54           ; 21           ; 1                     ; 0                  ; no     ; no             ; no            ; yes             ; no       ; Off          ; 2.5 V        ; --                        ; Fitter               ;
; HADDR1[9]   ; H21   ; 6        ; 94           ; 40           ; 7            ; 1                     ; 0                  ; no     ; no             ; no            ; yes             ; no       ; Off          ; 2.5 V        ; --                        ; Fitter               ;
; HADDR2[0]   ; C18   ; 7        ; 88           ; 62           ; 7            ; 1                     ; 0                  ; no     ; no             ; no            ; yes             ; no       ; Off          ; 2.5 V        ; --                        ; Fitter               ;
; HADDR2[10]  ; U22   ; 5        ; 94           ; 17           ; 0            ; 1                     ; 0                  ; no     ; no             ; no            ; yes             ; no       ; Off          ; 2.5 V        ; --                        ; Fitter               ;
; HADDR2[11]  ; N19   ; 5        ; 94           ; 26           ; 7            ; 1                     ; 0                  ; no     ; no             ; no            ; yes             ; no       ; Off          ; 2.5 V        ; --                        ; Fitter               ;
; HADDR2[12]  ; V14   ; 4        ; 67           ; 0            ; 7            ; 1                     ; 0                  ; no     ; no             ; no            ; yes             ; no       ; Off          ; 2.5 V        ; --                        ; Fitter               ;
; HADDR2[13]  ; H17   ; 6        ; 94           ; 50           ; 14           ; 1                     ; 0                  ; no     ; no             ; no            ; yes             ; no       ; Off          ; 2.5 V        ; --                        ; Fitter               ;
; HADDR2[14]  ; D20   ; 6        ; 94           ; 57           ; 0            ; 1                     ; 0                  ; no     ; no             ; no            ; yes             ; no       ; Off          ; 2.5 V        ; --                        ; Fitter               ;
; HADDR2[15]  ; T1    ; 2        ; 0            ; 30           ; 21           ; 1                     ; 0                  ; no     ; no             ; no            ; yes             ; no       ; Off          ; 2.5 V        ; --                        ; Fitter               ;
; HADDR2[16]  ; AA17  ; 4        ; 73           ; 0            ; 14           ; 1                     ; 0                  ; no     ; no             ; no            ; yes             ; no       ; Off          ; 2.5 V        ; --                        ; Fitter               ;
; HADDR2[17]  ; J21   ; 6        ; 94           ; 39           ; 21           ; 3                     ; 0                  ; no     ; no             ; no            ; yes             ; no       ; Off          ; 2.5 V        ; --                        ; Fitter               ;
; HADDR2[18]  ; E15   ; 7        ; 71           ; 62           ; 0            ; 1                     ; 0                  ; no     ; no             ; no            ; yes             ; no       ; Off          ; 2.5 V        ; --                        ; Fitter               ;
; HADDR2[19]  ; N20   ; 5        ; 94           ; 26           ; 21           ; 1                     ; 0                  ; no     ; no             ; no            ; yes             ; no       ; Off          ; 2.5 V        ; --                        ; Fitter               ;
; HADDR2[1]   ; K19   ; 6        ; 94           ; 36           ; 0            ; 1                     ; 0                  ; no     ; no             ; no            ; yes             ; no       ; Off          ; 2.5 V        ; --                        ; Fitter               ;
; HADDR2[20]  ; B19   ; 7        ; 78           ; 62           ; 14           ; 1                     ; 0                  ; no     ; no             ; no            ; yes             ; no       ; Off          ; 2.5 V        ; --                        ; Fitter               ;
; HADDR2[21]  ; P21   ; 5        ; 94           ; 23           ; 0            ; 1                     ; 0                  ; no     ; no             ; no            ; yes             ; no       ; Off          ; 2.5 V        ; --                        ; Fitter               ;
; HADDR2[22]  ; J20   ; 6        ; 94           ; 43           ; 0            ; 1                     ; 0                  ; no     ; no             ; no            ; yes             ; no       ; Off          ; 2.5 V        ; --                        ; Fitter               ;
; HADDR2[23]  ; M19   ; 5        ; 94           ; 30           ; 7            ; 1                     ; 0                  ; no     ; no             ; no            ; yes             ; no       ; Off          ; 2.5 V        ; --                        ; Fitter               ;
; HADDR2[24]  ; B17   ; 7        ; 67           ; 62           ; 0            ; 1                     ; 0                  ; no     ; no             ; no            ; yes             ; no       ; Off          ; 2.5 V        ; --                        ; Fitter               ;
; HADDR2[25]  ; D15   ; 7        ; 73           ; 62           ; 21           ; 1                     ; 0                  ; no     ; no             ; no            ; yes             ; no       ; Off          ; 2.5 V        ; --                        ; Fitter               ;
; HADDR2[26]  ; B20   ; 7        ; 83           ; 62           ; 7            ; 1                     ; 0                  ; no     ; no             ; no            ; yes             ; no       ; Off          ; 2.5 V        ; --                        ; Fitter               ;
; HADDR2[27]  ; A15   ; 7        ; 60           ; 62           ; 0            ; 1                     ; 0                  ; no     ; no             ; no            ; yes             ; no       ; Off          ; 2.5 V        ; --                        ; Fitter               ;
; HADDR2[28]  ; E21   ; 6        ; 94           ; 47           ; 14           ; 1                     ; 0                  ; no     ; no             ; no            ; yes             ; no       ; Off          ; 2.5 V        ; --                        ; Fitter               ;
; HADDR2[29]  ; E22   ; 6        ; 94           ; 47           ; 21           ; 1                     ; 0                  ; no     ; no             ; no            ; yes             ; no       ; Off          ; 2.5 V        ; --                        ; Fitter               ;
; HADDR2[2]   ; A4    ; 8        ; 23           ; 62           ; 14           ; 1                     ; 0                  ; no     ; no             ; no            ; yes             ; no       ; Off          ; 2.5 V        ; --                        ; Fitter               ;
; HADDR2[30]  ; H22   ; 6        ; 94           ; 39           ; 14           ; 1                     ; 0                  ; no     ; no             ; no            ; yes             ; no       ; Off          ; 2.5 V        ; --                        ; Fitter               ;
; HADDR2[31]  ; A16   ; 7        ; 67           ; 62           ; 7            ; 1                     ; 0                  ; no     ; no             ; no            ; yes             ; no       ; Off          ; 2.5 V        ; --                        ; Fitter               ;
; HADDR2[3]   ; M16   ; 5        ; 94           ; 30           ; 0            ; 1                     ; 0                  ; no     ; no             ; no            ; yes             ; no       ; Off          ; 2.5 V        ; --                        ; Fitter               ;
; HADDR2[4]   ; H19   ; 6        ; 94           ; 45           ; 0            ; 1                     ; 0                  ; no     ; no             ; no            ; yes             ; no       ; Off          ; 2.5 V        ; --                        ; Fitter               ;
; HADDR2[5]   ; T21   ; 5        ; 94           ; 31           ; 14           ; 1                     ; 0                  ; no     ; no             ; no            ; yes             ; no       ; Off          ; 2.5 V        ; --                        ; Fitter               ;
; HADDR2[6]   ; U19   ; 5        ; 94           ; 11           ; 7            ; 1                     ; 0                  ; no     ; no             ; no            ; yes             ; no       ; Off          ; 2.5 V        ; --                        ; Fitter               ;
; HADDR2[7]   ; U14   ; 4        ; 67           ; 0            ; 0            ; 1                     ; 0                  ; no     ; no             ; no            ; yes             ; no       ; Off          ; 2.5 V        ; --                        ; Fitter               ;
; HADDR2[8]   ; B18   ; 7        ; 73           ; 62           ; 14           ; 1                     ; 0                  ; no     ; no             ; no            ; yes             ; no       ; Off          ; 2.5 V        ; --                        ; Fitter               ;
; HADDR2[9]   ; P22   ; 5        ; 94           ; 23           ; 7            ; 1                     ; 0                  ; no     ; no             ; no            ; yes             ; no       ; Off          ; 2.5 V        ; --                        ; Fitter               ;
; HBURST1[0]  ; P5    ; 2        ; 0            ; 19           ; 21           ; 0                     ; 0                  ; no     ; no             ; no            ; yes             ; no       ; Off          ; 2.5 V        ; --                        ; Fitter               ;
; HBURST1[1]  ; T4    ; 2        ; 0            ; 5            ; 14           ; 0                     ; 0                  ; no     ; no             ; no            ; yes             ; no       ; Off          ; 2.5 V        ; --                        ; Fitter               ;
; HBURST1[2]  ; AB4   ; 3        ; 9            ; 0            ; 14           ; 0                     ; 0                  ; no     ; no             ; no            ; yes             ; no       ; Off          ; 2.5 V        ; --                        ; Fitter               ;
; HBURST2[0]  ; W20   ; 5        ; 94           ; 8            ; 21           ; 0                     ; 0                  ; no     ; no             ; no            ; yes             ; no       ; Off          ; 2.5 V        ; --                        ; Fitter               ;
; HBURST2[1]  ; T17   ; 5        ; 94           ; 6            ; 0            ; 0                     ; 0                  ; no     ; no             ; no            ; yes             ; no       ; Off          ; 2.5 V        ; --                        ; Fitter               ;
; HBURST2[2]  ; AA6   ; 3        ; 9            ; 0            ; 0            ; 0                     ; 0                  ; no     ; no             ; no            ; yes             ; no       ; Off          ; 2.5 V        ; --                        ; Fitter               ;
; HBUSREQ1    ; F20   ; 6        ; 94           ; 49           ; 7            ; 2                     ; 0                  ; no     ; no             ; no            ; yes             ; no       ; Off          ; 2.5 V        ; --                        ; Fitter               ;
; HBUSREQ2    ; R17   ; 5        ; 94           ; 14           ; 0            ; 1                     ; 0                  ; no     ; no             ; no            ; yes             ; no       ; Off          ; 2.5 V        ; --                        ; Fitter               ;
; HCLK        ; G1    ; 1        ; 0            ; 30           ; 7            ; 373                   ; 0                  ; yes    ; no             ; no            ; yes             ; no       ; Off          ; 2.5 V        ; --                        ; Fitter               ;
; HRESETn     ; T2    ; 2        ; 0            ; 30           ; 14           ; 373                   ; 0                  ; yes    ; no             ; no            ; yes             ; no       ; Off          ; 2.5 V        ; --                        ; Fitter               ;
; HSIZE1[0]   ; AB12  ; 4        ; 49           ; 0            ; 0            ; 0                     ; 0                  ; no     ; no             ; no            ; yes             ; no       ; Off          ; 2.5 V        ; --                        ; Fitter               ;
; HSIZE1[1]   ; AB3   ; 3        ; 5            ; 0            ; 0            ; 0                     ; 0                  ; no     ; no             ; no            ; yes             ; no       ; Off          ; 2.5 V        ; --                        ; Fitter               ;
; HSIZE1[2]   ; Y17   ; 4        ; 78           ; 0            ; 0            ; 0                     ; 0                  ; no     ; no             ; no            ; yes             ; no       ; Off          ; 2.5 V        ; --                        ; Fitter               ;
; HSIZE2[0]   ; U17   ; 4        ; 88           ; 0            ; 14           ; 0                     ; 0                  ; no     ; no             ; no            ; yes             ; no       ; Off          ; 2.5 V        ; --                        ; Fitter               ;
; HSIZE2[1]   ; W22   ; 5        ; 94           ; 12           ; 0            ; 0                     ; 0                  ; no     ; no             ; no            ; yes             ; no       ; Off          ; 2.5 V        ; --                        ; Fitter               ;
; HSIZE2[2]   ; Y1    ; 2        ; 0            ; 15           ; 14           ; 0                     ; 0                  ; no     ; no             ; no            ; yes             ; no       ; Off          ; 2.5 V        ; --                        ; Fitter               ;
; HTRANS1[0]  ; AA12  ; 4        ; 49           ; 0            ; 7            ; 0                     ; 0                  ; no     ; no             ; no            ; yes             ; no       ; Off          ; 2.5 V        ; --                        ; Fitter               ;
; HTRANS1[1]  ; F19   ; 6        ; 94           ; 49           ; 0            ; 2                     ; 0                  ; no     ; no             ; no            ; yes             ; no       ; Off          ; 2.5 V        ; --                        ; Fitter               ;
; HTRANS2[0]  ; V5    ; 3        ; 1            ; 0            ; 14           ; 0                     ; 0                  ; no     ; no             ; no            ; yes             ; no       ; Off          ; 2.5 V        ; --                        ; Fitter               ;
; HTRANS2[1]  ; H18   ; 6        ; 94           ; 47           ; 0            ; 2                     ; 0                  ; no     ; no             ; no            ; yes             ; no       ; Off          ; 2.5 V        ; --                        ; Fitter               ;
; HWDATA1[0]  ; E11   ; 7        ; 49           ; 62           ; 14           ; 1                     ; 0                  ; no     ; no             ; no            ; yes             ; no       ; Off          ; 2.5 V        ; --                        ; Fitter               ;
; HWDATA1[10] ; K21   ; 6        ; 94           ; 38           ; 7            ; 1                     ; 0                  ; no     ; no             ; no            ; yes             ; no       ; Off          ; 2.5 V        ; --                        ; Fitter               ;
; HWDATA1[11] ; Y14   ; 4        ; 60           ; 0            ; 7            ; 1                     ; 0                  ; no     ; no             ; no            ; yes             ; no       ; Off          ; 2.5 V        ; --                        ; Fitter               ;
; HWDATA1[12] ; H1    ; 1        ; 0            ; 41           ; 0            ; 1                     ; 0                  ; no     ; no             ; no            ; yes             ; no       ; Off          ; 2.5 V        ; --                        ; Fitter               ;
; HWDATA1[13] ; M21   ; 5        ; 94           ; 30           ; 21           ; 1                     ; 0                  ; no     ; no             ; no            ; yes             ; no       ; Off          ; 2.5 V        ; --                        ; Fitter               ;
; HWDATA1[14] ; Y15   ; 4        ; 60           ; 0            ; 0            ; 1                     ; 0                  ; no     ; no             ; no            ; yes             ; no       ; Off          ; 2.5 V        ; --                        ; Fitter               ;
; HWDATA1[15] ; W14   ; 4        ; 62           ; 0            ; 0            ; 1                     ; 0                  ; no     ; no             ; no            ; yes             ; no       ; Off          ; 2.5 V        ; --                        ; Fitter               ;
; HWDATA1[16] ; W13   ; 4        ; 58           ; 0            ; 21           ; 1                     ; 0                  ; no     ; no             ; no            ; yes             ; no       ; Off          ; 2.5 V        ; --                        ; Fitter               ;
; HWDATA1[17] ; V15   ; 4        ; 69           ; 0            ; 0            ; 1                     ; 0                  ; no     ; no             ; no            ; yes             ; no       ; Off          ; 2.5 V        ; --                        ; Fitter               ;
; HWDATA1[18] ; AA9   ; 3        ; 38           ; 0            ; 7            ; 1                     ; 0                  ; no     ; no             ; no            ; yes             ; no       ; Off          ; 2.5 V        ; --                        ; Fitter               ;
; HWDATA1[19] ; V12   ; 4        ; 56           ; 0            ; 14           ; 1                     ; 0                  ; no     ; no             ; no            ; yes             ; no       ; Off          ; 2.5 V        ; --                        ; Fitter               ;
; HWDATA1[1]  ; C10   ; 8        ; 40           ; 62           ; 21           ; 1                     ; 0                  ; no     ; no             ; no            ; yes             ; no       ; Off          ; 2.5 V        ; --                        ; Fitter               ;
; HWDATA1[20] ; B7    ; 8        ; 34           ; 62           ; 7            ; 1                     ; 0                  ; no     ; no             ; no            ; yes             ; no       ; Off          ; 2.5 V        ; --                        ; Fitter               ;
; HWDATA1[21] ; C21   ; 6        ; 94           ; 53           ; 14           ; 1                     ; 0                  ; no     ; no             ; no            ; yes             ; no       ; Off          ; 2.5 V        ; --                        ; Fitter               ;
; HWDATA1[22] ; U12   ; 4        ; 60           ; 0            ; 21           ; 1                     ; 0                  ; no     ; no             ; no            ; yes             ; no       ; Off          ; 2.5 V        ; --                        ; Fitter               ;
; HWDATA1[23] ; D13   ; 7        ; 60           ; 62           ; 21           ; 1                     ; 0                  ; no     ; no             ; no            ; yes             ; no       ; Off          ; 2.5 V        ; --                        ; Fitter               ;
; HWDATA1[24] ; N1    ; 2        ; 0            ; 26           ; 14           ; 1                     ; 0                  ; no     ; no             ; no            ; yes             ; no       ; Off          ; 2.5 V        ; --                        ; Fitter               ;
; HWDATA1[25] ; AA13  ; 4        ; 51           ; 0            ; 7            ; 1                     ; 0                  ; no     ; no             ; no            ; yes             ; no       ; Off          ; 2.5 V        ; --                        ; Fitter               ;
; HWDATA1[26] ; J19   ; 6        ; 94           ; 44           ; 21           ; 1                     ; 0                  ; no     ; no             ; no            ; yes             ; no       ; Off          ; 2.5 V        ; --                        ; Fitter               ;
; HWDATA1[27] ; AB11  ; 3        ; 49           ; 0            ; 14           ; 1                     ; 0                  ; no     ; no             ; no            ; yes             ; no       ; Off          ; 2.5 V        ; --                        ; Fitter               ;
; HWDATA1[28] ; F11   ; 7        ; 49           ; 62           ; 21           ; 1                     ; 0                  ; no     ; no             ; no            ; yes             ; no       ; Off          ; 2.5 V        ; --                        ; Fitter               ;
; HWDATA1[29] ; B6    ; 8        ; 34           ; 62           ; 21           ; 1                     ; 0                  ; no     ; no             ; no            ; yes             ; no       ; Off          ; 2.5 V        ; --                        ; Fitter               ;
; HWDATA1[2]  ; F10   ; 8        ; 25           ; 62           ; 21           ; 1                     ; 0                  ; no     ; no             ; no            ; yes             ; no       ; Off          ; 2.5 V        ; --                        ; Fitter               ;
; HWDATA1[30] ; J3    ; 1        ; 0            ; 38           ; 0            ; 1                     ; 0                  ; no     ; no             ; no            ; yes             ; no       ; Off          ; 2.5 V        ; --                        ; Fitter               ;
; HWDATA1[31] ; B14   ; 7        ; 53           ; 62           ; 21           ; 1                     ; 0                  ; no     ; no             ; no            ; yes             ; no       ; Off          ; 2.5 V        ; --                        ; Fitter               ;
; HWDATA1[3]  ; A13   ; 7        ; 51           ; 62           ; 0            ; 1                     ; 0                  ; no     ; no             ; no            ; yes             ; no       ; Off          ; 2.5 V        ; --                        ; Fitter               ;
; HWDATA1[4]  ; W10   ; 3        ; 45           ; 0            ; 0            ; 1                     ; 0                  ; no     ; no             ; no            ; yes             ; no       ; Off          ; 2.5 V        ; --                        ; Fitter               ;
; HWDATA1[5]  ; AB13  ; 4        ; 51           ; 0            ; 0            ; 1                     ; 0                  ; no     ; no             ; no            ; yes             ; no       ; Off          ; 2.5 V        ; --                        ; Fitter               ;
; HWDATA1[6]  ; E3    ; 1        ; 0            ; 56           ; 21           ; 1                     ; 0                  ; no     ; no             ; no            ; yes             ; no       ; Off          ; 2.5 V        ; --                        ; Fitter               ;
; HWDATA1[7]  ; A14   ; 7        ; 53           ; 62           ; 14           ; 1                     ; 0                  ; no     ; no             ; no            ; yes             ; no       ; Off          ; 2.5 V        ; --                        ; Fitter               ;
; HWDATA1[8]  ; A9    ; 8        ; 43           ; 62           ; 0            ; 1                     ; 0                  ; no     ; no             ; no            ; yes             ; no       ; Off          ; 2.5 V        ; --                        ; Fitter               ;
; HWDATA1[9]  ; R19   ; 5        ; 94           ; 19           ; 7            ; 1                     ; 0                  ; no     ; no             ; no            ; yes             ; no       ; Off          ; 2.5 V        ; --                        ; Fitter               ;
; HWDATA2[0]  ; N2    ; 2        ; 0            ; 26           ; 7            ; 1                     ; 0                  ; no     ; no             ; no            ; yes             ; no       ; Off          ; 2.5 V        ; --                        ; Fitter               ;
; HWDATA2[10] ; N18   ; 5        ; 94           ; 27           ; 21           ; 1                     ; 0                  ; no     ; no             ; no            ; yes             ; no       ; Off          ; 2.5 V        ; --                        ; Fitter               ;
; HWDATA2[11] ; U21   ; 5        ; 94           ; 18           ; 7            ; 1                     ; 0                  ; no     ; no             ; no            ; yes             ; no       ; Off          ; 2.5 V        ; --                        ; Fitter               ;
; HWDATA2[12] ; AA15  ; 4        ; 58           ; 0            ; 7            ; 1                     ; 0                  ; no     ; no             ; no            ; yes             ; no       ; Off          ; 2.5 V        ; --                        ; Fitter               ;
; HWDATA2[13] ; M3    ; 2        ; 0            ; 26           ; 0            ; 1                     ; 0                  ; no     ; no             ; no            ; yes             ; no       ; Off          ; 2.5 V        ; --                        ; Fitter               ;
; HWDATA2[14] ; F22   ; 6        ; 94           ; 42           ; 0            ; 1                     ; 0                  ; no     ; no             ; no            ; yes             ; no       ; Off          ; 2.5 V        ; --                        ; Fitter               ;
; HWDATA2[15] ; V13   ; 4        ; 62           ; 0            ; 7            ; 1                     ; 0                  ; no     ; no             ; no            ; yes             ; no       ; Off          ; 2.5 V        ; --                        ; Fitter               ;
; HWDATA2[16] ; B8    ; 8        ; 36           ; 62           ; 7            ; 1                     ; 0                  ; no     ; no             ; no            ; yes             ; no       ; Off          ; 2.5 V        ; --                        ; Fitter               ;
; HWDATA2[17] ; B15   ; 7        ; 60           ; 62           ; 7            ; 1                     ; 0                  ; no     ; no             ; no            ; yes             ; no       ; Off          ; 2.5 V        ; --                        ; Fitter               ;
; HWDATA2[18] ; AB15  ; 4        ; 58           ; 0            ; 0            ; 1                     ; 0                  ; no     ; no             ; no            ; yes             ; no       ; Off          ; 2.5 V        ; --                        ; Fitter               ;
; HWDATA2[19] ; H5    ; 1        ; 0            ; 46           ; 0            ; 1                     ; 0                  ; no     ; no             ; no            ; yes             ; no       ; Off          ; 2.5 V        ; --                        ; Fitter               ;
; HWDATA2[1]  ; A5    ; 8        ; 27           ; 62           ; 21           ; 1                     ; 0                  ; no     ; no             ; no            ; yes             ; no       ; Off          ; 2.5 V        ; --                        ; Fitter               ;
; HWDATA2[20] ; T20   ; 5        ; 94           ; 13           ; 0            ; 1                     ; 0                  ; no     ; no             ; no            ; yes             ; no       ; Off          ; 2.5 V        ; --                        ; Fitter               ;
; HWDATA2[21] ; AA14  ; 4        ; 53           ; 0            ; 0            ; 1                     ; 0                  ; no     ; no             ; no            ; yes             ; no       ; Off          ; 2.5 V        ; --                        ; Fitter               ;
; HWDATA2[22] ; AA16  ; 4        ; 62           ; 0            ; 21           ; 1                     ; 0                  ; no     ; no             ; no            ; yes             ; no       ; Off          ; 2.5 V        ; --                        ; Fitter               ;
; HWDATA2[23] ; D21   ; 6        ; 94           ; 49           ; 14           ; 1                     ; 0                  ; no     ; no             ; no            ; yes             ; no       ; Off          ; 2.5 V        ; --                        ; Fitter               ;
; HWDATA2[24] ; Y13   ; 4        ; 58           ; 0            ; 14           ; 1                     ; 0                  ; no     ; no             ; no            ; yes             ; no       ; Off          ; 2.5 V        ; --                        ; Fitter               ;
; HWDATA2[25] ; A8    ; 8        ; 36           ; 62           ; 0            ; 1                     ; 0                  ; no     ; no             ; no            ; yes             ; no       ; Off          ; 2.5 V        ; --                        ; Fitter               ;
; HWDATA2[26] ; J5    ; 1        ; 0            ; 47           ; 7            ; 1                     ; 0                  ; no     ; no             ; no            ; yes             ; no       ; Off          ; 2.5 V        ; --                        ; Fitter               ;
; HWDATA2[27] ; AA11  ; 3        ; 49           ; 0            ; 21           ; 1                     ; 0                  ; no     ; no             ; no            ; yes             ; no       ; Off          ; 2.5 V        ; --                        ; Fitter               ;
; HWDATA2[28] ; D8    ; 8        ; 27           ; 62           ; 0            ; 1                     ; 0                  ; no     ; no             ; no            ; yes             ; no       ; Off          ; 2.5 V        ; --                        ; Fitter               ;
; HWDATA2[29] ; J2    ; 1        ; 0            ; 38           ; 21           ; 1                     ; 0                  ; no     ; no             ; no            ; yes             ; no       ; Off          ; 2.5 V        ; --                        ; Fitter               ;
; HWDATA2[2]  ; E12   ; 7        ; 49           ; 62           ; 0            ; 1                     ; 0                  ; no     ; no             ; no            ; yes             ; no       ; Off          ; 2.5 V        ; --                        ; Fitter               ;
; HWDATA2[30] ; M22   ; 5        ; 94           ; 28           ; 14           ; 1                     ; 0                  ; no     ; no             ; no            ; yes             ; no       ; Off          ; 2.5 V        ; --                        ; Fitter               ;
; HWDATA2[31] ; E13   ; 7        ; 53           ; 62           ; 7            ; 1                     ; 0                  ; no     ; no             ; no            ; yes             ; no       ; Off          ; 2.5 V        ; --                        ; Fitter               ;
; HWDATA2[3]  ; U11   ; 3        ; 45           ; 0            ; 14           ; 1                     ; 0                  ; no     ; no             ; no            ; yes             ; no       ; Off          ; 2.5 V        ; --                        ; Fitter               ;
; HWDATA2[4]  ; E8    ; 8        ; 27           ; 62           ; 7            ; 1                     ; 0                  ; no     ; no             ; no            ; yes             ; no       ; Off          ; 2.5 V        ; --                        ; Fitter               ;
; HWDATA2[5]  ; V11   ; 3        ; 45           ; 0            ; 7            ; 1                     ; 0                  ; no     ; no             ; no            ; yes             ; no       ; Off          ; 2.5 V        ; --                        ; Fitter               ;
; HWDATA2[6]  ; B13   ; 7        ; 51           ; 62           ; 7            ; 1                     ; 0                  ; no     ; no             ; no            ; yes             ; no       ; Off          ; 2.5 V        ; --                        ; Fitter               ;
; HWDATA2[7]  ; A10   ; 8        ; 45           ; 62           ; 14           ; 1                     ; 0                  ; no     ; no             ; no            ; yes             ; no       ; Off          ; 2.5 V        ; --                        ; Fitter               ;
; HWDATA2[8]  ; M5    ; 2        ; 0            ; 25           ; 14           ; 1                     ; 0                  ; no     ; no             ; no            ; yes             ; no       ; Off          ; 2.5 V        ; --                        ; Fitter               ;
; HWDATA2[9]  ; H2    ; 1        ; 0            ; 42           ; 7            ; 1                     ; 0                  ; no     ; no             ; no            ; yes             ; no       ; Off          ; 2.5 V        ; --                        ; Fitter               ;
; HWRITE1     ; W15   ; 4        ; 71           ; 0            ; 21           ; 1                     ; 0                  ; no     ; no             ; no            ; yes             ; no       ; Off          ; 2.5 V        ; --                        ; Fitter               ;
; HWRITE2     ; E14   ; 7        ; 62           ; 62           ; 14           ; 1                     ; 0                  ; no     ; no             ; no            ; yes             ; no       ; Off          ; 2.5 V        ; --                        ; Fitter               ;
+-------------+-------+----------+--------------+--------------+--------------+-----------------------+--------------------+--------+----------------+---------------+-----------------+----------+--------------+--------------+---------------------------+----------------------+


+-------------------------------------------------------------------------------------------------------------------------------------------------------------------------------------------------------------------------------------------------------------------------------------------------------------------------------------------------------------------------------------------------------------------------------------------------------------------+
; Output Pins                                                                                                                                                                                                                                                                                                                                                                                                                                                       ;
+------------------+-------+----------+--------------+--------------+--------------+-----------------+------------------------+---------------+-----------+-----------------+------------+---------------+----------+--------------+--------------+------------------+-----------------------------------+---------------------------+----------------------------+-----------------------------+----------------------+----------------------+---------------------+
; Name             ; Pin # ; I/O Bank ; X coordinate ; Y coordinate ; Z coordinate ; Output Register ; Output Enable Register ; Power Up High ; Slew Rate ; PCI I/O Enabled ; Open Drain ; TRI Primitive ; Bus Hold ; Weak Pull Up ; I/O Standard ; Current Strength ; Termination                       ; Termination Control Block ; Output Buffer Pre-emphasis ; Voltage Output Differential ; Location assigned by ; Output Enable Source ; Output Enable Group ;
+------------------+-------+----------+--------------+--------------+--------------+-----------------+------------------------+---------------+-----------+-----------------+------------+---------------+----------+--------------+--------------+------------------+-----------------------------------+---------------------------+----------------------------+-----------------------------+----------------------+----------------------+---------------------+
; ARBITER_MODE_OUT ; E4    ; 1        ; 0            ; 56           ; 14           ; no              ; no                     ; no            ; 2         ; no              ; no         ; no            ; no       ; Off          ; 2.5 V        ; Default          ; Series 50 Ohm without Calibration ; --                        ; no                         ; no                          ; Fitter               ; -                    ; -                   ;
; GPIO_OUT[0]      ; B9    ; 8        ; 43           ; 62           ; 7            ; no              ; no                     ; no            ; 2         ; no              ; no         ; no            ; no       ; Off          ; 2.5 V        ; Default          ; Series 50 Ohm without Calibration ; --                        ; no                         ; no                          ; Fitter               ; -                    ; -                   ;
; GPIO_OUT[1]      ; P2    ; 2        ; 0            ; 24           ; 0            ; no              ; no                     ; no            ; 2         ; no              ; no         ; no            ; no       ; Off          ; 2.5 V        ; Default          ; Series 50 Ohm without Calibration ; --                        ; no                         ; no                          ; Fitter               ; -                    ; -                   ;
; GPIO_OUT[2]      ; U10   ; 3        ; 34           ; 0            ; 0            ; no              ; no                     ; no            ; 2         ; no              ; no         ; no            ; no       ; Off          ; 2.5 V        ; Default          ; Series 50 Ohm without Calibration ; --                        ; no                         ; no                          ; Fitter               ; -                    ; -                   ;
; GPIO_OUT[3]      ; J22   ; 6        ; 94           ; 38           ; 0            ; no              ; no                     ; no            ; 2         ; no              ; no         ; no            ; no       ; Off          ; 2.5 V        ; Default          ; Series 50 Ohm without Calibration ; --                        ; no                         ; no                          ; Fitter               ; -                    ; -                   ;
; GPIO_OUT[4]      ; C8    ; 8        ; 29           ; 62           ; 0            ; no              ; no                     ; no            ; 2         ; no              ; no         ; no            ; no       ; Off          ; 2.5 V        ; Default          ; Series 50 Ohm without Calibration ; --                        ; no                         ; no                          ; Fitter               ; -                    ; -                   ;
; GPIO_OUT[5]      ; M4    ; 2        ; 0            ; 28           ; 14           ; no              ; no                     ; no            ; 2         ; no              ; no         ; no            ; no       ; Off          ; 2.5 V        ; Default          ; Series 50 Ohm without Calibration ; --                        ; no                         ; no                          ; Fitter               ; -                    ; -                   ;
; GPIO_OUT[6]      ; AB10  ; 3        ; 47           ; 0            ; 0            ; no              ; no                     ; no            ; 2         ; no              ; no         ; no            ; no       ; Off          ; 2.5 V        ; Default          ; Series 50 Ohm without Calibration ; --                        ; no                         ; no                          ; Fitter               ; -                    ; -                   ;
; GPIO_OUT[7]      ; AA10  ; 3        ; 47           ; 0            ; 7            ; no              ; no                     ; no            ; 2         ; no              ; no         ; no            ; no       ; Off          ; 2.5 V        ; Default          ; Series 50 Ohm without Calibration ; --                        ; no                         ; no                          ; Fitter               ; -                    ; -                   ;
; HGRANT1          ; H20   ; 6        ; 94           ; 45           ; 7            ; no              ; no                     ; no            ; 2         ; no              ; no         ; no            ; no       ; Off          ; 2.5 V        ; Default          ; Series 50 Ohm without Calibration ; --                        ; no                         ; no                          ; Fitter               ; -                    ; -                   ;
; HGRANT2          ; B16   ; 7        ; 67           ; 62           ; 14           ; no              ; no                     ; no            ; 2         ; no              ; no         ; no            ; no       ; Off          ; 2.5 V        ; Default          ; Series 50 Ohm without Calibration ; --                        ; no                         ; no                          ; Fitter               ; -                    ; -                   ;
; HRDATA1[0]       ; A3    ; 8        ; 18           ; 62           ; 0            ; no              ; no                     ; no            ; 2         ; no              ; no         ; no            ; no       ; Off          ; 2.5 V        ; Default          ; Series 50 Ohm without Calibration ; --                        ; no                         ; no                          ; Fitter               ; -                    ; -                   ;
; HRDATA1[10]      ; P3    ; 2        ; 0            ; 21           ; 7            ; no              ; no                     ; no            ; 2         ; no              ; no         ; no            ; no       ; Off          ; 2.5 V        ; Default          ; Series 50 Ohm without Calibration ; --                        ; no                         ; no                          ; Fitter               ; -                    ; -                   ;
; HRDATA1[11]      ; F8    ; 8        ; 20           ; 62           ; 0            ; no              ; no                     ; no            ; 2         ; no              ; no         ; no            ; no       ; Off          ; 2.5 V        ; Default          ; Series 50 Ohm without Calibration ; --                        ; no                         ; no                          ; Fitter               ; -                    ; -                   ;
; HRDATA1[12]      ; D7    ; 8        ; 23           ; 62           ; 7            ; no              ; no                     ; no            ; 2         ; no              ; no         ; no            ; no       ; Off          ; 2.5 V        ; Default          ; Series 50 Ohm without Calibration ; --                        ; no                         ; no                          ; Fitter               ; -                    ; -                   ;
; HRDATA1[13]      ; C7    ; 8        ; 29           ; 62           ; 7            ; no              ; no                     ; no            ; 2         ; no              ; no         ; no            ; no       ; Off          ; 2.5 V        ; Default          ; Series 50 Ohm without Calibration ; --                        ; no                         ; no                          ; Fitter               ; -                    ; -                   ;
; HRDATA1[14]      ; W17   ; 4        ; 78           ; 0            ; 7            ; no              ; no                     ; no            ; 2         ; no              ; no         ; no            ; no       ; Off          ; 2.5 V        ; Default          ; Series 50 Ohm without Calibration ; --                        ; no                         ; no                          ; Fitter               ; -                    ; -                   ;
; HRDATA1[15]      ; B4    ; 8        ; 23           ; 62           ; 21           ; no              ; no                     ; no            ; 2         ; no              ; no         ; no            ; no       ; Off          ; 2.5 V        ; Default          ; Series 50 Ohm without Calibration ; --                        ; no                         ; no                          ; Fitter               ; -                    ; -                   ;
; HRDATA1[16]      ; A7    ; 8        ; 34           ; 62           ; 0            ; no              ; no                     ; no            ; 2         ; no              ; no         ; no            ; no       ; Off          ; 2.5 V        ; Default          ; Series 50 Ohm without Calibration ; --                        ; no                         ; no                          ; Fitter               ; -                    ; -                   ;
; HRDATA1[17]      ; J6    ; 1        ; 0            ; 52           ; 21           ; no              ; no                     ; no            ; 2         ; no              ; no         ; no            ; no       ; Off          ; 2.5 V        ; Default          ; Series 50 Ohm without Calibration ; --                        ; no                         ; no                          ; Fitter               ; -                    ; -                   ;
; HRDATA1[18]      ; AB6   ; 3        ; 11           ; 0            ; 21           ; no              ; no                     ; no            ; 2         ; no              ; no         ; no            ; no       ; Off          ; 2.5 V        ; Default          ; Series 50 Ohm without Calibration ; --                        ; no                         ; no                          ; Fitter               ; -                    ; -                   ;
; HRDATA1[19]      ; H3    ; 1        ; 0            ; 50           ; 7            ; no              ; no                     ; no            ; 2         ; no              ; no         ; no            ; no       ; Off          ; 2.5 V        ; Default          ; Series 50 Ohm without Calibration ; --                        ; no                         ; no                          ; Fitter               ; -                    ; -                   ;
; HRDATA1[1]       ; AB7   ; 3        ; 20           ; 0            ; 7            ; no              ; no                     ; no            ; 2         ; no              ; no         ; no            ; no       ; Off          ; 2.5 V        ; Default          ; Series 50 Ohm without Calibration ; --                        ; no                         ; no                          ; Fitter               ; -                    ; -                   ;
; HRDATA1[20]      ; R22   ; 5        ; 94           ; 21           ; 21           ; no              ; no                     ; no            ; 2         ; no              ; no         ; no            ; no       ; Off          ; 2.5 V        ; Default          ; Series 50 Ohm without Calibration ; --                        ; no                         ; no                          ; Fitter               ; -                    ; -                   ;
; HRDATA1[21]      ; U16   ; 4        ; 88           ; 0            ; 21           ; no              ; no                     ; no            ; 2         ; no              ; no         ; no            ; no       ; Off          ; 2.5 V        ; Default          ; Series 50 Ohm without Calibration ; --                        ; no                         ; no                          ; Fitter               ; -                    ; -                   ;
; HRDATA1[22]      ; U2    ; 2        ; 0            ; 20           ; 0            ; no              ; no                     ; no            ; 2         ; no              ; no         ; no            ; no       ; Off          ; 2.5 V        ; Default          ; Series 50 Ohm without Calibration ; --                        ; no                         ; no                          ; Fitter               ; -                    ; -                   ;
; HRDATA1[23]      ; U9    ; 3        ; 13           ; 0            ; 21           ; no              ; no                     ; no            ; 2         ; no              ; no         ; no            ; no       ; Off          ; 2.5 V        ; Default          ; Series 50 Ohm without Calibration ; --                        ; no                         ; no                          ; Fitter               ; -                    ; -                   ;
; HRDATA1[24]      ; B2    ; 1        ; 0            ; 57           ; 0            ; no              ; no                     ; no            ; 2         ; no              ; no         ; no            ; no       ; Off          ; 2.5 V        ; Default          ; Series 50 Ohm without Calibration ; --                        ; no                         ; no                          ; Fitter               ; -                    ; -                   ;
; HRDATA1[25]      ; V2    ; 2        ; 0            ; 19           ; 0            ; no              ; no                     ; no            ; 2         ; no              ; no         ; no            ; no       ; Off          ; 2.5 V        ; Default          ; Series 50 Ohm without Calibration ; --                        ; no                         ; no                          ; Fitter               ; -                    ; -                   ;
; HRDATA1[26]      ; AB17  ; 4        ; 73           ; 0            ; 7            ; no              ; no                     ; no            ; 2         ; no              ; no         ; no            ; no       ; Off          ; 2.5 V        ; Default          ; Series 50 Ohm without Calibration ; --                        ; no                         ; no                          ; Fitter               ; -                    ; -                   ;
; HRDATA1[27]      ; U15   ; 4        ; 69           ; 0            ; 7            ; no              ; no                     ; no            ; 2         ; no              ; no         ; no            ; no       ; Off          ; 2.5 V        ; Default          ; Series 50 Ohm without Calibration ; --                        ; no                         ; no                          ; Fitter               ; -                    ; -                   ;
; HRDATA1[28]      ; B3    ; 8        ; 18           ; 62           ; 7            ; no              ; no                     ; no            ; 2         ; no              ; no         ; no            ; no       ; Off          ; 2.5 V        ; Default          ; Series 50 Ohm without Calibration ; --                        ; no                         ; no                          ; Fitter               ; -                    ; -                   ;
; HRDATA1[29]      ; H6    ; 1        ; 0            ; 52           ; 14           ; no              ; no                     ; no            ; 2         ; no              ; no         ; no            ; no       ; Off          ; 2.5 V        ; Default          ; Series 50 Ohm without Calibration ; --                        ; no                         ; no                          ; Fitter               ; -                    ; -                   ;
; HRDATA1[2]       ; G7    ; 8        ; 5            ; 62           ; 7            ; no              ; no                     ; no            ; 2         ; no              ; no         ; no            ; no       ; Off          ; 2.5 V        ; Default          ; Series 50 Ohm without Calibration ; --                        ; no                         ; no                          ; Fitter               ; -                    ; -                   ;
; HRDATA1[30]      ; AB18  ; 4        ; 73           ; 0            ; 21           ; no              ; no                     ; no            ; 2         ; no              ; no         ; no            ; no       ; Off          ; 2.5 V        ; Default          ; Series 50 Ohm without Calibration ; --                        ; no                         ; no                          ; Fitter               ; -                    ; -                   ;
; HRDATA1[31]      ; N5    ; 2        ; 0            ; 22           ; 7            ; no              ; no                     ; no            ; 2         ; no              ; no         ; no            ; no       ; Off          ; 2.5 V        ; Default          ; Series 50 Ohm without Calibration ; --                        ; no                         ; no                          ; Fitter               ; -                    ; -                   ;
; HRDATA1[3]       ; R18   ; 5        ; 94           ; 18           ; 0            ; no              ; no                     ; no            ; 2         ; no              ; no         ; no            ; no       ; Off          ; 2.5 V        ; Default          ; Series 50 Ohm without Calibration ; --                        ; no                         ; no                          ; Fitter               ; -                    ; -                   ;
; HRDATA1[4]       ; AA8   ; 3        ; 36           ; 0            ; 7            ; no              ; no                     ; no            ; 2         ; no              ; no         ; no            ; no       ; Off          ; 2.5 V        ; Default          ; Series 50 Ohm without Calibration ; --                        ; no                         ; no                          ; Fitter               ; -                    ; -                   ;
; HRDATA1[5]       ; G3    ; 1        ; 0            ; 58           ; 7            ; no              ; no                     ; no            ; 2         ; no              ; no         ; no            ; no       ; Off          ; 2.5 V        ; Default          ; Series 50 Ohm without Calibration ; --                        ; no                         ; no                          ; Fitter               ; -                    ; -                   ;
; HRDATA1[6]       ; D2    ; 1        ; 0            ; 54           ; 7            ; no              ; no                     ; no            ; 2         ; no              ; no         ; no            ; no       ; Off          ; 2.5 V        ; Default          ; Series 50 Ohm without Calibration ; --                        ; no                         ; no                          ; Fitter               ; -                    ; -                   ;
; HRDATA1[7]       ; V9    ; 3        ; 31           ; 0            ; 14           ; no              ; no                     ; no            ; 2         ; no              ; no         ; no            ; no       ; Off          ; 2.5 V        ; Default          ; Series 50 Ohm without Calibration ; --                        ; no                         ; no                          ; Fitter               ; -                    ; -                   ;
; HRDATA1[8]       ; AB9   ; 3        ; 38           ; 0            ; 0            ; no              ; no                     ; no            ; 2         ; no              ; no         ; no            ; no       ; Off          ; 2.5 V        ; Default          ; Series 50 Ohm without Calibration ; --                        ; no                         ; no                          ; Fitter               ; -                    ; -                   ;
; HRDATA1[9]       ; E6    ; 8        ; 3            ; 62           ; 14           ; no              ; no                     ; no            ; 2         ; no              ; no         ; no            ; no       ; Off          ; 2.5 V        ; Default          ; Series 50 Ohm without Calibration ; --                        ; no                         ; no                          ; Fitter               ; -                    ; -                   ;
; HRDATA2[0]       ; D6    ; 8        ; 18           ; 62           ; 21           ; no              ; no                     ; no            ; 2         ; no              ; no         ; no            ; no       ; Off          ; 2.5 V        ; Default          ; Series 50 Ohm without Calibration ; --                        ; no                         ; no                          ; Fitter               ; -                    ; -                   ;
; HRDATA2[10]      ; P1    ; 2        ; 0            ; 24           ; 7            ; no              ; no                     ; no            ; 2         ; no              ; no         ; no            ; no       ; Off          ; 2.5 V        ; Default          ; Series 50 Ohm without Calibration ; --                        ; no                         ; no                          ; Fitter               ; -                    ; -                   ;
; HRDATA2[11]      ; C6    ; 8        ; 23           ; 62           ; 0            ; no              ; no                     ; no            ; 2         ; no              ; no         ; no            ; no       ; Off          ; 2.5 V        ; Default          ; Series 50 Ohm without Calibration ; --                        ; no                         ; no                          ; Fitter               ; -                    ; -                   ;
; HRDATA2[12]      ; B5    ; 8        ; 25           ; 62           ; 0            ; no              ; no                     ; no            ; 2         ; no              ; no         ; no            ; no       ; Off          ; 2.5 V        ; Default          ; Series 50 Ohm without Calibration ; --                        ; no                         ; no                          ; Fitter               ; -                    ; -                   ;
; HRDATA2[13]      ; E9    ; 8        ; 31           ; 62           ; 14           ; no              ; no                     ; no            ; 2         ; no              ; no         ; no            ; no       ; Off          ; 2.5 V        ; Default          ; Series 50 Ohm without Calibration ; --                        ; no                         ; no                          ; Fitter               ; -                    ; -                   ;
; HRDATA2[14]      ; AA19  ; 4        ; 76           ; 0            ; 7            ; no              ; no                     ; no            ; 2         ; no              ; no         ; no            ; no       ; Off          ; 2.5 V        ; Default          ; Series 50 Ohm without Calibration ; --                        ; no                         ; no                          ; Fitter               ; -                    ; -                   ;
; HRDATA2[15]      ; E7    ; 8        ; 16           ; 62           ; 0            ; no              ; no                     ; no            ; 2         ; no              ; no         ; no            ; no       ; Off          ; 2.5 V        ; Default          ; Series 50 Ohm without Calibration ; --                        ; no                         ; no                          ; Fitter               ; -                    ; -                   ;
; HRDATA2[16]      ; A6    ; 8        ; 34           ; 62           ; 14           ; no              ; no                     ; no            ; 2         ; no              ; no         ; no            ; no       ; Off          ; 2.5 V        ; Default          ; Series 50 Ohm without Calibration ; --                        ; no                         ; no                          ; Fitter               ; -                    ; -                   ;
; HRDATA2[17]      ; F2    ; 1        ; 0            ; 48           ; 7            ; no              ; no                     ; no            ; 2         ; no              ; no         ; no            ; no       ; Off          ; 2.5 V        ; Default          ; Series 50 Ohm without Calibration ; --                        ; no                         ; no                          ; Fitter               ; -                    ; -                   ;
; HRDATA2[18]      ; AB5   ; 3        ; 11           ; 0            ; 14           ; no              ; no                     ; no            ; 2         ; no              ; no         ; no            ; no       ; Off          ; 2.5 V        ; Default          ; Series 50 Ohm without Calibration ; --                        ; no                         ; no                          ; Fitter               ; -                    ; -                   ;
; HRDATA2[19]      ; H4    ; 1        ; 0            ; 50           ; 0            ; no              ; no                     ; no            ; 2         ; no              ; no         ; no            ; no       ; Off          ; 2.5 V        ; Default          ; Series 50 Ohm without Calibration ; --                        ; no                         ; no                          ; Fitter               ; -                    ; -                   ;
; HRDATA2[1]       ; W7    ; 3        ; 11           ; 0            ; 7            ; no              ; no                     ; no            ; 2         ; no              ; no         ; no            ; no       ; Off          ; 2.5 V        ; Default          ; Series 50 Ohm without Calibration ; --                        ; no                         ; no                          ; Fitter               ; -                    ; -                   ;
; HRDATA2[20]      ; P20   ; 5        ; 94           ; 21           ; 0            ; no              ; no                     ; no            ; 2         ; no              ; no         ; no            ; no       ; Off          ; 2.5 V        ; Default          ; Series 50 Ohm without Calibration ; --                        ; no                         ; no                          ; Fitter               ; -                    ; -                   ;
; HRDATA2[21]      ; R14   ; 4        ; 92           ; 0            ; 7            ; no              ; no                     ; no            ; 2         ; no              ; no         ; no            ; no       ; Off          ; 2.5 V        ; Default          ; Series 50 Ohm without Calibration ; --                        ; no                         ; no                          ; Fitter               ; -                    ; -                   ;
; HRDATA2[22]      ; U1    ; 2        ; 0            ; 20           ; 7            ; no              ; no                     ; no            ; 2         ; no              ; no         ; no            ; no       ; Off          ; 2.5 V        ; Default          ; Series 50 Ohm without Calibration ; --                        ; no                         ; no                          ; Fitter               ; -                    ; -                   ;
; HRDATA2[23]      ; V8    ; 3        ; 13           ; 0            ; 14           ; no              ; no                     ; no            ; 2         ; no              ; no         ; no            ; no       ; Off          ; 2.5 V        ; Default          ; Series 50 Ohm without Calibration ; --                        ; no                         ; no                          ; Fitter               ; -                    ; -                   ;
; HRDATA2[24]      ; F9    ; 8        ; 3            ; 62           ; 0            ; no              ; no                     ; no            ; 2         ; no              ; no         ; no            ; no       ; Off          ; 2.5 V        ; Default          ; Series 50 Ohm without Calibration ; --                        ; no                         ; no                          ; Fitter               ; -                    ; -                   ;
; HRDATA2[25]      ; P4    ; 2        ; 0            ; 21           ; 0            ; no              ; no                     ; no            ; 2         ; no              ; no         ; no            ; no       ; Off          ; 2.5 V        ; Default          ; Series 50 Ohm without Calibration ; --                        ; no                         ; no                          ; Fitter               ; -                    ; -                   ;
; HRDATA2[26]      ; AA18  ; 4        ; 73           ; 0            ; 0            ; no              ; no                     ; no            ; 2         ; no              ; no         ; no            ; no       ; Off          ; 2.5 V        ; Default          ; Series 50 Ohm without Calibration ; --                        ; no                         ; no                          ; Fitter               ; -                    ; -                   ;
; HRDATA2[27]      ; AB16  ; 4        ; 62           ; 0            ; 14           ; no              ; no                     ; no            ; 2         ; no              ; no         ; no            ; no       ; Off          ; 2.5 V        ; Default          ; Series 50 Ohm without Calibration ; --                        ; no                         ; no                          ; Fitter               ; -                    ; -                   ;
; HRDATA2[28]      ; F7    ; 8        ; 5            ; 62           ; 0            ; no              ; no                     ; no            ; 2         ; no              ; no         ; no            ; no       ; Off          ; 2.5 V        ; Default          ; Series 50 Ohm without Calibration ; --                        ; no                         ; no                          ; Fitter               ; -                    ; -                   ;
; HRDATA2[29]      ; C1    ; 1        ; 0            ; 55           ; 21           ; no              ; no                     ; no            ; 2         ; no              ; no         ; no            ; no       ; Off          ; 2.5 V        ; Default          ; Series 50 Ohm without Calibration ; --                        ; no                         ; no                          ; Fitter               ; -                    ; -                   ;
; HRDATA2[2]       ; C3    ; 8        ; 7            ; 62           ; 0            ; no              ; no                     ; no            ; 2         ; no              ; no         ; no            ; no       ; Off          ; 2.5 V        ; Default          ; Series 50 Ohm without Calibration ; --                        ; no                         ; no                          ; Fitter               ; -                    ; -                   ;
; HRDATA2[30]      ; AB19  ; 4        ; 76           ; 0            ; 0            ; no              ; no                     ; no            ; 2         ; no              ; no         ; no            ; no       ; Off          ; 2.5 V        ; Default          ; Series 50 Ohm without Calibration ; --                        ; no                         ; no                          ; Fitter               ; -                    ; -                   ;
; HRDATA2[31]      ; M1    ; 2        ; 0            ; 28           ; 7            ; no              ; no                     ; no            ; 2         ; no              ; no         ; no            ; no       ; Off          ; 2.5 V        ; Default          ; Series 50 Ohm without Calibration ; --                        ; no                         ; no                          ; Fitter               ; -                    ; -                   ;
; HRDATA2[3]       ; V21   ; 5        ; 94           ; 16           ; 7            ; no              ; no                     ; no            ; 2         ; no              ; no         ; no            ; no       ; Off          ; 2.5 V        ; Default          ; Series 50 Ohm without Calibration ; --                        ; no                         ; no                          ; Fitter               ; -                    ; -                   ;
; HRDATA2[4]       ; AA7   ; 3        ; 18           ; 0            ; 0            ; no              ; no                     ; no            ; 2         ; no              ; no         ; no            ; no       ; Off          ; 2.5 V        ; Default          ; Series 50 Ohm without Calibration ; --                        ; no                         ; no                          ; Fitter               ; -                    ; -                   ;
; HRDATA2[5]       ; E5    ; 8        ; 3            ; 62           ; 21           ; no              ; no                     ; no            ; 2         ; no              ; no         ; no            ; no       ; Off          ; 2.5 V        ; Default          ; Series 50 Ohm without Calibration ; --                        ; no                         ; no                          ; Fitter               ; -                    ; -                   ;
; HRDATA2[6]       ; H7    ; 1        ; 0            ; 54           ; 21           ; no              ; no                     ; no            ; 2         ; no              ; no         ; no            ; no       ; Off          ; 2.5 V        ; Default          ; Series 50 Ohm without Calibration ; --                        ; no                         ; no                          ; Fitter               ; -                    ; -                   ;
; HRDATA2[7]       ; V10   ; 3        ; 31           ; 0            ; 7            ; no              ; no                     ; no            ; 2         ; no              ; no         ; no            ; no       ; Off          ; 2.5 V        ; Default          ; Series 50 Ohm without Calibration ; --                        ; no                         ; no                          ; Fitter               ; -                    ; -                   ;
; HRDATA2[8]       ; AB8   ; 3        ; 36           ; 0            ; 0            ; no              ; no                     ; no            ; 2         ; no              ; no         ; no            ; no       ; Off          ; 2.5 V        ; Default          ; Series 50 Ohm without Calibration ; --                        ; no                         ; no                          ; Fitter               ; -                    ; -                   ;
; HRDATA2[9]       ; C4    ; 8        ; 7            ; 62           ; 7            ; no              ; no                     ; no            ; 2         ; no              ; no         ; no            ; no       ; Off          ; 2.5 V        ; Default          ; Series 50 Ohm without Calibration ; --                        ; no                         ; no                          ; Fitter               ; -                    ; -                   ;
; HREADY1          ; D17   ; 7        ; 88           ; 62           ; 21           ; no              ; no                     ; no            ; 2         ; no              ; no         ; no            ; no       ; Off          ; 2.5 V        ; Default          ; Series 50 Ohm without Calibration ; --                        ; no                         ; no                          ; Fitter               ; -                    ; -                   ;
; HREADY2          ; D18   ; 7        ; 88           ; 62           ; 14           ; no              ; no                     ; no            ; 2         ; no              ; no         ; no            ; no       ; Off          ; 2.5 V        ; Default          ; Series 50 Ohm without Calibration ; --                        ; no                         ; no                          ; Fitter               ; -                    ; -                   ;
; HRESP1[0]        ; T19   ; 5        ; 94           ; 14           ; 7            ; no              ; no                     ; no            ; 2         ; no              ; no         ; no            ; no       ; Off          ; 2.5 V        ; Default          ; Series 50 Ohm without Calibration ; --                        ; no                         ; no                          ; Fitter               ; -                    ; -                   ;
; HRESP1[1]        ; AA3   ; 3        ; 5            ; 0            ; 7            ; no              ; no                     ; no            ; 2         ; no              ; no         ; no            ; no       ; Off          ; 2.5 V        ; Default          ; Series 50 Ohm without Calibration ; --                        ; no                         ; no                          ; Fitter               ; -                    ; -                   ;
; HRESP2[0]        ; R20   ; 5        ; 94           ; 16           ; 0            ; no              ; no                     ; no            ; 2         ; no              ; no         ; no            ; no       ; Off          ; 2.5 V        ; Default          ; Series 50 Ohm without Calibration ; --                        ; no                         ; no                          ; Fitter               ; -                    ; -                   ;
; HRESP2[1]        ; Y4    ; 3        ; 3            ; 0            ; 7            ; no              ; no                     ; no            ; 2         ; no              ; no         ; no            ; no       ; Off          ; 2.5 V        ; Default          ; Series 50 Ohm without Calibration ; --                        ; no                         ; no                          ; Fitter               ; -                    ; -                   ;
; TIMER_IRQ        ; C13   ; 7        ; 60           ; 62           ; 14           ; no              ; no                     ; no            ; 2         ; no              ; no         ; no            ; no       ; Off          ; 2.5 V        ; Default          ; Series 50 Ohm without Calibration ; --                        ; no                         ; no                          ; Fitter               ; -                    ; -                   ;
+------------------+-------+----------+--------------+--------------+--------------+-----------------+------------------------+---------------+-----------+-----------------+------------+---------------+----------+--------------+--------------+------------------+-----------------------------------+---------------------------+----------------------------+-----------------------------+----------------------+----------------------+---------------------+


+--------------------------------------------------------------------------------------------------------------------------------------+
; Dual Purpose and Dedicated Pins                                                                                                      ;
+----------+------------------------------------------+--------------------------+-------------------------+---------------------------+
; Location ; Pin Name                                 ; Reserved As              ; User Signal Name        ; Pin Type                  ;
+----------+------------------------------------------+--------------------------+-------------------------+---------------------------+
; E4       ; DIFFIO_L3p, nRESET                       ; Use as regular IO        ; ARBITER_MODE_OUT        ; Dual Purpose Pin          ;
; D1       ; DIFFIO_L5n, DATA1, ASDO                  ; As input tri-stated      ; ~ALTERA_ASDO_DATA1~     ; Dual Purpose Pin          ;
; E2       ; DIFFIO_L8p, FLASH_nCE, nCSO              ; As input tri-stated      ; ~ALTERA_FLASH_nCE_nCSO~ ; Dual Purpose Pin          ;
; K6       ; nSTATUS                                  ; -                        ; -                       ; Dedicated Programming Pin ;
; K2       ; DCLK                                     ; As output driving ground ; ~ALTERA_DCLK~           ; Dual Purpose Pin          ;
; K1       ; DATA0                                    ; As input tri-stated      ; ~ALTERA_DATA0~          ; Dual Purpose Pin          ;
; K5       ; nCONFIG                                  ; -                        ; -                       ; Dedicated Programming Pin ;
; L3       ; nCE                                      ; -                        ; -                       ; Dedicated Programming Pin ;
; N22      ; DIFFIO_R23n, DEV_OE                      ; Use as regular IO        ; HADDR1[18]              ; Dual Purpose Pin          ;
; N21      ; DIFFIO_R23p, DEV_CLRn                    ; Use as regular IO        ; HADDR1[27]              ; Dual Purpose Pin          ;
; M18      ; CONF_DONE                                ; -                        ; -                       ; Dedicated Programming Pin ;
; M17      ; MSEL0                                    ; -                        ; -                       ; Dedicated Programming Pin ;
; L18      ; MSEL1                                    ; -                        ; -                       ; Dedicated Programming Pin ;
; L17      ; MSEL2                                    ; -                        ; -                       ; Dedicated Programming Pin ;
; K20      ; MSEL3                                    ; -                        ; -                       ; Dedicated Programming Pin ;
; L22      ; DIFFIO_R20n, INIT_DONE                   ; Use as regular IO        ; HADDR1[24]              ; Dual Purpose Pin          ;
; L21      ; DIFFIO_R20p, CRC_ERROR                   ; Use as regular IO        ; HADDR1[0]               ; Dual Purpose Pin          ;
; K22      ; DIFFIO_R19n, nCEO                        ; Use as programming pin   ; ~ALTERA_nCEO~           ; Dual Purpose Pin          ;
; K21      ; DIFFIO_R19p, CLKUSR                      ; Use as regular IO        ; HWDATA1[10]             ; Dual Purpose Pin          ;
; E22      ; DIFFIO_R11n, nWE                         ; Use as regular IO        ; HADDR2[29]              ; Dual Purpose Pin          ;
; E21      ; DIFFIO_R11p, nOE                         ; Use as regular IO        ; HADDR2[28]              ; Dual Purpose Pin          ;
; F20      ; DIFFIO_R9n, nAVD                         ; Use as regular IO        ; HBUSREQ1                ; Dual Purpose Pin          ;
; F19      ; DIFFIO_R9p                               ; Use as regular IO        ; HTRANS1[1]              ; Dual Purpose Pin          ;
; G18      ; DIFFIO_R8n, PADD23                       ; Use as regular IO        ; HADDR1[11]              ; Dual Purpose Pin          ;
; B22      ; DIFFIO_R5n, PADD22                       ; Use as regular IO        ; HADDR1[8]               ; Dual Purpose Pin          ;
; B21      ; DIFFIO_R5p, PADD21                       ; Use as regular IO        ; HADDR1[31]              ; Dual Purpose Pin          ;
; B18      ; DIFFIO_T39p, PADD0                       ; Use as regular IO        ; HADDR2[8]               ; Dual Purpose Pin          ;
; A17      ; DIFFIO_T36n, PADD1                       ; Use as regular IO        ; HADDR1[15]              ; Dual Purpose Pin          ;
; B17      ; DIFFIO_T36p, PADD2                       ; Use as regular IO        ; HADDR2[24]              ; Dual Purpose Pin          ;
; E14      ; DIFFIO_T33n, PADD3                       ; Use as regular IO        ; HWRITE2                 ; Dual Purpose Pin          ;
; F13      ; DIFFIO_T33p, PADD4, DQS2T/CQ3T,DPCLK8    ; Use as regular IO        ; HADDR1[12]              ; Dual Purpose Pin          ;
; A15      ; DIFFIO_T32n, PADD5                       ; Use as regular IO        ; HADDR2[27]              ; Dual Purpose Pin          ;
; B15      ; DIFFIO_T32p, PADD6                       ; Use as regular IO        ; HWDATA2[17]             ; Dual Purpose Pin          ;
; C13      ; DIFFIO_T31n, PADD7                       ; Use as regular IO        ; TIMER_IRQ               ; Dual Purpose Pin          ;
; D13      ; DIFFIO_T31p, PADD8                       ; Use as regular IO        ; HWDATA1[23]             ; Dual Purpose Pin          ;
; A14      ; DIFFIO_T27n, PADD9                       ; Use as regular IO        ; HWDATA1[7]              ; Dual Purpose Pin          ;
; B14      ; DIFFIO_T27p, PADD10                      ; Use as regular IO        ; HWDATA1[31]             ; Dual Purpose Pin          ;
; A13      ; DIFFIO_T26n, PADD11                      ; Use as regular IO        ; HWDATA1[3]              ; Dual Purpose Pin          ;
; B13      ; DIFFIO_T26p, PADD12, DQS4T/CQ5T,DPCLK9   ; Use as regular IO        ; HWDATA2[6]              ; Dual Purpose Pin          ;
; E11      ; DIFFIO_T25n, PADD13                      ; Use as regular IO        ; HWDATA1[0]              ; Dual Purpose Pin          ;
; F11      ; DIFFIO_T25p, PADD14                      ; Use as regular IO        ; HWDATA1[28]             ; Dual Purpose Pin          ;
; B10      ; DIFFIO_T23p, PADD15                      ; Use as regular IO        ; GPIO_IN[2]              ; Dual Purpose Pin          ;
; A9       ; DIFFIO_T22n, PADD16                      ; Use as regular IO        ; HWDATA1[8]              ; Dual Purpose Pin          ;
; B9       ; DIFFIO_T22p, PADD17, DQS5T/CQ5T#,DPCLK10 ; Use as regular IO        ; GPIO_OUT[0]             ; Dual Purpose Pin          ;
; A8       ; DIFFIO_T19n, DATA2                       ; Use as regular IO        ; HWDATA2[25]             ; Dual Purpose Pin          ;
; B8       ; DIFFIO_T19p, DATA3                       ; Use as regular IO        ; HWDATA2[16]             ; Dual Purpose Pin          ;
; A7       ; DIFFIO_T18n, PADD18                      ; Use as regular IO        ; HRDATA1[16]             ; Dual Purpose Pin          ;
; B7       ; DIFFIO_T18p, DATA4                       ; Use as regular IO        ; HWDATA1[20]             ; Dual Purpose Pin          ;
; A6       ; DIFFIO_T17n, PADD19                      ; Use as regular IO        ; HRDATA2[16]             ; Dual Purpose Pin          ;
; B6       ; DIFFIO_T17p, DATA15                      ; Use as regular IO        ; HWDATA1[29]             ; Dual Purpose Pin          ;
; C8       ; DIFFIO_T15n, DATA14, DQS3T/CQ3T#,DPCLK11 ; Use as regular IO        ; GPIO_OUT[4]             ; Dual Purpose Pin          ;
; C7       ; DIFFIO_T15p, DATA13                      ; Use as regular IO        ; HRDATA1[13]             ; Dual Purpose Pin          ;
; A5       ; DIFFIO_T13p, DATA5                       ; Use as regular IO        ; HWDATA2[1]              ; Dual Purpose Pin          ;
; F10      ; DIFFIO_T12p, DATA6                       ; Use as regular IO        ; HWDATA1[2]              ; Dual Purpose Pin          ;
; C6       ; DIFFIO_T11n, DATA7                       ; Use as regular IO        ; HRDATA2[11]             ; Dual Purpose Pin          ;
; B4       ; DIFFIO_T10p, DATA8                       ; Use as regular IO        ; HRDATA1[15]             ; Dual Purpose Pin          ;
; F8       ; DIFFIO_T9n, DATA9                        ; Use as regular IO        ; HRDATA1[11]             ; Dual Purpose Pin          ;
; A3       ; DIFFIO_T7n, DATA10                       ; Use as regular IO        ; HRDATA1[0]              ; Dual Purpose Pin          ;
; B3       ; DIFFIO_T7p, DATA11                       ; Use as regular IO        ; HRDATA1[28]             ; Dual Purpose Pin          ;
; C4       ; DIFFIO_T3p, DATA12, DQS1T/CQ1T#,CDPCLK7  ; Use as regular IO        ; HRDATA2[9]              ; Dual Purpose Pin          ;
+----------+------------------------------------------+--------------------------+-------------------------+---------------------------+


+------------------------------------------------------------+
; I/O Bank Usage                                             ;
+----------+------------------+---------------+--------------+
; I/O Bank ; Usage            ; VCCIO Voltage ; VREF Voltage ;
+----------+------------------+---------------+--------------+
; 1        ; 27 / 31 ( 87 % ) ; 2.5V          ; --           ;
; 2        ; 24 / 37 ( 65 % ) ; 2.5V          ; --           ;
; 3        ; 28 / 36 ( 78 % ) ; 2.5V          ; --           ;
; 4        ; 36 / 40 ( 90 % ) ; 2.5V          ; --           ;
; 5        ; 31 / 38 ( 82 % ) ; 2.5V          ; --           ;
; 6        ; 31 / 35 ( 89 % ) ; 2.5V          ; --           ;
; 7        ; 32 / 38 ( 84 % ) ; 2.5V          ; --           ;
; 8        ; 36 / 38 ( 95 % ) ; 2.5V          ; --           ;
+----------+------------------+---------------+--------------+


+-----------------------------------------------------------------------------------------------------------------------------------------------------------------------------------------+
; All Package Pins                                                                                                                                                                        ;
+----------+------------+----------+-----------------------------------------------------------+--------+--------------+---------+------------+-----------------+----------+--------------+
; Location ; Pad Number ; I/O Bank ; Pin Name/Usage                                            ; Dir.   ; I/O Standard ; Voltage ; I/O Type   ; User Assignment ; Bus Hold ; Weak Pull Up ;
+----------+------------+----------+-----------------------------------------------------------+--------+--------------+---------+------------+-----------------+----------+--------------+
; A1       ;            ;          ; GND                                                       ; gnd    ;              ;         ; --         ;                 ; --       ; --           ;
; A2       ;            ; 8        ; VCCIO8                                                    ; power  ;              ; 2.5V    ; --         ;                 ; --       ; --           ;
; A3       ; 422        ; 8        ; HRDATA1[0]                                                ; output ; 2.5 V        ;         ; Column I/O ; N               ; no       ; Off          ;
; A4       ; 416        ; 8        ; HADDR2[2]                                                 ; input  ; 2.5 V        ;         ; Column I/O ; N               ; no       ; Off          ;
; A5       ; 410        ; 8        ; HWDATA2[1]                                                ; input  ; 2.5 V        ;         ; Column I/O ; N               ; no       ; Off          ;
; A6       ; 401        ; 8        ; HRDATA2[16]                                               ; output ; 2.5 V        ;         ; Column I/O ; N               ; no       ; Off          ;
; A7       ; 399        ; 8        ; HRDATA1[16]                                               ; output ; 2.5 V        ;         ; Column I/O ; N               ; no       ; Off          ;
; A8       ; 397        ; 8        ; HWDATA2[25]                                               ; input  ; 2.5 V        ;         ; Column I/O ; N               ; no       ; Off          ;
; A9       ; 390        ; 8        ; HWDATA1[8]                                                ; input  ; 2.5 V        ;         ; Column I/O ; N               ; no       ; Off          ;
; A10      ; 388        ; 8        ; HWDATA2[7]                                                ; input  ; 2.5 V        ;         ; Column I/O ; N               ; no       ; Off          ;
; A11      ; 384        ; 8        ; GND+                                                      ;        ;              ;         ; Column I/O ;                 ; --       ; --           ;
; A12      ; 382        ; 7        ; GND+                                                      ;        ;              ;         ; Column I/O ;                 ; --       ; --           ;
; A13      ; 377        ; 7        ; HWDATA1[3]                                                ; input  ; 2.5 V        ;         ; Column I/O ; N               ; no       ; Off          ;
; A14      ; 375        ; 7        ; HWDATA1[7]                                                ; input  ; 2.5 V        ;         ; Column I/O ; N               ; no       ; Off          ;
; A15      ; 363        ; 7        ; HADDR2[27]                                                ; input  ; 2.5 V        ;         ; Column I/O ; N               ; no       ; Off          ;
; A16      ; 356        ; 7        ; HADDR2[31]                                                ; input  ; 2.5 V        ;         ; Column I/O ; N               ; no       ; Off          ;
; A17      ; 354        ; 7        ; HADDR1[15]                                                ; input  ; 2.5 V        ;         ; Column I/O ; N               ; no       ; Off          ;
; A18      ; 348        ; 7        ; HADDR1[20]                                                ; input  ; 2.5 V        ;         ; Column I/O ; N               ; no       ; Off          ;
; A19      ; 346        ; 7        ; HADDR1[25]                                                ; input  ; 2.5 V        ;         ; Column I/O ; N               ; no       ; Off          ;
; A20      ; 339        ; 7        ; HADDR1[22]                                                ; input  ; 2.5 V        ;         ; Column I/O ; N               ; no       ; Off          ;
; A21      ;            ; 7        ; VCCIO7                                                    ; power  ;              ; 2.5V    ; --         ;                 ; --       ; --           ;
; A22      ;            ;          ; GND                                                       ; gnd    ;              ;         ; --         ;                 ; --       ; --           ;
; AA1      ; 90         ; 2        ; RESERVED_INPUT_WITH_WEAK_PULLUP                           ;        ;              ;         ; Row I/O    ;                 ; no       ; On           ;
; AA2      ;            ;          ; GND                                                       ; gnd    ;              ;         ; --         ;                 ; --       ; --           ;
; AA3      ; 110        ; 3        ; HRESP1[1]                                                 ; output ; 2.5 V        ;         ; Column I/O ; N               ; no       ; Off          ;
; AA4      ; 114        ; 3        ; RESERVED_INPUT_WITH_WEAK_PULLUP                           ;        ;              ;         ; Column I/O ;                 ; no       ; On           ;
; AA5      ; 116        ; 3        ; RESERVED_INPUT_WITH_WEAK_PULLUP                           ;        ;              ;         ; Column I/O ;                 ; no       ; On           ;
; AA6      ; 117        ; 3        ; HBURST2[2]                                                ; input  ; 2.5 V        ;         ; Column I/O ; N               ; no       ; Off          ;
; AA7      ; 127        ; 3        ; HRDATA2[4]                                                ; output ; 2.5 V        ;         ; Column I/O ; N               ; no       ; Off          ;
; AA8      ; 144        ; 3        ; HRDATA1[4]                                                ; output ; 2.5 V        ;         ; Column I/O ; N               ; no       ; Off          ;
; AA9      ; 146        ; 3        ; HWDATA1[18]                                               ; input  ; 2.5 V        ;         ; Column I/O ; N               ; no       ; Off          ;
; AA10     ; 158        ; 3        ; GPIO_OUT[7]                                               ; output ; 2.5 V        ;         ; Column I/O ; N               ; no       ; Off          ;
; AA11     ; 160        ; 3        ; HWDATA2[27]                                               ; input  ; 2.5 V        ;         ; Column I/O ; N               ; no       ; Off          ;
; AA12     ; 162        ; 4        ; HTRANS1[0]                                                ; input  ; 2.5 V        ;         ; Column I/O ; N               ; no       ; Off          ;
; AA13     ; 166        ; 4        ; HWDATA1[25]                                               ; input  ; 2.5 V        ;         ; Column I/O ; N               ; no       ; Off          ;
; AA14     ; 171        ; 4        ; HWDATA2[21]                                               ; input  ; 2.5 V        ;         ; Column I/O ; N               ; no       ; Off          ;
; AA15     ; 177        ; 4        ; HWDATA2[12]                                               ; input  ; 2.5 V        ;         ; Column I/O ; N               ; no       ; Off          ;
; AA16     ; 183        ; 4        ; HWDATA2[22]                                               ; input  ; 2.5 V        ;         ; Column I/O ; N               ; no       ; Off          ;
; AA17     ; 198        ; 4        ; HADDR2[16]                                                ; input  ; 2.5 V        ;         ; Column I/O ; N               ; no       ; Off          ;
; AA18     ; 200        ; 4        ; HRDATA2[26]                                               ; output ; 2.5 V        ;         ; Column I/O ; N               ; no       ; Off          ;
; AA19     ; 201        ; 4        ; HRDATA2[14]                                               ; output ; 2.5 V        ;         ; Column I/O ; N               ; no       ; Off          ;
; AA20     ; 205        ; 4        ; HADDR1[29]                                                ; input  ; 2.5 V        ;         ; Column I/O ; N               ; no       ; Off          ;
; AA21     ; 221        ; 5        ; RESERVED_INPUT_WITH_WEAK_PULLUP                           ;        ;              ;         ; Row I/O    ;                 ; no       ; On           ;
; AA22     ;            ;          ; GND                                                       ; gnd    ;              ;         ; --         ;                 ; --       ; --           ;
; AB1      ;            ;          ; GND                                                       ; gnd    ;              ;         ; --         ;                 ; --       ; --           ;
; AB2      ;            ; 3        ; VCCIO3                                                    ; power  ;              ; 2.5V    ; --         ;                 ; --       ; --           ;
; AB3      ; 111        ; 3        ; HSIZE1[1]                                                 ; input  ; 2.5 V        ;         ; Column I/O ; N               ; no       ; Off          ;
; AB4      ; 115        ; 3        ; HBURST1[2]                                                ; input  ; 2.5 V        ;         ; Column I/O ; N               ; no       ; Off          ;
; AB5      ; 119        ; 3        ; HRDATA2[18]                                               ; output ; 2.5 V        ;         ; Column I/O ; N               ; no       ; Off          ;
; AB6      ; 118        ; 3        ; HRDATA1[18]                                               ; output ; 2.5 V        ;         ; Column I/O ; N               ; no       ; Off          ;
; AB7      ; 128        ; 3        ; HRDATA1[1]                                                ; output ; 2.5 V        ;         ; Column I/O ; N               ; no       ; Off          ;
; AB8      ; 145        ; 3        ; HRDATA2[8]                                                ; output ; 2.5 V        ;         ; Column I/O ; N               ; no       ; Off          ;
; AB9      ; 147        ; 3        ; HRDATA1[8]                                                ; output ; 2.5 V        ;         ; Column I/O ; N               ; no       ; Off          ;
; AB10     ; 159        ; 3        ; GPIO_OUT[6]                                               ; output ; 2.5 V        ;         ; Column I/O ; N               ; no       ; Off          ;
; AB11     ; 161        ; 3        ; HWDATA1[27]                                               ; input  ; 2.5 V        ;         ; Column I/O ; N               ; no       ; Off          ;
; AB12     ; 163        ; 4        ; HSIZE1[0]                                                 ; input  ; 2.5 V        ;         ; Column I/O ; N               ; no       ; Off          ;
; AB13     ; 167        ; 4        ; HWDATA1[5]                                                ; input  ; 2.5 V        ;         ; Column I/O ; N               ; no       ; Off          ;
; AB14     ; 172        ; 4        ; HADDR1[4]                                                 ; input  ; 2.5 V        ;         ; Column I/O ; N               ; no       ; Off          ;
; AB15     ; 178        ; 4        ; HWDATA2[18]                                               ; input  ; 2.5 V        ;         ; Column I/O ; N               ; no       ; Off          ;
; AB16     ; 184        ; 4        ; HRDATA2[27]                                               ; output ; 2.5 V        ;         ; Column I/O ; N               ; no       ; Off          ;
; AB17     ; 199        ; 4        ; HRDATA1[26]                                               ; output ; 2.5 V        ;         ; Column I/O ; N               ; no       ; Off          ;
; AB18     ; 197        ; 4        ; HRDATA1[30]                                               ; output ; 2.5 V        ;         ; Column I/O ; N               ; no       ; Off          ;
; AB19     ; 202        ; 4        ; HRDATA2[30]                                               ; output ; 2.5 V        ;         ; Column I/O ; N               ; no       ; Off          ;
; AB20     ; 206        ; 4        ; RESERVED_INPUT_WITH_WEAK_PULLUP                           ;        ;              ;         ; Column I/O ;                 ; no       ; On           ;
; AB21     ;            ; 4        ; VCCIO4                                                    ; power  ;              ; 2.5V    ; --         ;                 ; --       ; --           ;
; AB22     ;            ;          ; GND                                                       ; gnd    ;              ;         ; --         ;                 ; --       ; --           ;
; B1       ; 3          ; 1        ; RESERVED_INPUT_WITH_WEAK_PULLUP                           ;        ;              ;         ; Row I/O    ;                 ; no       ; On           ;
; B2       ; 2          ; 1        ; HRDATA1[24]                                               ; output ; 2.5 V        ;         ; Row I/O    ; N               ; no       ; Off          ;
; B3       ; 423        ; 8        ; HRDATA1[28]                                               ; output ; 2.5 V        ;         ; Column I/O ; N               ; no       ; Off          ;
; B4       ; 417        ; 8        ; HRDATA1[15]                                               ; output ; 2.5 V        ;         ; Column I/O ; N               ; no       ; Off          ;
; B5       ; 411        ; 8        ; HRDATA2[12]                                               ; output ; 2.5 V        ;         ; Column I/O ; N               ; no       ; Off          ;
; B6       ; 402        ; 8        ; HWDATA1[29]                                               ; input  ; 2.5 V        ;         ; Column I/O ; N               ; no       ; Off          ;
; B7       ; 400        ; 8        ; HWDATA1[20]                                               ; input  ; 2.5 V        ;         ; Column I/O ; N               ; no       ; Off          ;
; B8       ; 398        ; 8        ; HWDATA2[16]                                               ; input  ; 2.5 V        ;         ; Column I/O ; N               ; no       ; Off          ;
; B9       ; 391        ; 8        ; GPIO_OUT[0]                                               ; output ; 2.5 V        ;         ; Column I/O ; N               ; no       ; Off          ;
; B10      ; 389        ; 8        ; GPIO_IN[2]                                                ; input  ; 2.5 V        ;         ; Column I/O ; N               ; no       ; Off          ;
; B11      ; 385        ; 8        ; GND+                                                      ;        ;              ;         ; Column I/O ;                 ; --       ; --           ;
; B12      ; 383        ; 7        ; GND+                                                      ;        ;              ;         ; Column I/O ;                 ; --       ; --           ;
; B13      ; 378        ; 7        ; HWDATA2[6]                                                ; input  ; 2.5 V        ;         ; Column I/O ; N               ; no       ; Off          ;
; B14      ; 376        ; 7        ; HWDATA1[31]                                               ; input  ; 2.5 V        ;         ; Column I/O ; N               ; no       ; Off          ;
; B15      ; 364        ; 7        ; HWDATA2[17]                                               ; input  ; 2.5 V        ;         ; Column I/O ; N               ; no       ; Off          ;
; B16      ; 357        ; 7        ; HGRANT2                                                   ; output ; 2.5 V        ;         ; Column I/O ; N               ; no       ; Off          ;
; B17      ; 355        ; 7        ; HADDR2[24]                                                ; input  ; 2.5 V        ;         ; Column I/O ; N               ; no       ; Off          ;
; B18      ; 349        ; 7        ; HADDR2[8]                                                 ; input  ; 2.5 V        ;         ; Column I/O ; N               ; no       ; Off          ;
; B19      ; 345        ; 7        ; HADDR2[20]                                                ; input  ; 2.5 V        ;         ; Column I/O ; N               ; no       ; Off          ;
; B20      ; 340        ; 7        ; HADDR2[26]                                                ; input  ; 2.5 V        ;         ; Column I/O ; N               ; no       ; Off          ;
; B21      ; 315        ; 6        ; HADDR1[31]                                                ; input  ; 2.5 V        ;         ; Row I/O    ; N               ; no       ; Off          ;
; B22      ; 314        ; 6        ; HADDR1[8]                                                 ; input  ; 2.5 V        ;         ; Row I/O    ; N               ; no       ; Off          ;
; C1       ; 8          ; 1        ; HRDATA2[29]                                               ; output ; 2.5 V        ;         ; Row I/O    ; N               ; no       ; Off          ;
; C2       ; 7          ; 1        ; RESERVED_INPUT_WITH_WEAK_PULLUP                           ;        ;              ;         ; Row I/O    ;                 ; no       ; On           ;
; C3       ; 432        ; 8        ; HRDATA2[2]                                                ; output ; 2.5 V        ;         ; Column I/O ; N               ; no       ; Off          ;
; C4       ; 433        ; 8        ; HRDATA2[9]                                                ; output ; 2.5 V        ;         ; Column I/O ; N               ; no       ; Off          ;
; C5       ;            ;          ; GND                                                       ; gnd    ;              ;         ; --         ;                 ; --       ; --           ;
; C6       ; 414        ; 8        ; HRDATA2[11]                                               ; output ; 2.5 V        ;         ; Column I/O ; N               ; no       ; Off          ;
; C7       ; 406        ; 8        ; HRDATA1[13]                                               ; output ; 2.5 V        ;         ; Column I/O ; N               ; no       ; Off          ;
; C8       ; 405        ; 8        ; GPIO_OUT[4]                                               ; output ; 2.5 V        ;         ; Column I/O ; N               ; no       ; Off          ;
; C9       ;            ;          ; GND                                                       ; gnd    ;              ;         ; --         ;                 ; --       ; --           ;
; C10      ; 394        ; 8        ; HWDATA1[1]                                                ; input  ; 2.5 V        ;         ; Column I/O ; N               ; no       ; Off          ;
; C11      ;            ;          ; GND                                                       ; gnd    ;              ;         ; --         ;                 ; --       ; --           ;
; C12      ;            ;          ; GND                                                       ; gnd    ;              ;         ; --         ;                 ; --       ; --           ;
; C13      ; 365        ; 7        ; TIMER_IRQ                                                 ; output ; 2.5 V        ;         ; Column I/O ; N               ; no       ; Off          ;
; C14      ;            ;          ; GND                                                       ; gnd    ;              ;         ; --         ;                 ; --       ; --           ;
; C15      ; 360        ; 7        ; HADDR1[13]                                                ; input  ; 2.5 V        ;         ; Column I/O ; N               ; no       ; Off          ;
; C16      ;            ;          ; GND                                                       ; gnd    ;              ;         ; --         ;                 ; --       ; --           ;
; C17      ; 344        ; 7        ; HADDR1[21]                                                ; input  ; 2.5 V        ;         ; Column I/O ; N               ; no       ; Off          ;
; C18      ; 332        ; 7        ; HADDR2[0]                                                 ; input  ; 2.5 V        ;         ; Column I/O ; N               ; no       ; Off          ;
; C19      ; 337        ; 7        ; HADDR1[28]                                                ; input  ; 2.5 V        ;         ; Column I/O ; N               ; no       ; Off          ;
; C20      ; 316        ; 6        ; RESERVED_INPUT_WITH_WEAK_PULLUP                           ;        ;              ;         ; Row I/O    ;                 ; no       ; On           ;
; C21      ; 313        ; 6        ; HWDATA1[21]                                               ; input  ; 2.5 V        ;         ; Row I/O    ; N               ; no       ; Off          ;
; C22      ; 312        ; 6        ; HADDR1[7]                                                 ; input  ; 2.5 V        ;         ; Row I/O    ; N               ; no       ; Off          ;
; D1       ; 10         ; 1        ; ~ALTERA_ASDO_DATA1~ / RESERVED_INPUT_WITH_WEAK_PULLUP     ; input  ; 2.5 V        ;         ; Row I/O    ; N               ; no       ; On           ;
; D2       ; 9          ; 1        ; HRDATA1[6]                                                ; output ; 2.5 V        ;         ; Row I/O    ; N               ; no       ; Off          ;
; D3       ;            ;          ; GND                                                       ; gnd    ;              ;         ; --         ;                 ; --       ; --           ;
; D4       ;            ; 1        ; VCCIO1                                                    ; power  ;              ; 2.5V    ; --         ;                 ; --       ; --           ;
; D5       ;            ; 8        ; VCCIO8                                                    ; power  ;              ; 2.5V    ; --         ;                 ; --       ; --           ;
; D6       ; 425        ; 8        ; HRDATA2[0]                                                ; output ; 2.5 V        ;         ; Column I/O ; N               ; no       ; Off          ;
; D7       ; 415        ; 8        ; HRDATA1[12]                                               ; output ; 2.5 V        ;         ; Column I/O ; N               ; no       ; Off          ;
; D8       ; 407        ; 8        ; HWDATA2[28]                                               ; input  ; 2.5 V        ;         ; Column I/O ; N               ; no       ; Off          ;
; D9       ;            ; 8        ; VCCIO8                                                    ; power  ;              ; 2.5V    ; --         ;                 ; --       ; --           ;
; D10      ; 386        ; 8        ; GPIO_IN[4]                                                ; input  ; 2.5 V        ;         ; Column I/O ; N               ; no       ; Off          ;
; D11      ;            ; 8        ; VCCIO8                                                    ; power  ;              ; 2.5V    ; --         ;                 ; --       ; --           ;
; D12      ;            ; 7        ; VCCIO7                                                    ; power  ;              ; 2.5V    ; --         ;                 ; --       ; --           ;
; D13      ; 366        ; 7        ; HWDATA1[23]                                               ; input  ; 2.5 V        ;         ; Column I/O ; N               ; no       ; Off          ;
; D14      ;            ; 7        ; VCCIO7                                                    ; power  ;              ; 2.5V    ; --         ;                 ; --       ; --           ;
; D15      ; 350        ; 7        ; HADDR2[25]                                                ; input  ; 2.5 V        ;         ; Column I/O ; N               ; no       ; Off          ;
; D16      ;            ; 7        ; VCCIO7                                                    ; power  ;              ; 2.5V    ; --         ;                 ; --       ; --           ;
; D17      ; 334        ; 7        ; HREADY1                                                   ; output ; 2.5 V        ;         ; Column I/O ; N               ; no       ; Off          ;
; D18      ; 333        ; 7        ; HREADY2                                                   ; output ; 2.5 V        ;         ; Column I/O ; N               ; no       ; Off          ;
; D19      ; 338        ; 7        ; RESERVED_INPUT_WITH_WEAK_PULLUP                           ;        ;              ;         ; Column I/O ;                 ; no       ; On           ;
; D20      ; 322        ; 6        ; HADDR2[14]                                                ; input  ; 2.5 V        ;         ; Row I/O    ; N               ; no       ; Off          ;
; D21      ; 305        ; 6        ; HWDATA2[23]                                               ; input  ; 2.5 V        ;         ; Row I/O    ; N               ; no       ; Off          ;
; D22      ; 304        ; 6        ; HADDR1[30]                                                ; input  ; 2.5 V        ;         ; Row I/O    ; N               ; no       ; Off          ;
; E1       ; 17         ; 1        ; GPIO_IN[0]                                                ; input  ; 2.5 V        ;         ; Row I/O    ; N               ; no       ; Off          ;
; E2       ; 16         ; 1        ; ~ALTERA_FLASH_nCE_nCSO~ / RESERVED_INPUT_WITH_WEAK_PULLUP ; input  ; 2.5 V        ;         ; Row I/O    ; N               ; no       ; On           ;
; E3       ; 6          ; 1        ; HWDATA1[6]                                                ; input  ; 2.5 V        ;         ; Row I/O    ; N               ; no       ; Off          ;
; E4       ; 5          ; 1        ; ARBITER_MODE_OUT                                          ; output ; 2.5 V        ;         ; Row I/O    ; N               ; no       ; Off          ;
; E5       ; 438        ; 8        ; HRDATA2[5]                                                ; output ; 2.5 V        ;         ; Column I/O ; N               ; no       ; Off          ;
; E6       ; 437        ; 8        ; HRDATA1[9]                                                ; output ; 2.5 V        ;         ; Column I/O ; N               ; no       ; Off          ;
; E7       ; 426        ; 8        ; HRDATA2[15]                                               ; output ; 2.5 V        ;         ; Column I/O ; N               ; no       ; Off          ;
; E8       ; 408        ; 8        ; HWDATA2[4]                                                ; input  ; 2.5 V        ;         ; Column I/O ; N               ; no       ; Off          ;
; E9       ; 403        ; 8        ; HRDATA2[13]                                               ; output ; 2.5 V        ;         ; Column I/O ; N               ; no       ; Off          ;
; E10      ;            ;          ; GND                                                       ; gnd    ;              ;         ; --         ;                 ; --       ; --           ;
; E11      ; 380        ; 7        ; HWDATA1[0]                                                ; input  ; 2.5 V        ;         ; Column I/O ; N               ; no       ; Off          ;
; E12      ; 379        ; 7        ; HWDATA2[2]                                                ; input  ; 2.5 V        ;         ; Column I/O ; N               ; no       ; Off          ;
; E13      ; 374        ; 7        ; HWDATA2[31]                                               ; input  ; 2.5 V        ;         ; Column I/O ; N               ; no       ; Off          ;
; E14      ; 361        ; 7        ; HWRITE2                                                   ; input  ; 2.5 V        ;         ; Column I/O ; N               ; no       ; Off          ;
; E15      ; 351        ; 7        ; HADDR2[18]                                                ; input  ; 2.5 V        ;         ; Column I/O ; N               ; no       ; Off          ;
; E16      ; 327        ; 7        ; RESERVED_INPUT_WITH_WEAK_PULLUP                           ;        ;              ;         ; Column I/O ;                 ; no       ; On           ;
; E17      ;            ;          ; VCCD_PLL2                                                 ; power  ;              ; 1.2V    ; --         ;                 ; --       ; --           ;
; E18      ;            ;          ; GNDA2                                                     ; gnd    ;              ;         ; --         ;                 ; --       ; --           ;
; E19      ;            ; 6        ; VCCIO6                                                    ; power  ;              ; 2.5V    ; --         ;                 ; --       ; --           ;
; E20      ;            ;          ; GND                                                       ; gnd    ;              ;         ; --         ;                 ; --       ; --           ;
; E21      ; 301        ; 6        ; HADDR2[28]                                                ; input  ; 2.5 V        ;         ; Row I/O    ; N               ; no       ; Off          ;
; E22      ; 300        ; 6        ; HADDR2[29]                                                ; input  ; 2.5 V        ;         ; Row I/O    ; N               ; no       ; Off          ;
; F1       ; 19         ; 1        ; GPIO_IN[3]                                                ; input  ; 2.5 V        ;         ; Row I/O    ; N               ; no       ; Off          ;
; F2       ; 18         ; 1        ; HRDATA2[17]                                               ; output ; 2.5 V        ;         ; Row I/O    ; N               ; no       ; Off          ;
; F3       ;            ;          ; GND                                                       ; gnd    ;              ;         ; --         ;                 ; --       ; --           ;
; F4       ;            ; 1        ; VCCIO1                                                    ; power  ;              ; 2.5V    ; --         ;                 ; --       ; --           ;
; F5       ;            ;          ; GNDA3                                                     ; gnd    ;              ;         ; --         ;                 ; --       ; --           ;
; F6       ;            ;          ; VCCD_PLL3                                                 ; power  ;              ; 1.2V    ; --         ;                 ; --       ; --           ;
; F7       ; 434        ; 8        ; HRDATA2[28]                                               ; output ; 2.5 V        ;         ; Column I/O ; N               ; no       ; Off          ;
; F8       ; 418        ; 8        ; HRDATA1[11]                                               ; output ; 2.5 V        ;         ; Column I/O ; N               ; no       ; Off          ;
; F9       ; 436        ; 8        ; HRDATA2[24]                                               ; output ; 2.5 V        ;         ; Column I/O ; N               ; no       ; Off          ;
; F10      ; 413        ; 8        ; HWDATA1[2]                                                ; input  ; 2.5 V        ;         ; Column I/O ; N               ; no       ; Off          ;
; F11      ; 381        ; 7        ; HWDATA1[28]                                               ; input  ; 2.5 V        ;         ; Column I/O ; N               ; no       ; Off          ;
; F12      ;            ;          ; GND                                                       ; gnd    ;              ;         ; --         ;                 ; --       ; --           ;
; F13      ; 362        ; 7        ; HADDR1[12]                                                ; input  ; 2.5 V        ;         ; Column I/O ; N               ; no       ; Off          ;
; F14      ; 330        ; 7        ; RESERVED_INPUT_WITH_WEAK_PULLUP                           ;        ;              ;         ; Column I/O ;                 ; no       ; On           ;
; F15      ; 328        ; 7        ; RESERVED_INPUT_WITH_WEAK_PULLUP                           ;        ;              ;         ; Column I/O ;                 ; no       ; On           ;
; F16      ;            ;          ; GND                                                       ; gnd    ;              ;         ; --         ;                 ; --       ; --           ;
; F17      ; 323        ; 6        ; RESERVED_INPUT_WITH_WEAK_PULLUP                           ;        ;              ;         ; Row I/O    ;                 ; no       ; On           ;
; F18      ;            ; --       ; VCCA2                                                     ; power  ;              ; 2.5V    ; --         ;                 ; --       ; --           ;
; F19      ; 307        ; 6        ; HTRANS1[1]                                                ; input  ; 2.5 V        ;         ; Row I/O    ; N               ; no       ; Off          ;
; F20      ; 306        ; 6        ; HBUSREQ1                                                  ; input  ; 2.5 V        ;         ; Row I/O    ; N               ; no       ; Off          ;
; F21      ; 294        ; 6        ; GPIO_IN[7]                                                ; input  ; 2.5 V        ;         ; Row I/O    ; N               ; no       ; Off          ;
; F22      ; 293        ; 6        ; HWDATA2[14]                                               ; input  ; 2.5 V        ;         ; Row I/O    ; N               ; no       ; Off          ;
; G1       ; 53         ; 1        ; HCLK                                                      ; input  ; 2.5 V        ;         ; Row I/O    ; N               ; no       ; Off          ;
; G2       ;            ;          ; GND                                                       ; gnd    ;              ;         ; --         ;                 ; --       ; --           ;
; G3       ; 1          ; 1        ; HRDATA1[5]                                                ; output ; 2.5 V        ;         ; Row I/O    ; N               ; no       ; Off          ;
; G4       ; 0          ; 1        ; RESERVED_INPUT_WITH_WEAK_PULLUP                           ;        ;              ;         ; Row I/O    ;                 ; no       ; On           ;
; G5       ; 4          ; 1        ; RESERVED_INPUT_WITH_WEAK_PULLUP                           ;        ;              ;         ; Row I/O    ;                 ; --       ; --           ;
; G6       ;            ; --       ; VCCA3                                                     ; power  ;              ; 2.5V    ; --         ;                 ; --       ; --           ;
; G7       ; 435        ; 8        ; HRDATA1[2]                                                ; output ; 2.5 V        ;         ; Column I/O ; N               ; no       ; Off          ;
; G8       ;            ;          ; VCCINT                                                    ; power  ;              ; 1.2V    ; --         ;                 ; --       ; --           ;
; G9       ;            ;          ; GND                                                       ; gnd    ;              ;         ; --         ;                 ; --       ; --           ;
; G10      ;            ;          ; VCCINT                                                    ; power  ;              ; 1.2V    ; --         ;                 ; --       ; --           ;
; G11      ;            ;          ; GND                                                       ; gnd    ;              ;         ; --         ;                 ; --       ; --           ;
; G12      ;            ;          ; VCCINT                                                    ; power  ;              ; 1.2V    ; --         ;                 ; --       ; --           ;
; G13      ;            ;          ; GND                                                       ; gnd    ;              ;         ; --         ;                 ; --       ; --           ;
; G14      ;            ;          ; VCCINT                                                    ; power  ;              ; 1.2V    ; --         ;                 ; --       ; --           ;
; G15      ;            ;          ; GND                                                       ; gnd    ;              ;         ; --         ;                 ; --       ; --           ;
; G16      ;            ;          ; VCCINT                                                    ; power  ;              ; 1.2V    ; --         ;                 ; --       ; --           ;
; G17      ;            ;          ; GND                                                       ; gnd    ;              ;         ; --         ;                 ; --       ; --           ;
; G18      ; 308        ; 6        ; HADDR1[11]                                                ; input  ; 2.5 V        ;         ; Row I/O    ; N               ; no       ; Off          ;
; G19      ;            ; 6        ; VCCIO6                                                    ; power  ;              ; 2.5V    ; --         ;                 ; --       ; --           ;
; G20      ;            ;          ; GND                                                       ; gnd    ;              ;         ; --         ;                 ; --       ; --           ;
; G21      ; 273        ; 6        ; GND+                                                      ;        ;              ;         ; Row I/O    ;                 ; --       ; --           ;
; G22      ; 272        ; 6        ; GND+                                                      ;        ;              ;         ; Row I/O    ;                 ; --       ; --           ;
; H1       ; 30         ; 1        ; HWDATA1[12]                                               ; input  ; 2.5 V        ;         ; Row I/O    ; N               ; no       ; Off          ;
; H2       ; 29         ; 1        ; HWDATA2[9]                                                ; input  ; 2.5 V        ;         ; Row I/O    ; N               ; no       ; Off          ;
; H3       ; 15         ; 1        ; HRDATA1[19]                                               ; output ; 2.5 V        ;         ; Row I/O    ; N               ; no       ; Off          ;
; H4       ; 14         ; 1        ; HRDATA2[19]                                               ; output ; 2.5 V        ;         ; Row I/O    ; N               ; no       ; Off          ;
; H5       ; 21         ; 1        ; HWDATA2[19]                                               ; input  ; 2.5 V        ;         ; Row I/O    ; N               ; no       ; Off          ;
; H6       ; 12         ; 1        ; HRDATA1[29]                                               ; output ; 2.5 V        ;         ; Row I/O    ; N               ; no       ; Off          ;
; H7       ; 11         ; 1        ; HRDATA2[6]                                                ; output ; 2.5 V        ;         ; Row I/O    ; N               ; no       ; Off          ;
; H8       ;            ;          ; GND                                                       ; gnd    ;              ;         ; --         ;                 ; --       ; --           ;
; H9       ;            ;          ; VCCINT                                                    ; power  ;              ; 1.2V    ; --         ;                 ; --       ; --           ;
; H10      ;            ;          ; GND                                                       ; gnd    ;              ;         ; --         ;                 ; --       ; --           ;
; H11      ;            ;          ; VCCINT                                                    ; power  ;              ; 1.2V    ; --         ;                 ; --       ; --           ;
; H12      ;            ;          ; GND                                                       ; gnd    ;              ;         ; --         ;                 ; --       ; --           ;
; H13      ;            ;          ; GND                                                       ; gnd    ;              ;         ; --         ;                 ; --       ; --           ;
; H14      ;            ;          ; GND                                                       ; gnd    ;              ;         ; --         ;                 ; --       ; --           ;
; H15      ;            ;          ; VCCINT                                                    ; power  ;              ; 1.2V    ; --         ;                 ; --       ; --           ;
; H16      ;            ;          ; GND                                                       ; gnd    ;              ;         ; --         ;                 ; --       ; --           ;
; H17      ; 309        ; 6        ; HADDR2[13]                                                ; input  ; 2.5 V        ;         ; Row I/O    ; N               ; no       ; Off          ;
; H18      ; 302        ; 6        ; HTRANS2[1]                                                ; input  ; 2.5 V        ;         ; Row I/O    ; N               ; no       ; Off          ;
; H19      ; 299        ; 6        ; HADDR2[4]                                                 ; input  ; 2.5 V        ;         ; Row I/O    ; N               ; no       ; Off          ;
; H20      ; 298        ; 6        ; HGRANT1                                                   ; output ; 2.5 V        ;         ; Row I/O    ; N               ; no       ; Off          ;
; H21      ; 288        ; 6        ; HADDR1[9]                                                 ; input  ; 2.5 V        ;         ; Row I/O    ; N               ; no       ; Off          ;
; H22      ; 287        ; 6        ; HADDR2[30]                                                ; input  ; 2.5 V        ;         ; Row I/O    ; N               ; no       ; Off          ;
; J1       ; 40         ; 1        ; HADDR1[2]                                                 ; input  ; 2.5 V        ;         ; Row I/O    ; N               ; no       ; Off          ;
; J2       ; 39         ; 1        ; HWDATA2[29]                                               ; input  ; 2.5 V        ;         ; Row I/O    ; N               ; no       ; Off          ;
; J3       ; 36         ; 1        ; HWDATA1[30]                                               ; input  ; 2.5 V        ;         ; Row I/O    ; N               ; no       ; Off          ;
; J4       ; 27         ; 1        ; HADDR1[19]                                                ; input  ; 2.5 V        ;         ; Row I/O    ; N               ; no       ; Off          ;
; J5       ; 20         ; 1        ; HWDATA2[26]                                               ; input  ; 2.5 V        ;         ; Row I/O    ; N               ; no       ; Off          ;
; J6       ; 13         ; 1        ; HRDATA1[17]                                               ; output ; 2.5 V        ;         ; Row I/O    ; N               ; no       ; Off          ;
; J7       ;            ;          ; VCCINT                                                    ; power  ;              ; 1.2V    ; --         ;                 ; --       ; --           ;
; J8       ;            ;          ; VCCINT                                                    ; power  ;              ; 1.2V    ; --         ;                 ; --       ; --           ;
; J9       ;            ;          ; GND                                                       ; gnd    ;              ;         ; --         ;                 ; --       ; --           ;
; J10      ;            ;          ; VCCINT                                                    ; power  ;              ; 1.2V    ; --         ;                 ; --       ; --           ;
; J11      ;            ;          ; VCCINT                                                    ; power  ;              ; 1.2V    ; --         ;                 ; --       ; --           ;
; J12      ;            ;          ; VCCINT                                                    ; power  ;              ; 1.2V    ; --         ;                 ; --       ; --           ;
; J13      ;            ;          ; VCCINT                                                    ; power  ;              ; 1.2V    ; --         ;                 ; --       ; --           ;
; J14      ;            ;          ; VCCINT                                                    ; power  ;              ; 1.2V    ; --         ;                 ; --       ; --           ;
; J15      ;            ;          ; GND                                                       ; gnd    ;              ;         ; --         ;                 ; --       ; --           ;
; J16      ;            ;          ; VCCINT                                                    ; power  ;              ; 1.2V    ; --         ;                 ; --       ; --           ;
; J17      ;            ;          ; VCCINT                                                    ; power  ;              ; 1.2V    ; --         ;                 ; --       ; --           ;
; J18      ; 290        ; 6        ; HADDR1[16]                                                ; input  ; 2.5 V        ;         ; Row I/O    ; N               ; no       ; Off          ;
; J19      ; 296        ; 6        ; HWDATA1[26]                                               ; input  ; 2.5 V        ;         ; Row I/O    ; N               ; no       ; Off          ;
; J20      ; 295        ; 6        ; HADDR2[22]                                                ; input  ; 2.5 V        ;         ; Row I/O    ; N               ; no       ; Off          ;
; J21      ; 286        ; 6        ; HADDR2[17]                                                ; input  ; 2.5 V        ;         ; Row I/O    ; N               ; no       ; Off          ;
; J22      ; 285        ; 6        ; GPIO_OUT[3]                                               ; output ; 2.5 V        ;         ; Row I/O    ; N               ; no       ; Off          ;
; K1       ; 45         ; 1        ; ~ALTERA_DATA0~ / RESERVED_INPUT_WITH_WEAK_PULLUP          ; input  ; 2.5 V        ;         ; Row I/O    ; N               ; no       ; On           ;
; K2       ; 44         ; 1        ; ~ALTERA_DCLK~                                             ; output ; 2.5 V        ;         ; Row I/O    ; N               ; no       ; On           ;
; K3       ;            ;          ; GND                                                       ; gnd    ;              ;         ; --         ;                 ; --       ; --           ;
; K4       ;            ; 1        ; VCCIO1                                                    ; power  ;              ; 2.5V    ; --         ;                 ; --       ; --           ;
; K5       ; 46         ; 1        ; ^nCONFIG                                                  ;        ;              ;         ; --         ;                 ; --       ; --           ;
; K6       ; 24         ; 1        ; ^nSTATUS                                                  ;        ;              ;         ; --         ;                 ; --       ; --           ;
; K7       ;            ;          ; GND                                                       ; gnd    ;              ;         ; --         ;                 ; --       ; --           ;
; K8       ;            ;          ; VCCINT                                                    ; power  ;              ; 1.2V    ; --         ;                 ; --       ; --           ;
; K9       ;            ;          ; VCCINT                                                    ; power  ;              ; 1.2V    ; --         ;                 ; --       ; --           ;
; K10      ;            ;          ; GND                                                       ; gnd    ;              ;         ; --         ;                 ; --       ; --           ;
; K11      ;            ;          ; GND                                                       ; gnd    ;              ;         ; --         ;                 ; --       ; --           ;
; K12      ;            ;          ; GND                                                       ; gnd    ;              ;         ; --         ;                 ; --       ; --           ;
; K13      ;            ;          ; GND                                                       ; gnd    ;              ;         ; --         ;                 ; --       ; --           ;
; K14      ;            ;          ; VCCINT                                                    ; power  ;              ; 1.2V    ; --         ;                 ; --       ; --           ;
; K15      ;            ;          ; VCCINT                                                    ; power  ;              ; 1.2V    ; --         ;                 ; --       ; --           ;
; K16      ;            ;          ; GND                                                       ; gnd    ;              ;         ; --         ;                 ; --       ; --           ;
; K17      ;            ;          ; VCCINT                                                    ; power  ;              ; 1.2V    ; --         ;                 ; --       ; --           ;
; K18      ; 289        ; 6        ; HADDR1[23]                                                ; input  ; 2.5 V        ;         ; Row I/O    ; N               ; no       ; Off          ;
; K19      ; 282        ; 6        ; HADDR2[1]                                                 ; input  ; 2.5 V        ;         ; Row I/O    ; N               ; no       ; Off          ;
; K20      ; 278        ; 6        ; ^MSEL3                                                    ;        ;              ;         ; --         ;                 ; --       ; --           ;
; K21      ; 284        ; 6        ; HWDATA1[10]                                               ; input  ; 2.5 V        ;         ; Row I/O    ; N               ; no       ; Off          ;
; K22      ; 283        ; 6        ; ~ALTERA_nCEO~ / RESERVED_OUTPUT_OPEN_DRAIN                ; output ; 2.5 V        ;         ; Row I/O    ; N               ; no       ; Off          ;
; L1       ; 49         ; 1        ; #TMS                                                      ; input  ;              ;         ; --         ;                 ; --       ; --           ;
; L2       ; 48         ; 1        ; #TCK                                                      ; input  ;              ;         ; --         ;                 ; --       ; --           ;
; L3       ; 51         ; 1        ; ^nCE                                                      ;        ;              ;         ; --         ;                 ; --       ; --           ;
; L4       ; 50         ; 1        ; #TDO                                                      ; output ;              ;         ; --         ;                 ; --       ; --           ;
; L5       ; 47         ; 1        ; #TDI                                                      ; input  ;              ;         ; --         ;                 ; --       ; --           ;
; L6       ; 56         ; 2        ; HADDR1[6]                                                 ; input  ; 2.5 V        ;         ; Row I/O    ; N               ; no       ; Off          ;
; L7       ;            ;          ; VCCINT                                                    ; power  ;              ; 1.2V    ; --         ;                 ; --       ; --           ;
; L8       ;            ;          ; GND                                                       ; gnd    ;              ;         ; --         ;                 ; --       ; --           ;
; L9       ;            ;          ; VCCINT                                                    ; power  ;              ; 1.2V    ; --         ;                 ; --       ; --           ;
; L10      ;            ;          ; GND                                                       ; gnd    ;              ;         ; --         ;                 ; --       ; --           ;
; L11      ;            ;          ; GND                                                       ; gnd    ;              ;         ; --         ;                 ; --       ; --           ;
; L12      ;            ;          ; GND                                                       ; gnd    ;              ;         ; --         ;                 ; --       ; --           ;
; L13      ;            ;          ; GND                                                       ; gnd    ;              ;         ; --         ;                 ; --       ; --           ;
; L14      ;            ;          ; VCCINT                                                    ; power  ;              ; 1.2V    ; --         ;                 ; --       ; --           ;
; L15      ;            ;          ; GND                                                       ; gnd    ;              ;         ; --         ;                 ; --       ; --           ;
; L16      ;            ;          ; VCCINT                                                    ; power  ;              ; 1.2V    ; --         ;                 ; --       ; --           ;
; L17      ; 277        ; 6        ; ^MSEL2                                                    ;        ;              ;         ; --         ;                 ; --       ; --           ;
; L18      ; 276        ; 6        ; ^MSEL1                                                    ;        ;              ;         ; --         ;                 ; --       ; --           ;
; L19      ;            ; 6        ; VCCIO6                                                    ; power  ;              ; 2.5V    ; --         ;                 ; --       ; --           ;
; L20      ;            ;          ; GND                                                       ; gnd    ;              ;         ; --         ;                 ; --       ; --           ;
; L21      ; 280        ; 6        ; HADDR1[0]                                                 ; input  ; 2.5 V        ;         ; Row I/O    ; N               ; no       ; Off          ;
; L22      ; 279        ; 6        ; HADDR1[24]                                                ; input  ; 2.5 V        ;         ; Row I/O    ; N               ; no       ; Off          ;
; M1       ; 60         ; 2        ; HRDATA2[31]                                               ; output ; 2.5 V        ;         ; Row I/O    ; N               ; no       ; Off          ;
; M2       ; 59         ; 2        ; GPIO_IN[1]                                                ; input  ; 2.5 V        ;         ; Row I/O    ; N               ; no       ; Off          ;
; M3       ; 62         ; 2        ; HWDATA2[13]                                               ; input  ; 2.5 V        ;         ; Row I/O    ; N               ; no       ; Off          ;
; M4       ; 61         ; 2        ; GPIO_OUT[5]                                               ; output ; 2.5 V        ;         ; Row I/O    ; N               ; no       ; Off          ;
; M5       ; 66         ; 2        ; HWDATA2[8]                                                ; input  ; 2.5 V        ;         ; Row I/O    ; N               ; no       ; Off          ;
; M6       ; 57         ; 2        ; HADDR1[1]                                                 ; input  ; 2.5 V        ;         ; Row I/O    ; N               ; no       ; Off          ;
; M7       ;            ;          ; GND                                                       ; gnd    ;              ;         ; --         ;                 ; --       ; --           ;
; M8       ;            ;          ; VCCINT                                                    ; power  ;              ; 1.2V    ; --         ;                 ; --       ; --           ;
; M9       ;            ;          ; VCCINT                                                    ; power  ;              ; 1.2V    ; --         ;                 ; --       ; --           ;
; M10      ;            ;          ; GND                                                       ; gnd    ;              ;         ; --         ;                 ; --       ; --           ;
; M11      ;            ;          ; GND                                                       ; gnd    ;              ;         ; --         ;                 ; --       ; --           ;
; M12      ;            ;          ; GND                                                       ; gnd    ;              ;         ; --         ;                 ; --       ; --           ;
; M13      ;            ;          ; GND                                                       ; gnd    ;              ;         ; --         ;                 ; --       ; --           ;
; M14      ;            ;          ; VCCINT                                                    ; power  ;              ; 1.2V    ; --         ;                 ; --       ; --           ;
; M15      ;            ;          ; VCCINT                                                    ; power  ;              ; 1.2V    ; --         ;                 ; --       ; --           ;
; M16      ; 269        ; 5        ; HADDR2[3]                                                 ; input  ; 2.5 V        ;         ; Row I/O    ; N               ; no       ; Off          ;
; M17      ; 275        ; 6        ; ^MSEL0                                                    ;        ;              ;         ; --         ;                 ; --       ; --           ;
; M18      ; 274        ; 6        ; ^CONF_DONE                                                ;        ;              ;         ; --         ;                 ; --       ; --           ;
; M19      ; 268        ; 5        ; HADDR2[23]                                                ; input  ; 2.5 V        ;         ; Row I/O    ; N               ; no       ; Off          ;
; M20      ; 267        ; 5        ; HADDR1[14]                                                ; input  ; 2.5 V        ;         ; Row I/O    ; N               ; no       ; Off          ;
; M21      ; 266        ; 5        ; HWDATA1[13]                                               ; input  ; 2.5 V        ;         ; Row I/O    ; N               ; no       ; Off          ;
; M22      ; 265        ; 5        ; HWDATA2[30]                                               ; input  ; 2.5 V        ;         ; Row I/O    ; N               ; no       ; Off          ;
; N1       ; 64         ; 2        ; HWDATA1[24]                                               ; input  ; 2.5 V        ;         ; Row I/O    ; N               ; no       ; Off          ;
; N2       ; 63         ; 2        ; HWDATA2[0]                                                ; input  ; 2.5 V        ;         ; Row I/O    ; N               ; no       ; Off          ;
; N3       ;            ;          ; GND                                                       ; gnd    ;              ;         ; --         ;                 ; --       ; --           ;
; N4       ;            ; 2        ; VCCIO2                                                    ; power  ;              ; 2.5V    ; --         ;                 ; --       ; --           ;
; N5       ; 72         ; 2        ; HRDATA1[31]                                               ; output ; 2.5 V        ;         ; Row I/O    ; N               ; no       ; Off          ;
; N6       ; 80         ; 2        ; RESERVED_INPUT_WITH_WEAK_PULLUP                           ;        ;              ;         ; Row I/O    ;                 ; no       ; On           ;
; N7       ;            ;          ; VCCINT                                                    ; power  ;              ; 1.2V    ; --         ;                 ; --       ; --           ;
; N8       ;            ;          ; GND                                                       ; gnd    ;              ;         ; --         ;                 ; --       ; --           ;
; N9       ;            ;          ; VCCINT                                                    ; power  ;              ; 1.2V    ; --         ;                 ; --       ; --           ;
; N10      ;            ;          ; GND                                                       ; gnd    ;              ;         ; --         ;                 ; --       ; --           ;
; N11      ;            ;          ; GND                                                       ; gnd    ;              ;         ; --         ;                 ; --       ; --           ;
; N12      ;            ;          ; GND                                                       ; gnd    ;              ;         ; --         ;                 ; --       ; --           ;
; N13      ;            ;          ; GND                                                       ; gnd    ;              ;         ; --         ;                 ; --       ; --           ;
; N14      ;            ;          ; VCCINT                                                    ; power  ;              ; 1.2V    ; --         ;                 ; --       ; --           ;
; N15      ;            ;          ; GND                                                       ; gnd    ;              ;         ; --         ;                 ; --       ; --           ;
; N16      ;            ;          ; VCCINT                                                    ; power  ;              ; 1.2V    ; --         ;                 ; --       ; --           ;
; N17      ;            ;          ; GND                                                       ; gnd    ;              ;         ; --         ;                 ; --       ; --           ;
; N18      ; 262        ; 5        ; HWDATA2[10]                                               ; input  ; 2.5 V        ;         ; Row I/O    ; N               ; no       ; Off          ;
; N19      ; 260        ; 5        ; HADDR2[11]                                                ; input  ; 2.5 V        ;         ; Row I/O    ; N               ; no       ; Off          ;
; N20      ; 258        ; 5        ; HADDR2[19]                                                ; input  ; 2.5 V        ;         ; Row I/O    ; N               ; no       ; Off          ;
; N21      ; 264        ; 5        ; HADDR1[27]                                                ; input  ; 2.5 V        ;         ; Row I/O    ; N               ; no       ; Off          ;
; N22      ; 263        ; 5        ; HADDR1[18]                                                ; input  ; 2.5 V        ;         ; Row I/O    ; N               ; no       ; Off          ;
; P1       ; 68         ; 2        ; HRDATA2[10]                                               ; output ; 2.5 V        ;         ; Row I/O    ; N               ; no       ; Off          ;
; P2       ; 67         ; 2        ; GPIO_OUT[1]                                               ; output ; 2.5 V        ;         ; Row I/O    ; N               ; no       ; Off          ;
; P3       ; 74         ; 2        ; HRDATA1[10]                                               ; output ; 2.5 V        ;         ; Row I/O    ; N               ; no       ; Off          ;
; P4       ; 73         ; 2        ; HRDATA2[25]                                               ; output ; 2.5 V        ;         ; Row I/O    ; N               ; no       ; Off          ;
; P5       ; 79         ; 2        ; HBURST1[0]                                                ; input  ; 2.5 V        ;         ; Row I/O    ; N               ; no       ; Off          ;
; P6       ;            ;          ; GND                                                       ; gnd    ;              ;         ; --         ;                 ; --       ; --           ;
; P7       ;            ;          ; VCCINT                                                    ; power  ;              ; 1.2V    ; --         ;                 ; --       ; --           ;
; P8       ;            ;          ; GND                                                       ; gnd    ;              ;         ; --         ;                 ; --       ; --           ;
; P9       ;            ;          ; VCCINT                                                    ; power  ;              ; 1.2V    ; --         ;                 ; --       ; --           ;
; P10      ;            ;          ; VCCINT                                                    ; power  ;              ; 1.2V    ; --         ;                 ; --       ; --           ;
; P11      ;            ;          ; VCCINT                                                    ; power  ;              ; 1.2V    ; --         ;                 ; --       ; --           ;
; P12      ;            ;          ; VCCINT                                                    ; power  ;              ; 1.2V    ; --         ;                 ; --       ; --           ;
; P13      ;            ;          ; VCCINT                                                    ; power  ;              ; 1.2V    ; --         ;                 ; --       ; --           ;
; P14      ;            ;          ; VCCINT                                                    ; power  ;              ; 1.2V    ; --         ;                 ; --       ; --           ;
; P15      ;            ;          ; VCCINT                                                    ; power  ;              ; 1.2V    ; --         ;                 ; --       ; --           ;
; P16      ;            ;          ; GND                                                       ; gnd    ;              ;         ; --         ;                 ; --       ; --           ;
; P17      ;            ;          ; VCCINT                                                    ; power  ;              ; 1.2V    ; --         ;                 ; --       ; --           ;
; P18      ;            ; 5        ; VCCIO5                                                    ; power  ;              ; 2.5V    ; --         ;                 ; --       ; --           ;
; P19      ;            ;          ; GND                                                       ; gnd    ;              ;         ; --         ;                 ; --       ; --           ;
; P20      ; 251        ; 5        ; HRDATA2[20]                                               ; output ; 2.5 V        ;         ; Row I/O    ; N               ; no       ; Off          ;
; P21      ; 255        ; 5        ; HADDR2[21]                                                ; input  ; 2.5 V        ;         ; Row I/O    ; N               ; no       ; Off          ;
; P22      ; 254        ; 5        ; HADDR2[9]                                                 ; input  ; 2.5 V        ;         ; Row I/O    ; N               ; no       ; Off          ;
; R1       ; 70         ; 2        ; HADDR1[3]                                                 ; input  ; 2.5 V        ;         ; Row I/O    ; N               ; no       ; Off          ;
; R2       ; 69         ; 2        ; GPIO_IN[6]                                                ; input  ; 2.5 V        ;         ; Row I/O    ; N               ; no       ; Off          ;
; R3       ; 82         ; 2        ; RESERVED_INPUT_WITH_WEAK_PULLUP                           ;        ;              ;         ; Row I/O    ;                 ; no       ; On           ;
; R4       ; 81         ; 2        ; RESERVED_INPUT_WITH_WEAK_PULLUP                           ;        ;              ;         ; Row I/O    ;                 ; no       ; On           ;
; R5       ; 96         ; 2        ; RESERVED_INPUT_WITH_WEAK_PULLUP                           ;        ;              ;         ; Row I/O    ;                 ; --       ; --           ;
; R6       ;            ;          ; VCCINT                                                    ; power  ;              ; 1.2V    ; --         ;                 ; --       ; --           ;
; R7       ;            ;          ; GND                                                       ; gnd    ;              ;         ; --         ;                 ; --       ; --           ;
; R8       ;            ;          ; VCCINT                                                    ; power  ;              ; 1.2V    ; --         ;                 ; --       ; --           ;
; R9       ;            ;          ; GND                                                       ; gnd    ;              ;         ; --         ;                 ; --       ; --           ;
; R10      ;            ;          ; VCCINT                                                    ; power  ;              ; 1.2V    ; --         ;                 ; --       ; --           ;
; R11      ;            ;          ; GND                                                       ; gnd    ;              ;         ; --         ;                 ; --       ; --           ;
; R12      ;            ;          ; VCCINT                                                    ; power  ;              ; 1.2V    ; --         ;                 ; --       ; --           ;
; R13      ;            ;          ; GND                                                       ; gnd    ;              ;         ; --         ;                 ; --       ; --           ;
; R14      ; 218        ; 4        ; HRDATA2[21]                                               ; output ; 2.5 V        ;         ; Column I/O ; N               ; no       ; Off          ;
; R15      ;            ;          ; VCCINT                                                    ; power  ;              ; 1.2V    ; --         ;                 ; --       ; --           ;
; R16      ; 216        ; 4        ; RESERVED_INPUT_WITH_WEAK_PULLUP                           ;        ;              ;         ; Column I/O ;                 ; no       ; On           ;
; R17      ; 237        ; 5        ; HBUSREQ2                                                  ; input  ; 2.5 V        ;         ; Row I/O    ; N               ; no       ; Off          ;
; R18      ; 245        ; 5        ; HRDATA1[3]                                                ; output ; 2.5 V        ;         ; Row I/O    ; N               ; no       ; Off          ;
; R19      ; 246        ; 5        ; HWDATA1[9]                                                ; input  ; 2.5 V        ;         ; Row I/O    ; N               ; no       ; Off          ;
; R20      ; 241        ; 5        ; HRESP2[0]                                                 ; output ; 2.5 V        ;         ; Row I/O    ; N               ; no       ; Off          ;
; R21      ; 250        ; 5        ; HADDR1[26]                                                ; input  ; 2.5 V        ;         ; Row I/O    ; N               ; no       ; Off          ;
; R22      ; 249        ; 5        ; HRDATA1[20]                                               ; output ; 2.5 V        ;         ; Row I/O    ; N               ; no       ; Off          ;
; T1       ; 55         ; 2        ; HADDR2[15]                                                ; input  ; 2.5 V        ;         ; Row I/O    ; N               ; no       ; Off          ;
; T2       ; 54         ; 2        ; HRESETn                                                   ; input  ; 2.5 V        ;         ; Row I/O    ; N               ; no       ; Off          ;
; T3       ; 88         ; 2        ; RESERVED_INPUT_WITH_WEAK_PULLUP                           ;        ;              ;         ; Row I/O    ;                 ; --       ; --           ;
; T4       ; 97         ; 2        ; HBURST1[1]                                                ; input  ; 2.5 V        ;         ; Row I/O    ; N               ; no       ; Off          ;
; T5       ; 98         ; 2        ; RESERVED_INPUT_WITH_WEAK_PULLUP                           ;        ;              ;         ; Row I/O    ;                 ; no       ; On           ;
; T6       ;            ; --       ; VCCA1                                                     ; power  ;              ; 2.5V    ; --         ;                 ; --       ; --           ;
; T7       ;            ;          ; VCCINT                                                    ; power  ;              ; 1.2V    ; --         ;                 ; --       ; --           ;
; T8       ;            ;          ; GND                                                       ; gnd    ;              ;         ; --         ;                 ; --       ; --           ;
; T9       ;            ;          ; VCCINT                                                    ; power  ;              ; 1.2V    ; --         ;                 ; --       ; --           ;
; T10      ;            ;          ; GND                                                       ; gnd    ;              ;         ; --         ;                 ; --       ; --           ;
; T11      ;            ;          ; VCCINT                                                    ; power  ;              ; 1.2V    ; --         ;                 ; --       ; --           ;
; T12      ;            ;          ; GND                                                       ; gnd    ;              ;         ; --         ;                 ; --       ; --           ;
; T13      ;            ;          ; VCCINT                                                    ; power  ;              ; 1.2V    ; --         ;                 ; --       ; --           ;
; T14      ;            ;          ; GND                                                       ; gnd    ;              ;         ; --         ;                 ; --       ; --           ;
; T15      ; 196        ; 4        ; HADDR1[17]                                                ; input  ; 2.5 V        ;         ; Column I/O ; N               ; no       ; Off          ;
; T16      ; 215        ; 4        ; RESERVED_INPUT_WITH_WEAK_PULLUP                           ;        ;              ;         ; Column I/O ;                 ; no       ; On           ;
; T17      ; 223        ; 5        ; HBURST2[1]                                                ; input  ; 2.5 V        ;         ; Row I/O    ; N               ; no       ; Off          ;
; T18      ; 224        ; 5        ; RESERVED_INPUT_WITH_WEAK_PULLUP                           ;        ;              ;         ; Row I/O    ;                 ; no       ; On           ;
; T19      ; 236        ; 5        ; HRESP1[0]                                                 ; output ; 2.5 V        ;         ; Row I/O    ; N               ; no       ; Off          ;
; T20      ; 235        ; 5        ; HWDATA2[20]                                               ; input  ; 2.5 V        ;         ; Row I/O    ; N               ; no       ; Off          ;
; T21      ; 271        ; 5        ; HADDR2[5]                                                 ; input  ; 2.5 V        ;         ; Row I/O    ; N               ; no       ; Off          ;
; T22      ; 270        ; 5        ; HADDR1[5]                                                 ; input  ; 2.5 V        ;         ; Row I/O    ; N               ; no       ; Off          ;
; U1       ; 76         ; 2        ; HRDATA2[22]                                               ; output ; 2.5 V        ;         ; Row I/O    ; N               ; no       ; Off          ;
; U2       ; 75         ; 2        ; HRDATA1[22]                                               ; output ; 2.5 V        ;         ; Row I/O    ; N               ; no       ; Off          ;
; U3       ;            ;          ; GND                                                       ; gnd    ;              ;         ; --         ;                 ; --       ; --           ;
; U4       ;            ; 2        ; VCCIO2                                                    ; power  ;              ; 2.5V    ; --         ;                 ; --       ; --           ;
; U5       ;            ;          ; GNDA1                                                     ; gnd    ;              ;         ; --         ;                 ; --       ; --           ;
; U6       ;            ;          ; VCCD_PLL1                                                 ; power  ;              ; 1.2V    ; --         ;                 ; --       ; --           ;
; U7       ;            ;          ; GND                                                       ; gnd    ;              ;         ; --         ;                 ; --       ; --           ;
; U8       ;            ;          ; VCCINT                                                    ; power  ;              ; 1.2V    ; --         ;                 ; --       ; --           ;
; U9       ; 122        ; 3        ; HRDATA1[23]                                               ; output ; 2.5 V        ;         ; Column I/O ; N               ; no       ; Off          ;
; U10      ; 143        ; 3        ; GPIO_OUT[2]                                               ; output ; 2.5 V        ;         ; Column I/O ; N               ; no       ; Off          ;
; U11      ; 154        ; 3        ; HWDATA2[3]                                                ; input  ; 2.5 V        ;         ; Column I/O ; N               ; no       ; Off          ;
; U12      ; 179        ; 4        ; HWDATA1[22]                                               ; input  ; 2.5 V        ;         ; Column I/O ; N               ; no       ; Off          ;
; U13      ;            ;          ; GND                                                       ; gnd    ;              ;         ; --         ;                 ; --       ; --           ;
; U14      ; 190        ; 4        ; HADDR2[7]                                                 ; input  ; 2.5 V        ;         ; Column I/O ; N               ; no       ; Off          ;
; U15      ; 191        ; 4        ; HRDATA1[27]                                               ; output ; 2.5 V        ;         ; Column I/O ; N               ; no       ; Off          ;
; U16      ; 212        ; 4        ; HRDATA1[21]                                               ; output ; 2.5 V        ;         ; Column I/O ; N               ; no       ; Off          ;
; U17      ; 213        ; 4        ; HSIZE2[0]                                                 ; input  ; 2.5 V        ;         ; Column I/O ; N               ; no       ; Off          ;
; U18      ;            ; --       ; VCCA4                                                     ; power  ;              ; 2.5V    ; --         ;                 ; --       ; --           ;
; U19      ; 230        ; 5        ; HADDR2[6]                                                 ; input  ; 2.5 V        ;         ; Row I/O    ; N               ; no       ; Off          ;
; U20      ; 229        ; 5        ; RESERVED_INPUT_WITH_WEAK_PULLUP                           ;        ;              ;         ; Row I/O    ;                 ; no       ; On           ;
; U21      ; 244        ; 5        ; HWDATA2[11]                                               ; input  ; 2.5 V        ;         ; Row I/O    ; N               ; no       ; Off          ;
; U22      ; 243        ; 5        ; HADDR2[10]                                                ; input  ; 2.5 V        ;         ; Row I/O    ; N               ; no       ; Off          ;
; V1       ; 78         ; 2        ; RESERVED_INPUT_WITH_WEAK_PULLUP                           ;        ;              ;         ; Row I/O    ;                 ; no       ; On           ;
; V2       ; 77         ; 2        ; HRDATA1[25]                                               ; output ; 2.5 V        ;         ; Row I/O    ; N               ; no       ; Off          ;
; V3       ; 92         ; 2        ; RESERVED_INPUT_WITH_WEAK_PULLUP                           ;        ;              ;         ; Row I/O    ;                 ; no       ; On           ;
; V4       ; 91         ; 2        ; RESERVED_INPUT_WITH_WEAK_PULLUP                           ;        ;              ;         ; Row I/O    ;                 ; no       ; On           ;
; V5       ; 104        ; 3        ; HTRANS2[0]                                                ; input  ; 2.5 V        ;         ; Column I/O ; N               ; no       ; Off          ;
; V6       ;            ;          ; GND                                                       ; gnd    ;              ;         ; --         ;                 ; --       ; --           ;
; V7       ;            ;          ; VCCINT                                                    ; power  ;              ; 1.2V    ; --         ;                 ; --       ; --           ;
; V8       ; 123        ; 3        ; HRDATA2[23]                                               ; output ; 2.5 V        ;         ; Column I/O ; N               ; no       ; Off          ;
; V9       ; 139        ; 3        ; HRDATA1[7]                                                ; output ; 2.5 V        ;         ; Column I/O ; N               ; no       ; Off          ;
; V10      ; 140        ; 3        ; HRDATA2[7]                                                ; output ; 2.5 V        ;         ; Column I/O ; N               ; no       ; Off          ;
; V11      ; 155        ; 3        ; HWDATA2[5]                                                ; input  ; 2.5 V        ;         ; Column I/O ; N               ; no       ; Off          ;
; V12      ; 173        ; 4        ; HWDATA1[19]                                               ; input  ; 2.5 V        ;         ; Column I/O ; N               ; no       ; Off          ;
; V13      ; 185        ; 4        ; HWDATA2[15]                                               ; input  ; 2.5 V        ;         ; Column I/O ; N               ; no       ; Off          ;
; V14      ; 189        ; 4        ; HADDR2[12]                                                ; input  ; 2.5 V        ;         ; Column I/O ; N               ; no       ; Off          ;
; V15      ; 192        ; 4        ; HWDATA1[17]                                               ; input  ; 2.5 V        ;         ; Column I/O ; N               ; no       ; Off          ;
; V16      ; 211        ; 4        ; RESERVED_INPUT_WITH_WEAK_PULLUP                           ;        ;              ;         ; Column I/O ;                 ; --       ; --           ;
; V17      ;            ;          ; VCCD_PLL4                                                 ; power  ;              ; 1.2V    ; --         ;                 ; --       ; --           ;
; V18      ;            ;          ; GNDA4                                                     ; gnd    ;              ;         ; --         ;                 ; --       ; --           ;
; V19      ;            ; 5        ; VCCIO5                                                    ; power  ;              ; 2.5V    ; --         ;                 ; --       ; --           ;
; V20      ;            ;          ; GND                                                       ; gnd    ;              ;         ; --         ;                 ; --       ; --           ;
; V21      ; 240        ; 5        ; HRDATA2[3]                                                ; output ; 2.5 V        ;         ; Row I/O    ; N               ; no       ; Off          ;
; V22      ; 239        ; 5        ; HADDR1[10]                                                ; input  ; 2.5 V        ;         ; Row I/O    ; N               ; no       ; Off          ;
; W1       ; 84         ; 2        ; RESERVED_INPUT_WITH_WEAK_PULLUP                           ;        ;              ;         ; Row I/O    ;                 ; no       ; On           ;
; W2       ; 83         ; 2        ; RESERVED_INPUT_WITH_WEAK_PULLUP                           ;        ;              ;         ; Row I/O    ;                 ; no       ; On           ;
; W3       ;            ;          ; GND                                                       ; gnd    ;              ;         ; --         ;                 ; --       ; --           ;
; W4       ;            ; 2        ; VCCIO2                                                    ; power  ;              ; 2.5V    ; --         ;                 ; --       ; --           ;
; W5       ;            ; 3        ; VCCIO3                                                    ; power  ;              ; 2.5V    ; --         ;                 ; --       ; --           ;
; W6       ; 112        ; 3        ; RESERVED_INPUT_WITH_WEAK_PULLUP                           ;        ;              ;         ; Column I/O ;                 ; no       ; On           ;
; W7       ; 120        ; 3        ; HRDATA2[1]                                                ; output ; 2.5 V        ;         ; Column I/O ; N               ; no       ; Off          ;
; W8       ; 124        ; 3        ; RESERVED_INPUT_WITH_WEAK_PULLUP                           ;        ;              ;         ; Column I/O ;                 ; no       ; On           ;
; W9       ;            ; 3        ; VCCIO3                                                    ; power  ;              ; 2.5V    ; --         ;                 ; --       ; --           ;
; W10      ; 156        ; 3        ; HWDATA1[4]                                                ; input  ; 2.5 V        ;         ; Column I/O ; N               ; no       ; Off          ;
; W11      ;            ; 3        ; VCCIO3                                                    ; power  ;              ; 2.5V    ; --         ;                 ; --       ; --           ;
; W12      ;            ; 4        ; VCCIO4                                                    ; power  ;              ; 2.5V    ; --         ;                 ; --       ; --           ;
; W13      ; 175        ; 4        ; HWDATA1[16]                                               ; input  ; 2.5 V        ;         ; Column I/O ; N               ; no       ; Off          ;
; W14      ; 186        ; 4        ; HWDATA1[15]                                               ; input  ; 2.5 V        ;         ; Column I/O ; N               ; no       ; Off          ;
; W15      ; 193        ; 4        ; HWRITE1                                                   ; input  ; 2.5 V        ;         ; Column I/O ; N               ; no       ; Off          ;
; W16      ;            ; 4        ; VCCIO4                                                    ; power  ;              ; 2.5V    ; --         ;                 ; --       ; --           ;
; W17      ; 203        ; 4        ; HRDATA1[14]                                               ; output ; 2.5 V        ;         ; Column I/O ; N               ; no       ; Off          ;
; W18      ;            ; 4        ; VCCIO4                                                    ; power  ;              ; 2.5V    ; --         ;                 ; --       ; --           ;
; W19      ; 226        ; 5        ; RESERVED_INPUT_WITH_WEAK_PULLUP                           ;        ;              ;         ; Row I/O    ;                 ; --       ; --           ;
; W20      ; 225        ; 5        ; HBURST2[0]                                                ; input  ; 2.5 V        ;         ; Row I/O    ; N               ; no       ; Off          ;
; W21      ; 234        ; 5        ; RESERVED_INPUT_WITH_WEAK_PULLUP                           ;        ;              ;         ; Row I/O    ;                 ; no       ; On           ;
; W22      ; 233        ; 5        ; HSIZE2[1]                                                 ; input  ; 2.5 V        ;         ; Row I/O    ; N               ; no       ; Off          ;
; Y1       ; 86         ; 2        ; HSIZE2[2]                                                 ; input  ; 2.5 V        ;         ; Row I/O    ; N               ; no       ; Off          ;
; Y2       ; 85         ; 2        ; RESERVED_INPUT_WITH_WEAK_PULLUP                           ;        ;              ;         ; Row I/O    ;                 ; no       ; On           ;
; Y3       ; 108        ; 3        ; RESERVED_INPUT_WITH_WEAK_PULLUP                           ;        ;              ;         ; Column I/O ;                 ; no       ; On           ;
; Y4       ; 107        ; 3        ; HRESP2[1]                                                 ; output ; 2.5 V        ;         ; Column I/O ; N               ; no       ; Off          ;
; Y5       ;            ;          ; GND                                                       ; gnd    ;              ;         ; --         ;                 ; --       ; --           ;
; Y6       ; 109        ; 3        ; RESERVED_INPUT_WITH_WEAK_PULLUP                           ;        ;              ;         ; Column I/O ;                 ; no       ; On           ;
; Y7       ; 121        ; 3        ; RESERVED_INPUT_WITH_WEAK_PULLUP                           ;        ;              ;         ; Column I/O ;                 ; no       ; On           ;
; Y8       ; 129        ; 3        ; RESERVED_INPUT_WITH_WEAK_PULLUP                           ;        ;              ;         ; Column I/O ;                 ; no       ; On           ;
; Y9       ;            ;          ; GND                                                       ; gnd    ;              ;         ; --         ;                 ; --       ; --           ;
; Y10      ; 157        ; 3        ; GPIO_IN[5]                                                ; input  ; 2.5 V        ;         ; Column I/O ; N               ; no       ; Off          ;
; Y11      ;            ;          ; GND                                                       ; gnd    ;              ;         ; --         ;                 ; --       ; --           ;
; Y12      ;            ;          ; GND                                                       ; gnd    ;              ;         ; --         ;                 ; --       ; --           ;
; Y13      ; 176        ; 4        ; HWDATA2[24]                                               ; input  ; 2.5 V        ;         ; Column I/O ; N               ; no       ; Off          ;
; Y14      ; 181        ; 4        ; HWDATA1[11]                                               ; input  ; 2.5 V        ;         ; Column I/O ; N               ; no       ; Off          ;
; Y15      ; 182        ; 4        ; HWDATA1[14]                                               ; input  ; 2.5 V        ;         ; Column I/O ; N               ; no       ; Off          ;
; Y16      ;            ;          ; GND                                                       ; gnd    ;              ;         ; --         ;                 ; --       ; --           ;
; Y17      ; 204        ; 4        ; HSIZE1[2]                                                 ; input  ; 2.5 V        ;         ; Column I/O ; N               ; no       ; Off          ;
; Y18      ;            ;          ; GND                                                       ; gnd    ;              ;         ; --         ;                 ; --       ; --           ;
; Y19      ;            ; 5        ; VCCIO5                                                    ; power  ;              ; 2.5V    ; --         ;                 ; --       ; --           ;
; Y20      ;            ;          ; GND                                                       ; gnd    ;              ;         ; --         ;                 ; --       ; --           ;
; Y21      ; 228        ; 5        ; RESERVED_INPUT_WITH_WEAK_PULLUP                           ;        ;              ;         ; Row I/O    ;                 ; no       ; On           ;
; Y22      ; 227        ; 5        ; RESERVED_INPUT_WITH_WEAK_PULLUP                           ;        ;              ;         ; Row I/O    ;                 ; no       ; On           ;
+----------+------------+----------+-----------------------------------------------------------+--------+--------------+---------+------------+-----------------+----------+--------------+
Note: Pin directions (input, output or bidir) are based on device operating in user mode.


+--------------------------------------------------------------------------------------------------------------------------------------------------------------------------------------------------------------------------------------------------------------------------------------------------------------------------------+
; Fitter Resource Utilization by Entity                                                                                                                                                                                                                                                                                          ;
+------------------------------------------+-------------+---------------------------+---------------+-------------+------+--------------+---------+-----------+------+--------------+--------------+-------------------+------------------+----------------------------------------------------------------------+--------------+
; Compilation Hierarchy Node               ; Logic Cells ; Dedicated Logic Registers ; I/O Registers ; Memory Bits ; M9Ks ; DSP Elements ; DSP 9x9 ; DSP 18x18 ; Pins ; Virtual Pins ; LUT-Only LCs ; Register-Only LCs ; LUT/Register LCs ; Full Hierarchy Name                                                  ; Library Name ;
+------------------------------------------+-------------+---------------------------+---------------+-------------+------+--------------+---------+-----------+------+--------------+--------------+-------------------+------------------+----------------------------------------------------------------------+--------------+
; |dut_top                                 ; 593 (0)     ; 373 (0)                   ; 0 (0)         ; 0           ; 0    ; 0            ; 0       ; 0         ; 240  ; 0            ; 220 (0)      ; 104 (0)           ; 269 (0)          ; |dut_top                                                             ; work         ;
;    |ahb_interconnect:interconnect_inst|  ; 55 (53)     ; 3 (1)                     ; 0 (0)         ; 0           ; 0    ; 0            ; 0       ; 0         ; 0    ; 0            ; 3 (3)        ; 0 (0)             ; 52 (50)          ; |dut_top|ahb_interconnect:interconnect_inst                          ; work         ;
;       |ahb_arbiter:arbiter_inst|         ; 2 (2)       ; 2 (2)                     ; 0 (0)         ; 0           ; 0    ; 0            ; 0       ; 0         ; 0    ; 0            ; 0 (0)        ; 0 (0)             ; 2 (2)            ; |dut_top|ahb_interconnect:interconnect_inst|ahb_arbiter:arbiter_inst ; work         ;
;    |apb_slave_gpio:gpio_inst|            ; 36 (36)     ; 24 (24)                   ; 0 (0)         ; 0           ; 0    ; 0            ; 0       ; 0         ; 0    ; 0            ; 12 (12)      ; 0 (0)             ; 24 (24)          ; |dut_top|apb_slave_gpio:gpio_inst                                    ; work         ;
;    |apb_slave_regfile:regfile_inst|      ; 271 (271)   ; 256 (256)                 ; 0 (0)         ; 0           ; 0    ; 0            ; 0       ; 0         ; 0    ; 0            ; 15 (15)      ; 104 (104)         ; 152 (152)        ; |dut_top|apb_slave_regfile:regfile_inst                              ; work         ;
;    |apb_slave_timer:timer_inst|          ; 91 (91)     ; 65 (65)                   ; 0 (0)         ; 0           ; 0    ; 0            ; 0       ; 0         ; 0    ; 0            ; 26 (26)      ; 0 (0)             ; 65 (65)          ; |dut_top|apb_slave_timer:timer_inst                                  ; work         ;
;    |bridge_top:bridge_inst|              ; 302 (19)    ; 25 (17)                   ; 0 (0)         ; 0           ; 0    ; 0            ; 0       ; 0         ; 0    ; 0            ; 164 (2)      ; 0 (0)             ; 138 (17)         ; |dut_top|bridge_top:bridge_inst                                      ; work         ;
;       |bridge_addr_decoder:addr_decoder| ; 16 (16)     ; 0 (0)                     ; 0 (0)         ; 0           ; 0    ; 0            ; 0       ; 0         ; 0    ; 0            ; 15 (15)      ; 0 (0)             ; 1 (1)            ; |dut_top|bridge_top:bridge_inst|bridge_addr_decoder:addr_decoder     ; work         ;
;       |bridge_fsm:fsm|                   ; 17 (17)     ; 8 (8)                     ; 0 (0)         ; 0           ; 0    ; 0            ; 0       ; 0         ; 0    ; 0            ; 9 (9)        ; 0 (0)             ; 8 (8)            ; |dut_top|bridge_top:bridge_inst|bridge_fsm:fsm                       ; work         ;
;       |bridge_prdata_mux:prdata_mux|     ; 250 (250)   ; 0 (0)                     ; 0 (0)         ; 0           ; 0    ; 0            ; 0       ; 0         ; 0    ; 0            ; 138 (138)    ; 0 (0)             ; 112 (112)        ; |dut_top|bridge_top:bridge_inst|bridge_prdata_mux:prdata_mux         ; work         ;
+------------------------------------------+-------------+---------------------------+---------------+-------------+------+--------------+---------+-----------+------+--------------+--------------+-------------------+------------------+----------------------------------------------------------------------+--------------+
Note: For table entries with two numbers listed, the numbers in parentheses indicate the number of resources of the given type used by the specific entity alone. The numbers listed outside of parentheses indicate the total resources of the given type used by the specific entity and all of its sub-entities in the hierarchy.


+--------------------------------------------------------------------------------------------------+
; Delay Chain Summary                                                                              ;
+------------------+----------+---------------+---------------+-----------------------+-----+------+
; Name             ; Pin Type ; Pad to Core 0 ; Pad to Core 1 ; Pad to Input Register ; TCO ; TCOE ;
+------------------+----------+---------------+---------------+-----------------------+-----+------+
; HTRANS1[0]       ; Input    ; --            ; --            ; --                    ; --  ; --   ;
; HSIZE1[0]        ; Input    ; --            ; --            ; --                    ; --  ; --   ;
; HSIZE1[1]        ; Input    ; --            ; --            ; --                    ; --  ; --   ;
; HSIZE1[2]        ; Input    ; --            ; --            ; --                    ; --  ; --   ;
; HBURST1[0]       ; Input    ; --            ; --            ; --                    ; --  ; --   ;
; HBURST1[1]       ; Input    ; --            ; --            ; --                    ; --  ; --   ;
; HBURST1[2]       ; Input    ; --            ; --            ; --                    ; --  ; --   ;
; HGRANT1          ; Output   ; --            ; --            ; --                    ; --  ; --   ;
; HRDATA1[0]       ; Output   ; --            ; --            ; --                    ; --  ; --   ;
; HRDATA1[1]       ; Output   ; --            ; --            ; --                    ; --  ; --   ;
; HRDATA1[2]       ; Output   ; --            ; --            ; --                    ; --  ; --   ;
; HRDATA1[3]       ; Output   ; --            ; --            ; --                    ; --  ; --   ;
; HRDATA1[4]       ; Output   ; --            ; --            ; --                    ; --  ; --   ;
; HRDATA1[5]       ; Output   ; --            ; --            ; --                    ; --  ; --   ;
; HRDATA1[6]       ; Output   ; --            ; --            ; --                    ; --  ; --   ;
; HRDATA1[7]       ; Output   ; --            ; --            ; --                    ; --  ; --   ;
; HRDATA1[8]       ; Output   ; --            ; --            ; --                    ; --  ; --   ;
; HRDATA1[9]       ; Output   ; --            ; --            ; --                    ; --  ; --   ;
; HRDATA1[10]      ; Output   ; --            ; --            ; --                    ; --  ; --   ;
; HRDATA1[11]      ; Output   ; --            ; --            ; --                    ; --  ; --   ;
; HRDATA1[12]      ; Output   ; --            ; --            ; --                    ; --  ; --   ;
; HRDATA1[13]      ; Output   ; --            ; --            ; --                    ; --  ; --   ;
; HRDATA1[14]      ; Output   ; --            ; --            ; --                    ; --  ; --   ;
; HRDATA1[15]      ; Output   ; --            ; --            ; --                    ; --  ; --   ;
; HRDATA1[16]      ; Output   ; --            ; --            ; --                    ; --  ; --   ;
; HRDATA1[17]      ; Output   ; --            ; --            ; --                    ; --  ; --   ;
; HRDATA1[18]      ; Output   ; --            ; --            ; --                    ; --  ; --   ;
; HRDATA1[19]      ; Output   ; --            ; --            ; --                    ; --  ; --   ;
; HRDATA1[20]      ; Output   ; --            ; --            ; --                    ; --  ; --   ;
; HRDATA1[21]      ; Output   ; --            ; --            ; --                    ; --  ; --   ;
; HRDATA1[22]      ; Output   ; --            ; --            ; --                    ; --  ; --   ;
; HRDATA1[23]      ; Output   ; --            ; --            ; --                    ; --  ; --   ;
; HRDATA1[24]      ; Output   ; --            ; --            ; --                    ; --  ; --   ;
; HRDATA1[25]      ; Output   ; --            ; --            ; --                    ; --  ; --   ;
; HRDATA1[26]      ; Output   ; --            ; --            ; --                    ; --  ; --   ;
; HRDATA1[27]      ; Output   ; --            ; --            ; --                    ; --  ; --   ;
; HRDATA1[28]      ; Output   ; --            ; --            ; --                    ; --  ; --   ;
; HRDATA1[29]      ; Output   ; --            ; --            ; --                    ; --  ; --   ;
; HRDATA1[30]      ; Output   ; --            ; --            ; --                    ; --  ; --   ;
; HRDATA1[31]      ; Output   ; --            ; --            ; --                    ; --  ; --   ;
; HREADY1          ; Output   ; --            ; --            ; --                    ; --  ; --   ;
; HRESP1[0]        ; Output   ; --            ; --            ; --                    ; --  ; --   ;
; HRESP1[1]        ; Output   ; --            ; --            ; --                    ; --  ; --   ;
; HTRANS2[0]       ; Input    ; --            ; --            ; --                    ; --  ; --   ;
; HSIZE2[0]        ; Input    ; --            ; --            ; --                    ; --  ; --   ;
; HSIZE2[1]        ; Input    ; --            ; --            ; --                    ; --  ; --   ;
; HSIZE2[2]        ; Input    ; --            ; --            ; --                    ; --  ; --   ;
; HBURST2[0]       ; Input    ; --            ; --            ; --                    ; --  ; --   ;
; HBURST2[1]       ; Input    ; --            ; --            ; --                    ; --  ; --   ;
; HBURST2[2]       ; Input    ; --            ; --            ; --                    ; --  ; --   ;
; HGRANT2          ; Output   ; --            ; --            ; --                    ; --  ; --   ;
; HRDATA2[0]       ; Output   ; --            ; --            ; --                    ; --  ; --   ;
; HRDATA2[1]       ; Output   ; --            ; --            ; --                    ; --  ; --   ;
; HRDATA2[2]       ; Output   ; --            ; --            ; --                    ; --  ; --   ;
; HRDATA2[3]       ; Output   ; --            ; --            ; --                    ; --  ; --   ;
; HRDATA2[4]       ; Output   ; --            ; --            ; --                    ; --  ; --   ;
; HRDATA2[5]       ; Output   ; --            ; --            ; --                    ; --  ; --   ;
; HRDATA2[6]       ; Output   ; --            ; --            ; --                    ; --  ; --   ;
; HRDATA2[7]       ; Output   ; --            ; --            ; --                    ; --  ; --   ;
; HRDATA2[8]       ; Output   ; --            ; --            ; --                    ; --  ; --   ;
; HRDATA2[9]       ; Output   ; --            ; --            ; --                    ; --  ; --   ;
; HRDATA2[10]      ; Output   ; --            ; --            ; --                    ; --  ; --   ;
; HRDATA2[11]      ; Output   ; --            ; --            ; --                    ; --  ; --   ;
; HRDATA2[12]      ; Output   ; --            ; --            ; --                    ; --  ; --   ;
; HRDATA2[13]      ; Output   ; --            ; --            ; --                    ; --  ; --   ;
; HRDATA2[14]      ; Output   ; --            ; --            ; --                    ; --  ; --   ;
; HRDATA2[15]      ; Output   ; --            ; --            ; --                    ; --  ; --   ;
; HRDATA2[16]      ; Output   ; --            ; --            ; --                    ; --  ; --   ;
; HRDATA2[17]      ; Output   ; --            ; --            ; --                    ; --  ; --   ;
; HRDATA2[18]      ; Output   ; --            ; --            ; --                    ; --  ; --   ;
; HRDATA2[19]      ; Output   ; --            ; --            ; --                    ; --  ; --   ;
; HRDATA2[20]      ; Output   ; --            ; --            ; --                    ; --  ; --   ;
; HRDATA2[21]      ; Output   ; --            ; --            ; --                    ; --  ; --   ;
; HRDATA2[22]      ; Output   ; --            ; --            ; --                    ; --  ; --   ;
; HRDATA2[23]      ; Output   ; --            ; --            ; --                    ; --  ; --   ;
; HRDATA2[24]      ; Output   ; --            ; --            ; --                    ; --  ; --   ;
; HRDATA2[25]      ; Output   ; --            ; --            ; --                    ; --  ; --   ;
; HRDATA2[26]      ; Output   ; --            ; --            ; --                    ; --  ; --   ;
; HRDATA2[27]      ; Output   ; --            ; --            ; --                    ; --  ; --   ;
; HRDATA2[28]      ; Output   ; --            ; --            ; --                    ; --  ; --   ;
; HRDATA2[29]      ; Output   ; --            ; --            ; --                    ; --  ; --   ;
; HRDATA2[30]      ; Output   ; --            ; --            ; --                    ; --  ; --   ;
; HRDATA2[31]      ; Output   ; --            ; --            ; --                    ; --  ; --   ;
; HREADY2          ; Output   ; --            ; --            ; --                    ; --  ; --   ;
; HRESP2[0]        ; Output   ; --            ; --            ; --                    ; --  ; --   ;
; HRESP2[1]        ; Output   ; --            ; --            ; --                    ; --  ; --   ;
; GPIO_OUT[0]      ; Output   ; --            ; --            ; --                    ; --  ; --   ;
; GPIO_OUT[1]      ; Output   ; --            ; --            ; --                    ; --  ; --   ;
; GPIO_OUT[2]      ; Output   ; --            ; --            ; --                    ; --  ; --   ;
; GPIO_OUT[3]      ; Output   ; --            ; --            ; --                    ; --  ; --   ;
; GPIO_OUT[4]      ; Output   ; --            ; --            ; --                    ; --  ; --   ;
; GPIO_OUT[5]      ; Output   ; --            ; --            ; --                    ; --  ; --   ;
; GPIO_OUT[6]      ; Output   ; --            ; --            ; --                    ; --  ; --   ;
; GPIO_OUT[7]      ; Output   ; --            ; --            ; --                    ; --  ; --   ;
; TIMER_IRQ        ; Output   ; --            ; --            ; --                    ; --  ; --   ;
; ARBITER_MODE_OUT ; Output   ; --            ; --            ; --                    ; --  ; --   ;
; HADDR1[17]       ; Input    ; (6) 1314 ps   ; --            ; --                    ; --  ; --   ;
; HADDR2[17]       ; Input    ; (6) 1314 ps   ; --            ; --                    ; --  ; --   ;
; HADDR2[30]       ; Input    ; (6) 1314 ps   ; --            ; --                    ; --  ; --   ;
; HADDR2[23]       ; Input    ; --            ; (6) 1314 ps   ; --                    ; --  ; --   ;
; HADDR2[18]       ; Input    ; --            ; (6) 1314 ps   ; --                    ; --  ; --   ;
; HADDR2[19]       ; Input    ; (6) 1314 ps   ; --            ; --                    ; --  ; --   ;
; HADDR1[21]       ; Input    ; --            ; (6) 1314 ps   ; --                    ; --  ; --   ;
; HADDR1[30]       ; Input    ; --            ; (6) 1314 ps   ; --                    ; --  ; --   ;
; HADDR1[23]       ; Input    ; (6) 1314 ps   ; --            ; --                    ; --  ; --   ;
; HADDR1[18]       ; Input    ; (6) 1314 ps   ; --            ; --                    ; --  ; --   ;
; HADDR1[19]       ; Input    ; --            ; (6) 1314 ps   ; --                    ; --  ; --   ;
; HADDR1[20]       ; Input    ; --            ; (6) 1314 ps   ; --                    ; --  ; --   ;
; HADDR2[20]       ; Input    ; (6) 1314 ps   ; --            ; --                    ; --  ; --   ;
; HADDR2[21]       ; Input    ; (6) 1314 ps   ; --            ; --                    ; --  ; --   ;
; HADDR2[27]       ; Input    ; --            ; (6) 1314 ps   ; --                    ; --  ; --   ;
; HADDR2[25]       ; Input    ; --            ; (6) 1314 ps   ; --                    ; --  ; --   ;
; HADDR2[31]       ; Input    ; (6) 1314 ps   ; --            ; --                    ; --  ; --   ;
; HADDR2[24]       ; Input    ; (6) 1314 ps   ; --            ; --                    ; --  ; --   ;
; HADDR1[22]       ; Input    ; (6) 1314 ps   ; --            ; --                    ; --  ; --   ;
; HADDR1[31]       ; Input    ; (6) 1314 ps   ; --            ; --                    ; --  ; --   ;
; HADDR1[27]       ; Input    ; --            ; (6) 1314 ps   ; --                    ; --  ; --   ;
; HADDR1[25]       ; Input    ; --            ; (6) 1314 ps   ; --                    ; --  ; --   ;
; HADDR1[26]       ; Input    ; (6) 1314 ps   ; --            ; --                    ; --  ; --   ;
; HADDR1[24]       ; Input    ; --            ; (6) 1314 ps   ; --                    ; --  ; --   ;
; HADDR2[22]       ; Input    ; --            ; (6) 1314 ps   ; --                    ; --  ; --   ;
; HADDR2[26]       ; Input    ; (6) 1314 ps   ; --            ; --                    ; --  ; --   ;
; HADDR2[29]       ; Input    ; --            ; (6) 1314 ps   ; --                    ; --  ; --   ;
; HADDR2[28]       ; Input    ; (6) 1314 ps   ; --            ; --                    ; --  ; --   ;
; HADDR1[28]       ; Input    ; (6) 1314 ps   ; --            ; --                    ; --  ; --   ;
; HADDR1[29]       ; Input    ; (6) 1314 ps   ; --            ; --                    ; --  ; --   ;
; HADDR1[16]       ; Input    ; (6) 1314 ps   ; --            ; --                    ; --  ; --   ;
; HADDR2[16]       ; Input    ; (6) 1314 ps   ; --            ; --                    ; --  ; --   ;
; GPIO_IN[0]       ; Input    ; --            ; (6) 1314 ps   ; --                    ; --  ; --   ;
; GPIO_IN[1]       ; Input    ; --            ; (6) 1314 ps   ; --                    ; --  ; --   ;
; GPIO_IN[2]       ; Input    ; --            ; (6) 1314 ps   ; --                    ; --  ; --   ;
; GPIO_IN[3]       ; Input    ; (6) 1314 ps   ; --            ; --                    ; --  ; --   ;
; GPIO_IN[4]       ; Input    ; (6) 1314 ps   ; --            ; --                    ; --  ; --   ;
; GPIO_IN[5]       ; Input    ; --            ; (6) 1314 ps   ; --                    ; --  ; --   ;
; GPIO_IN[6]       ; Input    ; --            ; (6) 1314 ps   ; --                    ; --  ; --   ;
; GPIO_IN[7]       ; Input    ; (6) 1314 ps   ; --            ; --                    ; --  ; --   ;
; HBUSREQ1         ; Input    ; --            ; (6) 1314 ps   ; --                    ; --  ; --   ;
; HCLK             ; Input    ; (0) 0 ps      ; --            ; --                    ; --  ; --   ;
; HRESETn          ; Input    ; (0) 0 ps      ; --            ; --                    ; --  ; --   ;
; HWRITE1          ; Input    ; --            ; (6) 1314 ps   ; --                    ; --  ; --   ;
; HWRITE2          ; Input    ; --            ; (6) 1314 ps   ; --                    ; --  ; --   ;
; HADDR1[0]        ; Input    ; (6) 1314 ps   ; --            ; --                    ; --  ; --   ;
; HADDR2[0]        ; Input    ; (6) 1314 ps   ; --            ; --                    ; --  ; --   ;
; HTRANS2[1]       ; Input    ; --            ; (6) 1314 ps   ; --                    ; --  ; --   ;
; HTRANS1[1]       ; Input    ; (6) 1314 ps   ; --            ; --                    ; --  ; --   ;
; HADDR1[11]       ; Input    ; (6) 1314 ps   ; --            ; --                    ; --  ; --   ;
; HADDR2[11]       ; Input    ; (6) 1314 ps   ; --            ; --                    ; --  ; --   ;
; HADDR1[10]       ; Input    ; (6) 1314 ps   ; --            ; --                    ; --  ; --   ;
; HADDR2[10]       ; Input    ; (6) 1314 ps   ; --            ; --                    ; --  ; --   ;
; HADDR1[9]        ; Input    ; --            ; (6) 1314 ps   ; --                    ; --  ; --   ;
; HADDR2[9]        ; Input    ; (6) 1314 ps   ; --            ; --                    ; --  ; --   ;
; HADDR1[8]        ; Input    ; --            ; (6) 1314 ps   ; --                    ; --  ; --   ;
; HADDR2[8]        ; Input    ; (6) 1314 ps   ; --            ; --                    ; --  ; --   ;
; HADDR1[7]        ; Input    ; (6) 1314 ps   ; --            ; --                    ; --  ; --   ;
; HADDR2[7]        ; Input    ; (6) 1314 ps   ; --            ; --                    ; --  ; --   ;
; HADDR1[6]        ; Input    ; (6) 1314 ps   ; --            ; --                    ; --  ; --   ;
; HADDR2[6]        ; Input    ; (6) 1314 ps   ; --            ; --                    ; --  ; --   ;
; HADDR1[5]        ; Input    ; (0) 0 ps      ; --            ; --                    ; --  ; --   ;
; HADDR2[5]        ; Input    ; (0) 0 ps      ; --            ; --                    ; --  ; --   ;
; HADDR1[1]        ; Input    ; (6) 1314 ps   ; --            ; --                    ; --  ; --   ;
; HADDR2[1]        ; Input    ; (6) 1314 ps   ; --            ; --                    ; --  ; --   ;
; HADDR1[15]       ; Input    ; (6) 1314 ps   ; --            ; --                    ; --  ; --   ;
; HADDR2[15]       ; Input    ; (0) 0 ps      ; --            ; --                    ; --  ; --   ;
; HADDR1[14]       ; Input    ; (6) 1314 ps   ; --            ; --                    ; --  ; --   ;
; HADDR2[14]       ; Input    ; (6) 1314 ps   ; --            ; --                    ; --  ; --   ;
; HADDR1[13]       ; Input    ; (6) 1314 ps   ; --            ; --                    ; --  ; --   ;
; HADDR2[13]       ; Input    ; (6) 1314 ps   ; --            ; --                    ; --  ; --   ;
; HADDR1[12]       ; Input    ; --            ; (6) 1314 ps   ; --                    ; --  ; --   ;
; HADDR2[12]       ; Input    ; (6) 1314 ps   ; --            ; --                    ; --  ; --   ;
; HADDR1[3]        ; Input    ; (6) 1314 ps   ; --            ; --                    ; --  ; --   ;
; HADDR2[3]        ; Input    ; (6) 1314 ps   ; --            ; --                    ; --  ; --   ;
; HADDR1[2]        ; Input    ; (6) 1314 ps   ; --            ; --                    ; --  ; --   ;
; HADDR2[2]        ; Input    ; --            ; (6) 1314 ps   ; --                    ; --  ; --   ;
; HADDR1[4]        ; Input    ; (6) 1314 ps   ; --            ; --                    ; --  ; --   ;
; HADDR2[4]        ; Input    ; (6) 1314 ps   ; --            ; --                    ; --  ; --   ;
; HWDATA2[0]       ; Input    ; --            ; (6) 1314 ps   ; --                    ; --  ; --   ;
; HWDATA1[0]       ; Input    ; (6) 1314 ps   ; --            ; --                    ; --  ; --   ;
; HWDATA2[1]       ; Input    ; (6) 1314 ps   ; --            ; --                    ; --  ; --   ;
; HWDATA1[1]       ; Input    ; --            ; (6) 1314 ps   ; --                    ; --  ; --   ;
; HWDATA2[2]       ; Input    ; (6) 1314 ps   ; --            ; --                    ; --  ; --   ;
; HWDATA1[2]       ; Input    ; (6) 1314 ps   ; --            ; --                    ; --  ; --   ;
; HWDATA2[3]       ; Input    ; (6) 1314 ps   ; --            ; --                    ; --  ; --   ;
; HWDATA1[3]       ; Input    ; (6) 1314 ps   ; --            ; --                    ; --  ; --   ;
; HWDATA2[4]       ; Input    ; (6) 1314 ps   ; --            ; --                    ; --  ; --   ;
; HWDATA1[4]       ; Input    ; (6) 1314 ps   ; --            ; --                    ; --  ; --   ;
; HWDATA2[5]       ; Input    ; --            ; (6) 1314 ps   ; --                    ; --  ; --   ;
; HWDATA1[5]       ; Input    ; (6) 1314 ps   ; --            ; --                    ; --  ; --   ;
; HWDATA2[6]       ; Input    ; (6) 1314 ps   ; --            ; --                    ; --  ; --   ;
; HWDATA1[6]       ; Input    ; --            ; (6) 1314 ps   ; --                    ; --  ; --   ;
; HWDATA2[7]       ; Input    ; --            ; (6) 1314 ps   ; --                    ; --  ; --   ;
; HWDATA1[7]       ; Input    ; (6) 1314 ps   ; --            ; --                    ; --  ; --   ;
; HWDATA2[8]       ; Input    ; (6) 1314 ps   ; --            ; --                    ; --  ; --   ;
; HWDATA1[8]       ; Input    ; (6) 1314 ps   ; --            ; --                    ; --  ; --   ;
; HWDATA2[9]       ; Input    ; --            ; (6) 1314 ps   ; --                    ; --  ; --   ;
; HWDATA1[9]       ; Input    ; --            ; (6) 1314 ps   ; --                    ; --  ; --   ;
; HWDATA2[10]      ; Input    ; (6) 1314 ps   ; --            ; --                    ; --  ; --   ;
; HWDATA1[10]      ; Input    ; --            ; (6) 1314 ps   ; --                    ; --  ; --   ;
; HWDATA2[11]      ; Input    ; --            ; (6) 1314 ps   ; --                    ; --  ; --   ;
; HWDATA1[11]      ; Input    ; (6) 1314 ps   ; --            ; --                    ; --  ; --   ;
; HWDATA2[12]      ; Input    ; --            ; (6) 1314 ps   ; --                    ; --  ; --   ;
; HWDATA1[12]      ; Input    ; (6) 1314 ps   ; --            ; --                    ; --  ; --   ;
; HWDATA2[13]      ; Input    ; (6) 1314 ps   ; --            ; --                    ; --  ; --   ;
; HWDATA1[13]      ; Input    ; --            ; (6) 1314 ps   ; --                    ; --  ; --   ;
; HWDATA2[14]      ; Input    ; (6) 1314 ps   ; --            ; --                    ; --  ; --   ;
; HWDATA1[14]      ; Input    ; (6) 1314 ps   ; --            ; --                    ; --  ; --   ;
; HWDATA2[15]      ; Input    ; (6) 1314 ps   ; --            ; --                    ; --  ; --   ;
; HWDATA1[15]      ; Input    ; --            ; (6) 1314 ps   ; --                    ; --  ; --   ;
; HWDATA2[16]      ; Input    ; --            ; (6) 1314 ps   ; --                    ; --  ; --   ;
; HWDATA1[16]      ; Input    ; --            ; (6) 1314 ps   ; --                    ; --  ; --   ;
; HWDATA2[17]      ; Input    ; (6) 1314 ps   ; --            ; --                    ; --  ; --   ;
; HWDATA1[17]      ; Input    ; (6) 1314 ps   ; --            ; --                    ; --  ; --   ;
; HWDATA2[18]      ; Input    ; (6) 1314 ps   ; --            ; --                    ; --  ; --   ;
; HWDATA1[18]      ; Input    ; --            ; (6) 1314 ps   ; --                    ; --  ; --   ;
; HWDATA2[19]      ; Input    ; (6) 1314 ps   ; --            ; --                    ; --  ; --   ;
; HWDATA1[19]      ; Input    ; (6) 1314 ps   ; --            ; --                    ; --  ; --   ;
; HWDATA2[20]      ; Input    ; (6) 1314 ps   ; --            ; --                    ; --  ; --   ;
; HWDATA1[20]      ; Input    ; (6) 1314 ps   ; --            ; --                    ; --  ; --   ;
; HWDATA2[21]      ; Input    ; --            ; (6) 1314 ps   ; --                    ; --  ; --   ;
; HWDATA1[21]      ; Input    ; (6) 1314 ps   ; --            ; --                    ; --  ; --   ;
; HWDATA2[22]      ; Input    ; --            ; (6) 1314 ps   ; --                    ; --  ; --   ;
; HWDATA1[22]      ; Input    ; --            ; (6) 1314 ps   ; --                    ; --  ; --   ;
; HWDATA2[23]      ; Input    ; (6) 1314 ps   ; --            ; --                    ; --  ; --   ;
; HWDATA1[23]      ; Input    ; --            ; (6) 1314 ps   ; --                    ; --  ; --   ;
; HWDATA2[24]      ; Input    ; --            ; (6) 1314 ps   ; --                    ; --  ; --   ;
; HWDATA1[24]      ; Input    ; (6) 1314 ps   ; --            ; --                    ; --  ; --   ;
; HWDATA2[25]      ; Input    ; --            ; (6) 1314 ps   ; --                    ; --  ; --   ;
; HWDATA1[25]      ; Input    ; --            ; (6) 1314 ps   ; --                    ; --  ; --   ;
; HWDATA2[26]      ; Input    ; --            ; (6) 1314 ps   ; --                    ; --  ; --   ;
; HWDATA1[26]      ; Input    ; --            ; (6) 1314 ps   ; --                    ; --  ; --   ;
; HWDATA2[27]      ; Input    ; (0) 0 ps      ; --            ; --                    ; --  ; --   ;
; HWDATA1[27]      ; Input    ; (0) 0 ps      ; --            ; --                    ; --  ; --   ;
; HWDATA2[28]      ; Input    ; (6) 1314 ps   ; --            ; --                    ; --  ; --   ;
; HWDATA1[28]      ; Input    ; (6) 1314 ps   ; --            ; --                    ; --  ; --   ;
; HWDATA2[29]      ; Input    ; --            ; (6) 1314 ps   ; --                    ; --  ; --   ;
; HWDATA1[29]      ; Input    ; (6) 1314 ps   ; --            ; --                    ; --  ; --   ;
; HWDATA2[30]      ; Input    ; (6) 1314 ps   ; --            ; --                    ; --  ; --   ;
; HWDATA1[30]      ; Input    ; --            ; (6) 1314 ps   ; --                    ; --  ; --   ;
; HWDATA2[31]      ; Input    ; (6) 1314 ps   ; --            ; --                    ; --  ; --   ;
; HWDATA1[31]      ; Input    ; (6) 1314 ps   ; --            ; --                    ; --  ; --   ;
; HBUSREQ2         ; Input    ; (6) 1314 ps   ; --            ; --                    ; --  ; --   ;
+------------------+----------+---------------+---------------+-----------------------+-----+------+


+------------------------------------------------------------------------------------------------------------+
; Pad To Core Delay Chain Fanout                                                                             ;
+------------------------------------------------------------------------------+-------------------+---------+
; Source Pin / Fanout                                                          ; Pad To Core Index ; Setting ;
+------------------------------------------------------------------------------+-------------------+---------+
; HTRANS1[0]                                                                   ;                   ;         ;
; HSIZE1[0]                                                                    ;                   ;         ;
; HSIZE1[1]                                                                    ;                   ;         ;
; HSIZE1[2]                                                                    ;                   ;         ;
; HBURST1[0]                                                                   ;                   ;         ;
; HBURST1[1]                                                                   ;                   ;         ;
; HBURST1[2]                                                                   ;                   ;         ;
; HTRANS2[0]                                                                   ;                   ;         ;
; HSIZE2[0]                                                                    ;                   ;         ;
; HSIZE2[1]                                                                    ;                   ;         ;
; HSIZE2[2]                                                                    ;                   ;         ;
; HBURST2[0]                                                                   ;                   ;         ;
; HBURST2[1]                                                                   ;                   ;         ;
; HBURST2[2]                                                                   ;                   ;         ;
; HADDR1[17]                                                                   ;                   ;         ;
;      - ahb_interconnect:interconnect_inst|HADDR[17]~0                        ; 0                 ; 6       ;
;      - bridge_top:bridge_inst|bridge_addr_decoder:addr_decoder|Equal1~0      ; 0                 ; 6       ;
;      - bridge_top:bridge_inst|bridge_addr_decoder:addr_decoder|Equal0~15     ; 0                 ; 6       ;
; HADDR2[17]                                                                   ;                   ;         ;
;      - ahb_interconnect:interconnect_inst|HADDR[17]~0                        ; 0                 ; 6       ;
;      - bridge_top:bridge_inst|bridge_addr_decoder:addr_decoder|Equal1~0      ; 0                 ; 6       ;
;      - bridge_top:bridge_inst|bridge_addr_decoder:addr_decoder|Equal0~15     ; 0                 ; 6       ;
; HADDR2[30]                                                                   ;                   ;         ;
;      - bridge_top:bridge_inst|bridge_addr_decoder:addr_decoder|Equal0~2      ; 0                 ; 6       ;
; HADDR2[23]                                                                   ;                   ;         ;
;      - bridge_top:bridge_inst|bridge_addr_decoder:addr_decoder|Equal0~2      ; 1                 ; 6       ;
; HADDR2[18]                                                                   ;                   ;         ;
;      - bridge_top:bridge_inst|bridge_addr_decoder:addr_decoder|Equal0~2      ; 1                 ; 6       ;
; HADDR2[19]                                                                   ;                   ;         ;
;      - bridge_top:bridge_inst|bridge_addr_decoder:addr_decoder|Equal0~2      ; 0                 ; 6       ;
; HADDR1[21]                                                                   ;                   ;         ;
;      - bridge_top:bridge_inst|bridge_addr_decoder:addr_decoder|Equal0~4      ; 1                 ; 6       ;
; HADDR1[30]                                                                   ;                   ;         ;
;      - bridge_top:bridge_inst|bridge_addr_decoder:addr_decoder|Equal0~4      ; 1                 ; 6       ;
; HADDR1[23]                                                                   ;                   ;         ;
;      - bridge_top:bridge_inst|bridge_addr_decoder:addr_decoder|Equal0~3      ; 0                 ; 6       ;
; HADDR1[18]                                                                   ;                   ;         ;
;      - bridge_top:bridge_inst|bridge_addr_decoder:addr_decoder|Equal0~3      ; 0                 ; 6       ;
; HADDR1[19]                                                                   ;                   ;         ;
;      - bridge_top:bridge_inst|bridge_addr_decoder:addr_decoder|Equal0~3      ; 1                 ; 6       ;
; HADDR1[20]                                                                   ;                   ;         ;
;      - bridge_top:bridge_inst|bridge_addr_decoder:addr_decoder|Equal0~3      ; 1                 ; 6       ;
; HADDR2[20]                                                                   ;                   ;         ;
;      - bridge_top:bridge_inst|bridge_addr_decoder:addr_decoder|Equal0~5      ; 0                 ; 6       ;
; HADDR2[21]                                                                   ;                   ;         ;
;      - bridge_top:bridge_inst|bridge_addr_decoder:addr_decoder|Equal0~5      ; 0                 ; 6       ;
; HADDR2[27]                                                                   ;                   ;         ;
;      - bridge_top:bridge_inst|bridge_addr_decoder:addr_decoder|Equal0~7      ; 1                 ; 6       ;
; HADDR2[25]                                                                   ;                   ;         ;
;      - bridge_top:bridge_inst|bridge_addr_decoder:addr_decoder|Equal0~7      ; 1                 ; 6       ;
; HADDR2[31]                                                                   ;                   ;         ;
;      - bridge_top:bridge_inst|bridge_addr_decoder:addr_decoder|Equal0~7      ; 0                 ; 6       ;
; HADDR2[24]                                                                   ;                   ;         ;
;      - bridge_top:bridge_inst|bridge_addr_decoder:addr_decoder|Equal0~7      ; 0                 ; 6       ;
; HADDR1[22]                                                                   ;                   ;         ;
;      - bridge_top:bridge_inst|bridge_addr_decoder:addr_decoder|Equal0~9      ; 0                 ; 6       ;
; HADDR1[31]                                                                   ;                   ;         ;
;      - bridge_top:bridge_inst|bridge_addr_decoder:addr_decoder|Equal0~9      ; 0                 ; 6       ;
; HADDR1[27]                                                                   ;                   ;         ;
;      - bridge_top:bridge_inst|bridge_addr_decoder:addr_decoder|Equal0~8      ; 1                 ; 6       ;
; HADDR1[25]                                                                   ;                   ;         ;
;      - bridge_top:bridge_inst|bridge_addr_decoder:addr_decoder|Equal0~8      ; 1                 ; 6       ;
; HADDR1[26]                                                                   ;                   ;         ;
;      - bridge_top:bridge_inst|bridge_addr_decoder:addr_decoder|Equal0~8      ; 0                 ; 6       ;
; HADDR1[24]                                                                   ;                   ;         ;
;      - bridge_top:bridge_inst|bridge_addr_decoder:addr_decoder|Equal0~8      ; 1                 ; 6       ;
; HADDR2[22]                                                                   ;                   ;         ;
;      - bridge_top:bridge_inst|bridge_addr_decoder:addr_decoder|Equal0~10     ; 1                 ; 6       ;
; HADDR2[26]                                                                   ;                   ;         ;
;      - bridge_top:bridge_inst|bridge_addr_decoder:addr_decoder|Equal0~10     ; 0                 ; 6       ;
; HADDR2[29]                                                                   ;                   ;         ;
;      - bridge_top:bridge_inst|bridge_addr_decoder:addr_decoder|Equal0~13     ; 1                 ; 6       ;
; HADDR2[28]                                                                   ;                   ;         ;
;      - bridge_top:bridge_inst|bridge_addr_decoder:addr_decoder|Equal0~13     ; 0                 ; 6       ;
; HADDR1[28]                                                                   ;                   ;         ;
;      - bridge_top:bridge_inst|bridge_addr_decoder:addr_decoder|Equal0~12     ; 0                 ; 6       ;
; HADDR1[29]                                                                   ;                   ;         ;
;      - bridge_top:bridge_inst|bridge_addr_decoder:addr_decoder|Equal0~12     ; 0                 ; 6       ;
; HADDR1[16]                                                                   ;                   ;         ;
;      - ahb_interconnect:interconnect_inst|HADDR[16]~1                        ; 0                 ; 6       ;
; HADDR2[16]                                                                   ;                   ;         ;
;      - ahb_interconnect:interconnect_inst|HADDR[16]~1                        ; 0                 ; 6       ;
; GPIO_IN[0]                                                                   ;                   ;         ;
;      - bridge_top:bridge_inst|bridge_prdata_mux:prdata_mux|HRDATA[0]~3       ; 1                 ; 6       ;
; GPIO_IN[1]                                                                   ;                   ;         ;
;      - bridge_top:bridge_inst|bridge_prdata_mux:prdata_mux|HRDATA[1]~11      ; 1                 ; 6       ;
; GPIO_IN[2]                                                                   ;                   ;         ;
;      - bridge_top:bridge_inst|bridge_prdata_mux:prdata_mux|HRDATA[2]~18      ; 1                 ; 6       ;
; GPIO_IN[3]                                                                   ;                   ;         ;
;      - bridge_top:bridge_inst|bridge_prdata_mux:prdata_mux|HRDATA[3]~24      ; 0                 ; 6       ;
; GPIO_IN[4]                                                                   ;                   ;         ;
;      - bridge_top:bridge_inst|bridge_prdata_mux:prdata_mux|HRDATA[4]~30      ; 0                 ; 6       ;
; GPIO_IN[5]                                                                   ;                   ;         ;
;      - bridge_top:bridge_inst|bridge_prdata_mux:prdata_mux|HRDATA[5]~36      ; 1                 ; 6       ;
; GPIO_IN[6]                                                                   ;                   ;         ;
;      - bridge_top:bridge_inst|bridge_prdata_mux:prdata_mux|HRDATA[6]~42      ; 1                 ; 6       ;
; GPIO_IN[7]                                                                   ;                   ;         ;
;      - bridge_top:bridge_inst|bridge_prdata_mux:prdata_mux|HRDATA[7]~48      ; 0                 ; 6       ;
; HBUSREQ1                                                                     ;                   ;         ;
;      - ahb_interconnect:interconnect_inst|ahb_arbiter:arbiter_inst|HGRANT1   ; 1                 ; 6       ;
;      - ahb_interconnect:interconnect_inst|ahb_arbiter:arbiter_inst|always0~0 ; 1                 ; 6       ;
; HCLK                                                                         ;                   ;         ;
; HRESETn                                                                      ;                   ;         ;
; HWRITE1                                                                      ;                   ;         ;
;      - ahb_interconnect:interconnect_inst|HWRITE~0                           ; 1                 ; 6       ;
; HWRITE2                                                                      ;                   ;         ;
;      - ahb_interconnect:interconnect_inst|HWRITE~0                           ; 1                 ; 6       ;
; HADDR1[0]                                                                    ;                   ;         ;
;      - ahb_interconnect:interconnect_inst|HADDR[0]~2                         ; 0                 ; 6       ;
; HADDR2[0]                                                                    ;                   ;         ;
;      - ahb_interconnect:interconnect_inst|HADDR[0]~2                         ; 0                 ; 6       ;
; HTRANS2[1]                                                                   ;                   ;         ;
;      - bridge_top:bridge_inst|Valid~0                                        ; 1                 ; 6       ;
;      - ahb_interconnect:interconnect_inst|always0~0                          ; 1                 ; 6       ;
; HTRANS1[1]                                                                   ;                   ;         ;
;      - bridge_top:bridge_inst|Valid~0                                        ; 0                 ; 6       ;
;      - ahb_interconnect:interconnect_inst|always0~0                          ; 0                 ; 6       ;
; HADDR1[11]                                                                   ;                   ;         ;
;      - ahb_interconnect:interconnect_inst|HADDR[11]~3                        ; 0                 ; 6       ;
; HADDR2[11]                                                                   ;                   ;         ;
;      - ahb_interconnect:interconnect_inst|HADDR[11]~3                        ; 0                 ; 6       ;
; HADDR1[10]                                                                   ;                   ;         ;
;      - ahb_interconnect:interconnect_inst|HADDR[10]~4                        ; 0                 ; 6       ;
; HADDR2[10]                                                                   ;                   ;         ;
;      - ahb_interconnect:interconnect_inst|HADDR[10]~4                        ; 0                 ; 6       ;
; HADDR1[9]                                                                    ;                   ;         ;
;      - ahb_interconnect:interconnect_inst|HADDR[9]~5                         ; 1                 ; 6       ;
; HADDR2[9]                                                                    ;                   ;         ;
;      - ahb_interconnect:interconnect_inst|HADDR[9]~5                         ; 0                 ; 6       ;
; HADDR1[8]                                                                    ;                   ;         ;
;      - ahb_interconnect:interconnect_inst|HADDR[8]~6                         ; 1                 ; 6       ;
; HADDR2[8]                                                                    ;                   ;         ;
;      - ahb_interconnect:interconnect_inst|HADDR[8]~6                         ; 0                 ; 6       ;
; HADDR1[7]                                                                    ;                   ;         ;
;      - ahb_interconnect:interconnect_inst|HADDR[7]~7                         ; 0                 ; 6       ;
; HADDR2[7]                                                                    ;                   ;         ;
;      - ahb_interconnect:interconnect_inst|HADDR[7]~7                         ; 0                 ; 6       ;
; HADDR1[6]                                                                    ;                   ;         ;
;      - ahb_interconnect:interconnect_inst|HADDR[6]~8                         ; 0                 ; 6       ;
; HADDR2[6]                                                                    ;                   ;         ;
;      - ahb_interconnect:interconnect_inst|HADDR[6]~8                         ; 0                 ; 6       ;
; HADDR1[5]                                                                    ;                   ;         ;
; HADDR2[5]                                                                    ;                   ;         ;
; HADDR1[1]                                                                    ;                   ;         ;
;      - ahb_interconnect:interconnect_inst|HADDR[1]~10                        ; 0                 ; 6       ;
; HADDR2[1]                                                                    ;                   ;         ;
;      - ahb_interconnect:interconnect_inst|HADDR[1]~10                        ; 0                 ; 6       ;
; HADDR1[15]                                                                   ;                   ;         ;
;      - ahb_interconnect:interconnect_inst|HADDR[15]~11                       ; 0                 ; 6       ;
; HADDR2[15]                                                                   ;                   ;         ;
; HADDR1[14]                                                                   ;                   ;         ;
;      - ahb_interconnect:interconnect_inst|HADDR[14]~12                       ; 0                 ; 6       ;
; HADDR2[14]                                                                   ;                   ;         ;
;      - ahb_interconnect:interconnect_inst|HADDR[14]~12                       ; 0                 ; 6       ;
; HADDR1[13]                                                                   ;                   ;         ;
;      - ahb_interconnect:interconnect_inst|HADDR[13]~13                       ; 0                 ; 6       ;
; HADDR2[13]                                                                   ;                   ;         ;
;      - ahb_interconnect:interconnect_inst|HADDR[13]~13                       ; 0                 ; 6       ;
; HADDR1[12]                                                                   ;                   ;         ;
;      - ahb_interconnect:interconnect_inst|HADDR[12]~14                       ; 1                 ; 6       ;
; HADDR2[12]                                                                   ;                   ;         ;
;      - ahb_interconnect:interconnect_inst|HADDR[12]~14                       ; 0                 ; 6       ;
; HADDR1[3]                                                                    ;                   ;         ;
;      - ahb_interconnect:interconnect_inst|HADDR[3]~15                        ; 0                 ; 6       ;
; HADDR2[3]                                                                    ;                   ;         ;
;      - ahb_interconnect:interconnect_inst|HADDR[3]~15                        ; 0                 ; 6       ;
; HADDR1[2]                                                                    ;                   ;         ;
;      - ahb_interconnect:interconnect_inst|HADDR[2]~16                        ; 0                 ; 6       ;
; HADDR2[2]                                                                    ;                   ;         ;
;      - ahb_interconnect:interconnect_inst|HADDR[2]~16                        ; 1                 ; 6       ;
; HADDR1[4]                                                                    ;                   ;         ;
;      - ahb_interconnect:interconnect_inst|HADDR[4]~17                        ; 0                 ; 6       ;
; HADDR2[4]                                                                    ;                   ;         ;
;      - ahb_interconnect:interconnect_inst|HADDR[4]~17                        ; 0                 ; 6       ;
; HWDATA2[0]                                                                   ;                   ;         ;
;      - ahb_interconnect:interconnect_inst|HWDATA[0]~0                        ; 1                 ; 6       ;
; HWDATA1[0]                                                                   ;                   ;         ;
;      - ahb_interconnect:interconnect_inst|HWDATA[0]~0                        ; 0                 ; 6       ;
; HWDATA2[1]                                                                   ;                   ;         ;
;      - ahb_interconnect:interconnect_inst|HWDATA[1]~1                        ; 0                 ; 6       ;
; HWDATA1[1]                                                                   ;                   ;         ;
;      - ahb_interconnect:interconnect_inst|HWDATA[1]~1                        ; 1                 ; 6       ;
; HWDATA2[2]                                                                   ;                   ;         ;
;      - ahb_interconnect:interconnect_inst|HWDATA[2]~2                        ; 0                 ; 6       ;
; HWDATA1[2]                                                                   ;                   ;         ;
;      - ahb_interconnect:interconnect_inst|HWDATA[2]~2                        ; 0                 ; 6       ;
; HWDATA2[3]                                                                   ;                   ;         ;
;      - ahb_interconnect:interconnect_inst|HWDATA[3]~3                        ; 0                 ; 6       ;
; HWDATA1[3]                                                                   ;                   ;         ;
;      - ahb_interconnect:interconnect_inst|HWDATA[3]~3                        ; 0                 ; 6       ;
; HWDATA2[4]                                                                   ;                   ;         ;
;      - ahb_interconnect:interconnect_inst|HWDATA[4]~4                        ; 0                 ; 6       ;
; HWDATA1[4]                                                                   ;                   ;         ;
;      - ahb_interconnect:interconnect_inst|HWDATA[4]~4                        ; 0                 ; 6       ;
; HWDATA2[5]                                                                   ;                   ;         ;
;      - ahb_interconnect:interconnect_inst|HWDATA[5]~5                        ; 1                 ; 6       ;
; HWDATA1[5]                                                                   ;                   ;         ;
;      - ahb_interconnect:interconnect_inst|HWDATA[5]~5                        ; 0                 ; 6       ;
; HWDATA2[6]                                                                   ;                   ;         ;
;      - ahb_interconnect:interconnect_inst|HWDATA[6]~6                        ; 0                 ; 6       ;
; HWDATA1[6]                                                                   ;                   ;         ;
;      - ahb_interconnect:interconnect_inst|HWDATA[6]~6                        ; 1                 ; 6       ;
; HWDATA2[7]                                                                   ;                   ;         ;
;      - ahb_interconnect:interconnect_inst|HWDATA[7]~7                        ; 1                 ; 6       ;
; HWDATA1[7]                                                                   ;                   ;         ;
;      - ahb_interconnect:interconnect_inst|HWDATA[7]~7                        ; 0                 ; 6       ;
; HWDATA2[8]                                                                   ;                   ;         ;
;      - ahb_interconnect:interconnect_inst|HWDATA[8]~8                        ; 0                 ; 6       ;
; HWDATA1[8]                                                                   ;                   ;         ;
;      - ahb_interconnect:interconnect_inst|HWDATA[8]~8                        ; 0                 ; 6       ;
; HWDATA2[9]                                                                   ;                   ;         ;
;      - ahb_interconnect:interconnect_inst|HWDATA[9]~9                        ; 1                 ; 6       ;
; HWDATA1[9]                                                                   ;                   ;         ;
;      - ahb_interconnect:interconnect_inst|HWDATA[9]~9                        ; 1                 ; 6       ;
; HWDATA2[10]                                                                  ;                   ;         ;
;      - ahb_interconnect:interconnect_inst|HWDATA[10]~10                      ; 0                 ; 6       ;
; HWDATA1[10]                                                                  ;                   ;         ;
;      - ahb_interconnect:interconnect_inst|HWDATA[10]~10                      ; 1                 ; 6       ;
; HWDATA2[11]                                                                  ;                   ;         ;
;      - ahb_interconnect:interconnect_inst|HWDATA[11]~11                      ; 1                 ; 6       ;
; HWDATA1[11]                                                                  ;                   ;         ;
;      - ahb_interconnect:interconnect_inst|HWDATA[11]~11                      ; 0                 ; 6       ;
; HWDATA2[12]                                                                  ;                   ;         ;
;      - ahb_interconnect:interconnect_inst|HWDATA[12]~12                      ; 1                 ; 6       ;
; HWDATA1[12]                                                                  ;                   ;         ;
;      - ahb_interconnect:interconnect_inst|HWDATA[12]~12                      ; 0                 ; 6       ;
; HWDATA2[13]                                                                  ;                   ;         ;
;      - ahb_interconnect:interconnect_inst|HWDATA[13]~13                      ; 0                 ; 6       ;
; HWDATA1[13]                                                                  ;                   ;         ;
;      - ahb_interconnect:interconnect_inst|HWDATA[13]~13                      ; 1                 ; 6       ;
; HWDATA2[14]                                                                  ;                   ;         ;
;      - ahb_interconnect:interconnect_inst|HWDATA[14]~14                      ; 0                 ; 6       ;
; HWDATA1[14]                                                                  ;                   ;         ;
;      - ahb_interconnect:interconnect_inst|HWDATA[14]~14                      ; 0                 ; 6       ;
; HWDATA2[15]                                                                  ;                   ;         ;
;      - ahb_interconnect:interconnect_inst|HWDATA[15]~15                      ; 0                 ; 6       ;
; HWDATA1[15]                                                                  ;                   ;         ;
;      - ahb_interconnect:interconnect_inst|HWDATA[15]~15                      ; 1                 ; 6       ;
; HWDATA2[16]                                                                  ;                   ;         ;
;      - ahb_interconnect:interconnect_inst|HWDATA[16]~16                      ; 1                 ; 6       ;
; HWDATA1[16]                                                                  ;                   ;         ;
;      - ahb_interconnect:interconnect_inst|HWDATA[16]~16                      ; 1                 ; 6       ;
; HWDATA2[17]                                                                  ;                   ;         ;
;      - ahb_interconnect:interconnect_inst|HWDATA[17]~17                      ; 0                 ; 6       ;
; HWDATA1[17]                                                                  ;                   ;         ;
;      - ahb_interconnect:interconnect_inst|HWDATA[17]~17                      ; 0                 ; 6       ;
; HWDATA2[18]                                                                  ;                   ;         ;
;      - ahb_interconnect:interconnect_inst|HWDATA[18]~18                      ; 0                 ; 6       ;
; HWDATA1[18]                                                                  ;                   ;         ;
;      - ahb_interconnect:interconnect_inst|HWDATA[18]~18                      ; 1                 ; 6       ;
; HWDATA2[19]                                                                  ;                   ;         ;
;      - ahb_interconnect:interconnect_inst|HWDATA[19]~19                      ; 0                 ; 6       ;
; HWDATA1[19]                                                                  ;                   ;         ;
;      - ahb_interconnect:interconnect_inst|HWDATA[19]~19                      ; 0                 ; 6       ;
; HWDATA2[20]                                                                  ;                   ;         ;
;      - ahb_interconnect:interconnect_inst|HWDATA[20]~20                      ; 0                 ; 6       ;
; HWDATA1[20]                                                                  ;                   ;         ;
;      - ahb_interconnect:interconnect_inst|HWDATA[20]~20                      ; 0                 ; 6       ;
; HWDATA2[21]                                                                  ;                   ;         ;
;      - ahb_interconnect:interconnect_inst|HWDATA[21]~21                      ; 1                 ; 6       ;
; HWDATA1[21]                                                                  ;                   ;         ;
;      - ahb_interconnect:interconnect_inst|HWDATA[21]~21                      ; 0                 ; 6       ;
; HWDATA2[22]                                                                  ;                   ;         ;
;      - ahb_interconnect:interconnect_inst|HWDATA[22]~22                      ; 1                 ; 6       ;
; HWDATA1[22]                                                                  ;                   ;         ;
;      - ahb_interconnect:interconnect_inst|HWDATA[22]~22                      ; 1                 ; 6       ;
; HWDATA2[23]                                                                  ;                   ;         ;
;      - ahb_interconnect:interconnect_inst|HWDATA[23]~23                      ; 0                 ; 6       ;
; HWDATA1[23]                                                                  ;                   ;         ;
;      - ahb_interconnect:interconnect_inst|HWDATA[23]~23                      ; 1                 ; 6       ;
; HWDATA2[24]                                                                  ;                   ;         ;
;      - ahb_interconnect:interconnect_inst|HWDATA[24]~24                      ; 1                 ; 6       ;
; HWDATA1[24]                                                                  ;                   ;         ;
;      - ahb_interconnect:interconnect_inst|HWDATA[24]~24                      ; 0                 ; 6       ;
; HWDATA2[25]                                                                  ;                   ;         ;
;      - ahb_interconnect:interconnect_inst|HWDATA[25]~25                      ; 1                 ; 6       ;
; HWDATA1[25]                                                                  ;                   ;         ;
;      - ahb_interconnect:interconnect_inst|HWDATA[25]~25                      ; 1                 ; 6       ;
; HWDATA2[26]                                                                  ;                   ;         ;
;      - ahb_interconnect:interconnect_inst|HWDATA[26]~26                      ; 1                 ; 6       ;
; HWDATA1[26]                                                                  ;                   ;         ;
;      - ahb_interconnect:interconnect_inst|HWDATA[26]~26                      ; 1                 ; 6       ;
; HWDATA2[27]                                                                  ;                   ;         ;
; HWDATA1[27]                                                                  ;                   ;         ;
; HWDATA2[28]                                                                  ;                   ;         ;
;      - ahb_interconnect:interconnect_inst|HWDATA[28]~28                      ; 0                 ; 6       ;
; HWDATA1[28]                                                                  ;                   ;         ;
;      - ahb_interconnect:interconnect_inst|HWDATA[28]~28                      ; 0                 ; 6       ;
; HWDATA2[29]                                                                  ;                   ;         ;
;      - ahb_interconnect:interconnect_inst|HWDATA[29]~29                      ; 1                 ; 6       ;
; HWDATA1[29]                                                                  ;                   ;         ;
;      - ahb_interconnect:interconnect_inst|HWDATA[29]~29                      ; 0                 ; 6       ;
; HWDATA2[30]                                                                  ;                   ;         ;
;      - ahb_interconnect:interconnect_inst|HWDATA[30]~30                      ; 0                 ; 6       ;
; HWDATA1[30]                                                                  ;                   ;         ;
;      - ahb_interconnect:interconnect_inst|HWDATA[30]~30                      ; 1                 ; 6       ;
; HWDATA2[31]                                                                  ;                   ;         ;
;      - ahb_interconnect:interconnect_inst|HWDATA[31]~31                      ; 0                 ; 6       ;
; HWDATA1[31]                                                                  ;                   ;         ;
;      - ahb_interconnect:interconnect_inst|HWDATA[31]~31                      ; 0                 ; 6       ;
; HBUSREQ2                                                                     ;                   ;         ;
;      - ahb_interconnect:interconnect_inst|ahb_arbiter:arbiter_inst|always0~0 ; 0                 ; 6       ;
+------------------------------------------------------------------------------+-------------------+---------+


+--------------------------------------------------------------------------------------------------------------------------------------------------------------------------------+
; Control Signals                                                                                                                                                                ;
+---------------------------------------------------+--------------------+---------+--------------+--------+----------------------+------------------+---------------------------+
; Name                                              ; Location           ; Fan-Out ; Usage        ; Global ; Global Resource Used ; Global Line Name ; Enable Signal Source Name ;
+---------------------------------------------------+--------------------+---------+--------------+--------+----------------------+------------------+---------------------------+
; HCLK                                              ; PIN_G1             ; 373     ; Clock        ; yes    ; Global Clock         ; GCLK2            ; --                        ;
; HRESETn                                           ; PIN_T2             ; 373     ; Async. clear ; yes    ; Global Clock         ; GCLK4            ; --                        ;
; apb_slave_gpio:gpio_inst|Decoder0~1               ; LCCOMB_X53_Y43_N0  ; 8       ; Clock enable ; no     ; --                   ; --               ; --                        ;
; apb_slave_gpio:gpio_inst|Decoder0~2               ; LCCOMB_X53_Y43_N2  ; 8       ; Clock enable ; no     ; --                   ; --               ; --                        ;
; apb_slave_gpio:gpio_inst|Decoder0~3               ; LCCOMB_X53_Y43_N12 ; 8       ; Clock enable ; no     ; --                   ; --               ; --                        ;
; apb_slave_regfile:regfile_inst|Decoder0~0         ; LCCOMB_X57_Y43_N26 ; 32      ; Clock enable ; no     ; --                   ; --               ; --                        ;
; apb_slave_regfile:regfile_inst|Decoder0~1         ; LCCOMB_X57_Y43_N20 ; 32      ; Clock enable ; no     ; --                   ; --               ; --                        ;
; apb_slave_regfile:regfile_inst|Decoder0~2         ; LCCOMB_X61_Y43_N22 ; 32      ; Clock enable ; no     ; --                   ; --               ; --                        ;
; apb_slave_regfile:regfile_inst|Decoder0~3         ; LCCOMB_X61_Y43_N16 ; 32      ; Clock enable ; no     ; --                   ; --               ; --                        ;
; apb_slave_regfile:regfile_inst|Decoder0~4         ; LCCOMB_X61_Y43_N18 ; 32      ; Clock enable ; no     ; --                   ; --               ; --                        ;
; apb_slave_regfile:regfile_inst|Decoder0~5         ; LCCOMB_X57_Y43_N30 ; 32      ; Clock enable ; no     ; --                   ; --               ; --                        ;
; apb_slave_regfile:regfile_inst|Decoder0~6         ; LCCOMB_X61_Y43_N28 ; 32      ; Clock enable ; no     ; --                   ; --               ; --                        ;
; apb_slave_regfile:regfile_inst|Decoder0~7         ; LCCOMB_X61_Y43_N30 ; 32      ; Clock enable ; no     ; --                   ; --               ; --                        ;
; apb_slave_timer:timer_inst|Equal5~20              ; LCCOMB_X60_Y45_N0  ; 33      ; Sync. clear  ; no     ; --                   ; --               ; --                        ;
; apb_slave_timer:timer_inst|ctrl_reg               ; FF_X53_Y43_N9      ; 35      ; Clock enable ; no     ; --                   ; --               ; --                        ;
; apb_slave_timer:timer_inst|period_reg[0]~0        ; LCCOMB_X58_Y44_N30 ; 32      ; Clock enable ; no     ; --                   ; --               ; --                        ;
; bridge_top:bridge_inst|Valid                      ; LCCOMB_X66_Y43_N28 ; 21      ; Clock enable ; no     ; --                   ; --               ; --                        ;
; bridge_top:bridge_inst|bridge_fsm:fsm|HREADYout~0 ; LCCOMB_X63_Y43_N2  ; 6       ; Clock enable ; no     ; --                   ; --               ; --                        ;
+---------------------------------------------------+--------------------+---------+--------------+--------+----------------------+------------------+---------------------------+


+-------------------------------------------------------------------------------------------------------------------------------------------+
; Global & Other Fast Signals                                                                                                               ;
+---------+----------+---------+--------------------------------------+----------------------+------------------+---------------------------+
; Name    ; Location ; Fan-Out ; Fan-Out Using Intentional Clock Skew ; Global Resource Used ; Global Line Name ; Enable Signal Source Name ;
+---------+----------+---------+--------------------------------------+----------------------+------------------+---------------------------+
; HCLK    ; PIN_G1   ; 373     ; 0                                    ; Global Clock         ; GCLK2            ; --                        ;
; HRESETn ; PIN_T2   ; 373     ; 0                                    ; Global Clock         ; GCLK4            ; --                        ;
+---------+----------+---------+--------------------------------------+----------------------+------------------+---------------------------+


+---------------------------------------------------------------------------------+
; Non-Global High Fan-Out Signals                                                 ;
+-----------------------------------------------------------------------+---------+
; Name                                                                  ; Fan-Out ;
+-----------------------------------------------------------------------+---------+
; bridge_top:bridge_inst|HADDR_reg[2]                                   ; 145     ;
; bridge_top:bridge_inst|HADDR_reg[3]                                   ; 139     ;
; bridge_top:bridge_inst|bridge_addr_decoder:addr_decoder|Equal1~1      ; 44      ;
; apb_slave_timer:timer_inst|ctrl_reg                                   ; 35      ;
; ahb_interconnect:interconnect_inst|data_phase_grant_m1                ; 33      ;
; apb_slave_timer:timer_inst|Equal5~20                                  ; 33      ;
; apb_slave_timer:timer_inst|period_reg[0]~0                            ; 32      ;
; apb_slave_regfile:regfile_inst|Decoder0~7                             ; 32      ;
; apb_slave_regfile:regfile_inst|Decoder0~6                             ; 32      ;
; apb_slave_regfile:regfile_inst|Decoder0~5                             ; 32      ;
; apb_slave_regfile:regfile_inst|Decoder0~4                             ; 32      ;
; apb_slave_regfile:regfile_inst|Decoder0~3                             ; 32      ;
; apb_slave_regfile:regfile_inst|Decoder0~2                             ; 32      ;
; apb_slave_regfile:regfile_inst|Decoder0~1                             ; 32      ;
; apb_slave_regfile:regfile_inst|Decoder0~0                             ; 32      ;
; ahb_interconnect:interconnect_inst|ahb_arbiter:arbiter_inst|HGRANT1   ; 28      ;
; bridge_top:bridge_inst|bridge_prdata_mux:prdata_mux|HRDATA[19]~61     ; 24      ;
; bridge_top:bridge_inst|bridge_prdata_mux:prdata_mux|HRDATA[19]~59     ; 24      ;
; bridge_top:bridge_inst|bridge_prdata_mux:prdata_mux|HRDATA[19]~54     ; 24      ;
; bridge_top:bridge_inst|Valid                                          ; 21      ;
; bridge_top:bridge_inst|HADDR_reg[4]                                   ; 18      ;
; ahb_interconnect:interconnect_inst|HWDATA[0]~0                        ; 13      ;
; bridge_top:bridge_inst|bridge_addr_decoder:addr_decoder|Equal0~15     ; 12      ;
; ahb_interconnect:interconnect_inst|HWDATA[7]~7                        ; 12      ;
; ahb_interconnect:interconnect_inst|HWDATA[6]~6                        ; 12      ;
; ahb_interconnect:interconnect_inst|HWDATA[5]~5                        ; 12      ;
; ahb_interconnect:interconnect_inst|HWDATA[4]~4                        ; 12      ;
; ahb_interconnect:interconnect_inst|HWDATA[3]~3                        ; 12      ;
; ahb_interconnect:interconnect_inst|HWDATA[2]~2                        ; 12      ;
; ahb_interconnect:interconnect_inst|HWDATA[1]~1                        ; 12      ;
; bridge_top:bridge_inst|bridge_fsm:fsm|state.ST_WENABLEP               ; 12      ;
; bridge_top:bridge_inst|bridge_addr_decoder:addr_decoder|Equal0~14     ; 11      ;
; ahb_interconnect:interconnect_inst|HWDATA[31]~31                      ; 9       ;
; ahb_interconnect:interconnect_inst|HWDATA[30]~30                      ; 9       ;
; ahb_interconnect:interconnect_inst|HWDATA[29]~29                      ; 9       ;
; ahb_interconnect:interconnect_inst|HWDATA[28]~28                      ; 9       ;
; ahb_interconnect:interconnect_inst|HWDATA[27]~27                      ; 9       ;
; ahb_interconnect:interconnect_inst|HWDATA[26]~26                      ; 9       ;
; ahb_interconnect:interconnect_inst|HWDATA[25]~25                      ; 9       ;
; ahb_interconnect:interconnect_inst|HWDATA[24]~24                      ; 9       ;
; ahb_interconnect:interconnect_inst|HWDATA[23]~23                      ; 9       ;
; ahb_interconnect:interconnect_inst|HWDATA[22]~22                      ; 9       ;
; ahb_interconnect:interconnect_inst|HWDATA[21]~21                      ; 9       ;
; ahb_interconnect:interconnect_inst|HWDATA[20]~20                      ; 9       ;
; ahb_interconnect:interconnect_inst|HWDATA[19]~19                      ; 9       ;
; ahb_interconnect:interconnect_inst|HWDATA[18]~18                      ; 9       ;
; ahb_interconnect:interconnect_inst|HWDATA[17]~17                      ; 9       ;
; ahb_interconnect:interconnect_inst|HWDATA[16]~16                      ; 9       ;
; ahb_interconnect:interconnect_inst|HWDATA[15]~15                      ; 9       ;
; ahb_interconnect:interconnect_inst|HWDATA[14]~14                      ; 9       ;
; ahb_interconnect:interconnect_inst|HWDATA[13]~13                      ; 9       ;
; ahb_interconnect:interconnect_inst|HWDATA[12]~12                      ; 9       ;
; ahb_interconnect:interconnect_inst|HWDATA[11]~11                      ; 9       ;
; ahb_interconnect:interconnect_inst|HWDATA[10]~10                      ; 9       ;
; ahb_interconnect:interconnect_inst|HWDATA[9]~9                        ; 9       ;
; ahb_interconnect:interconnect_inst|HWDATA[8]~8                        ; 9       ;
; apb_slave_regfile:regfile_inst|always0~1                              ; 8       ;
; apb_slave_gpio:gpio_inst|Decoder0~3                                   ; 8       ;
; apb_slave_gpio:gpio_inst|Decoder0~2                                   ; 8       ;
; apb_slave_gpio:gpio_inst|Decoder0~1                                   ; 8       ;
; bridge_top:bridge_inst|bridge_prdata_mux:prdata_mux|HRDATA[0]~2       ; 8       ;
; bridge_top:bridge_inst|bridge_prdata_mux:prdata_mux|HRDATA[1]~16      ; 7       ;
; bridge_top:bridge_inst|bridge_fsm:fsm|HREADYout~0                     ; 6       ;
; bridge_top:bridge_inst|HwriteReg                                      ; 6       ;
; apb_slave_gpio:gpio_inst|Decoder0~0                                   ; 5       ;
; ahb_interconnect:interconnect_inst|HADDR[17]~0                        ; 5       ;
; bridge_top:bridge_inst|bridge_fsm:fsm|Selector7~3                     ; 4       ;
; bridge_top:bridge_inst|bridge_fsm:fsm|PENABLE~0                       ; 4       ;
; apb_slave_timer:timer_inst|addr_valid~1                               ; 4       ;
; bridge_top:bridge_inst|bridge_fsm:fsm|state.ST_WENABLE                ; 4       ;
; bridge_top:bridge_inst|bridge_fsm:fsm|state.ST_RENABLE                ; 4       ;
; HADDR2[17]~input                                                      ; 3       ;
; HADDR1[17]~input                                                      ; 3       ;
; bridge_top:bridge_inst|bridge_fsm:fsm|Selector0~1                     ; 3       ;
; ahb_interconnect:interconnect_inst|HWRITE~0                           ; 3       ;
; bridge_top:bridge_inst|bridge_fsm:fsm|PENABLE                         ; 3       ;
; apb_slave_regfile:regfile_inst|addr_valid~3                           ; 3       ;
; bridge_top:bridge_inst|HADDR_reg[1]                                   ; 3       ;
; apb_slave_regfile:regfile_inst|addr_valid~1                           ; 3       ;
; apb_slave_regfile:regfile_inst|addr_valid~0                           ; 3       ;
; apb_slave_timer:timer_inst|cnt_reg[31]                                ; 3       ;
; apb_slave_timer:timer_inst|cnt_reg[30]                                ; 3       ;
; apb_slave_timer:timer_inst|cnt_reg[29]                                ; 3       ;
; apb_slave_timer:timer_inst|cnt_reg[28]                                ; 3       ;
; apb_slave_timer:timer_inst|cnt_reg[27]                                ; 3       ;
; apb_slave_timer:timer_inst|cnt_reg[26]                                ; 3       ;
; apb_slave_timer:timer_inst|cnt_reg[25]                                ; 3       ;
; apb_slave_timer:timer_inst|cnt_reg[24]                                ; 3       ;
; apb_slave_timer:timer_inst|cnt_reg[23]                                ; 3       ;
; apb_slave_timer:timer_inst|cnt_reg[22]                                ; 3       ;
; apb_slave_timer:timer_inst|cnt_reg[21]                                ; 3       ;
; apb_slave_timer:timer_inst|cnt_reg[20]                                ; 3       ;
; apb_slave_timer:timer_inst|cnt_reg[19]                                ; 3       ;
; apb_slave_timer:timer_inst|cnt_reg[18]                                ; 3       ;
; apb_slave_timer:timer_inst|cnt_reg[17]                                ; 3       ;
; apb_slave_timer:timer_inst|cnt_reg[16]                                ; 3       ;
; apb_slave_timer:timer_inst|cnt_reg[15]                                ; 3       ;
; apb_slave_timer:timer_inst|cnt_reg[14]                                ; 3       ;
; apb_slave_timer:timer_inst|cnt_reg[13]                                ; 3       ;
; apb_slave_timer:timer_inst|cnt_reg[12]                                ; 3       ;
; apb_slave_timer:timer_inst|cnt_reg[11]                                ; 3       ;
; apb_slave_timer:timer_inst|cnt_reg[10]                                ; 3       ;
; apb_slave_timer:timer_inst|cnt_reg[9]                                 ; 3       ;
; apb_slave_timer:timer_inst|cnt_reg[8]                                 ; 3       ;
; apb_slave_timer:timer_inst|cnt_reg[7]                                 ; 3       ;
; apb_slave_timer:timer_inst|cnt_reg[6]                                 ; 3       ;
; apb_slave_timer:timer_inst|cnt_reg[5]                                 ; 3       ;
; apb_slave_timer:timer_inst|cnt_reg[4]                                 ; 3       ;
; apb_slave_timer:timer_inst|cnt_reg[3]                                 ; 3       ;
; apb_slave_timer:timer_inst|cnt_reg[2]                                 ; 3       ;
; apb_slave_timer:timer_inst|cnt_reg[1]                                 ; 3       ;
; apb_slave_timer:timer_inst|cnt_reg[0]                                 ; 3       ;
; HTRANS1[1]~input                                                      ; 2       ;
; HTRANS2[1]~input                                                      ; 2       ;
; HBUSREQ1~input                                                        ; 2       ;
; bridge_top:bridge_inst|bridge_prdata_mux:prdata_mux|HRDATA[8]~247     ; 2       ;
; bridge_top:bridge_inst|bridge_fsm:fsm|state.ST_WWAIT                  ; 2       ;
; bridge_top:bridge_inst|bridge_fsm:fsm|state.ST_WRITE                  ; 2       ;
; bridge_top:bridge_inst|bridge_fsm:fsm|state.ST_READ                   ; 2       ;
; bridge_top:bridge_inst|bridge_fsm:fsm|state.ST_WRITEP                 ; 2       ;
; ahb_interconnect:interconnect_inst|ahb_arbiter:arbiter_inst|HGRANT2   ; 2       ;
; bridge_top:bridge_inst|bridge_prdata_mux:prdata_mux|HRESP[0]~1        ; 2       ;
; bridge_top:bridge_inst|bridge_fsm:fsm|state.ST_IDLE                   ; 2       ;
; bridge_top:bridge_inst|bridge_prdata_mux:prdata_mux|HRDATA[31]~245    ; 2       ;
; apb_slave_timer:timer_inst|period_reg[31]                             ; 2       ;
; bridge_top:bridge_inst|bridge_prdata_mux:prdata_mux|HRDATA[30]~237    ; 2       ;
; apb_slave_timer:timer_inst|period_reg[30]                             ; 2       ;
; bridge_top:bridge_inst|bridge_prdata_mux:prdata_mux|HRDATA[29]~229    ; 2       ;
; apb_slave_timer:timer_inst|period_reg[29]                             ; 2       ;
; bridge_top:bridge_inst|bridge_prdata_mux:prdata_mux|HRDATA[28]~221    ; 2       ;
; apb_slave_timer:timer_inst|period_reg[28]                             ; 2       ;
; bridge_top:bridge_inst|bridge_prdata_mux:prdata_mux|HRDATA[27]~213    ; 2       ;
; apb_slave_timer:timer_inst|period_reg[27]                             ; 2       ;
; bridge_top:bridge_inst|bridge_prdata_mux:prdata_mux|HRDATA[26]~205    ; 2       ;
; apb_slave_timer:timer_inst|period_reg[26]                             ; 2       ;
; bridge_top:bridge_inst|bridge_prdata_mux:prdata_mux|HRDATA[25]~197    ; 2       ;
; apb_slave_timer:timer_inst|period_reg[25]                             ; 2       ;
; bridge_top:bridge_inst|bridge_prdata_mux:prdata_mux|HRDATA[24]~189    ; 2       ;
; apb_slave_timer:timer_inst|period_reg[24]                             ; 2       ;
; bridge_top:bridge_inst|bridge_prdata_mux:prdata_mux|HRDATA[23]~181    ; 2       ;
; apb_slave_timer:timer_inst|period_reg[23]                             ; 2       ;
; bridge_top:bridge_inst|bridge_prdata_mux:prdata_mux|HRDATA[22]~173    ; 2       ;
; apb_slave_timer:timer_inst|period_reg[22]                             ; 2       ;
; bridge_top:bridge_inst|bridge_prdata_mux:prdata_mux|HRDATA[21]~165    ; 2       ;
; apb_slave_timer:timer_inst|period_reg[21]                             ; 2       ;
; bridge_top:bridge_inst|bridge_prdata_mux:prdata_mux|HRDATA[20]~157    ; 2       ;
; apb_slave_timer:timer_inst|period_reg[20]                             ; 2       ;
; bridge_top:bridge_inst|bridge_prdata_mux:prdata_mux|HRDATA[19]~149    ; 2       ;
; apb_slave_timer:timer_inst|period_reg[19]                             ; 2       ;
; bridge_top:bridge_inst|bridge_prdata_mux:prdata_mux|HRDATA[18]~141    ; 2       ;
; apb_slave_timer:timer_inst|period_reg[18]                             ; 2       ;
; bridge_top:bridge_inst|bridge_prdata_mux:prdata_mux|HRDATA[17]~133    ; 2       ;
; apb_slave_timer:timer_inst|period_reg[17]                             ; 2       ;
; bridge_top:bridge_inst|bridge_prdata_mux:prdata_mux|HRDATA[16]~125    ; 2       ;
; apb_slave_timer:timer_inst|period_reg[16]                             ; 2       ;
; bridge_top:bridge_inst|bridge_prdata_mux:prdata_mux|HRDATA[15]~117    ; 2       ;
; apb_slave_timer:timer_inst|period_reg[15]                             ; 2       ;
; bridge_top:bridge_inst|bridge_prdata_mux:prdata_mux|HRDATA[14]~109    ; 2       ;
; apb_slave_timer:timer_inst|period_reg[14]                             ; 2       ;
; bridge_top:bridge_inst|bridge_prdata_mux:prdata_mux|HRDATA[13]~101    ; 2       ;
; apb_slave_timer:timer_inst|period_reg[13]                             ; 2       ;
; bridge_top:bridge_inst|bridge_prdata_mux:prdata_mux|HRDATA[12]~93     ; 2       ;
; apb_slave_timer:timer_inst|period_reg[12]                             ; 2       ;
; bridge_top:bridge_inst|bridge_prdata_mux:prdata_mux|HRDATA[11]~85     ; 2       ;
; apb_slave_timer:timer_inst|period_reg[11]                             ; 2       ;
; bridge_top:bridge_inst|bridge_prdata_mux:prdata_mux|HRDATA[10]~77     ; 2       ;
; apb_slave_timer:timer_inst|period_reg[10]                             ; 2       ;
; bridge_top:bridge_inst|bridge_prdata_mux:prdata_mux|HRDATA[9]~69      ; 2       ;
; apb_slave_timer:timer_inst|period_reg[9]                              ; 2       ;
; bridge_top:bridge_inst|bridge_prdata_mux:prdata_mux|HRDATA[8]~60      ; 2       ;
; apb_slave_timer:timer_inst|period_reg[8]                              ; 2       ;
; bridge_top:bridge_inst|bridge_prdata_mux:prdata_mux|HRDATA[7]~53      ; 2       ;
; apb_slave_timer:timer_inst|period_reg[7]                              ; 2       ;
; apb_slave_gpio:gpio_inst|data_reg[7]                                  ; 2       ;
; apb_slave_gpio:gpio_inst|dir_reg[7]                                   ; 2       ;
; bridge_top:bridge_inst|bridge_prdata_mux:prdata_mux|HRDATA[6]~47      ; 2       ;
; apb_slave_timer:timer_inst|period_reg[6]                              ; 2       ;
; apb_slave_gpio:gpio_inst|data_reg[6]                                  ; 2       ;
; apb_slave_gpio:gpio_inst|dir_reg[6]                                   ; 2       ;
; bridge_top:bridge_inst|bridge_prdata_mux:prdata_mux|HRDATA[5]~41      ; 2       ;
; apb_slave_timer:timer_inst|period_reg[5]                              ; 2       ;
; apb_slave_gpio:gpio_inst|data_reg[5]                                  ; 2       ;
; apb_slave_gpio:gpio_inst|dir_reg[5]                                   ; 2       ;
; bridge_top:bridge_inst|bridge_prdata_mux:prdata_mux|HRDATA[4]~35      ; 2       ;
; apb_slave_timer:timer_inst|period_reg[4]                              ; 2       ;
; apb_slave_gpio:gpio_inst|data_reg[4]                                  ; 2       ;
; apb_slave_gpio:gpio_inst|dir_reg[4]                                   ; 2       ;
; bridge_top:bridge_inst|bridge_prdata_mux:prdata_mux|HRDATA[3]~29      ; 2       ;
; apb_slave_timer:timer_inst|period_reg[3]                              ; 2       ;
; apb_slave_gpio:gpio_inst|data_reg[3]                                  ; 2       ;
; apb_slave_gpio:gpio_inst|dir_reg[3]                                   ; 2       ;
; bridge_top:bridge_inst|bridge_prdata_mux:prdata_mux|HRDATA[2]~23      ; 2       ;
; apb_slave_timer:timer_inst|period_reg[2]                              ; 2       ;
; apb_slave_gpio:gpio_inst|data_reg[2]                                  ; 2       ;
; apb_slave_gpio:gpio_inst|dir_reg[2]                                   ; 2       ;
; bridge_top:bridge_inst|bridge_prdata_mux:prdata_mux|HRDATA[1]~17      ; 2       ;
; apb_slave_timer:timer_inst|period_reg[1]                              ; 2       ;
; apb_slave_gpio:gpio_inst|data_reg[1]                                  ; 2       ;
; apb_slave_gpio:gpio_inst|dir_reg[1]                                   ; 2       ;
; bridge_top:bridge_inst|bridge_prdata_mux:prdata_mux|HRDATA[0]~10      ; 2       ;
; bridge_top:bridge_inst|bridge_prdata_mux:prdata_mux|HRDATA[19]~9      ; 2       ;
; apb_slave_timer:timer_inst|period_reg[0]                              ; 2       ;
; apb_slave_gpio:gpio_inst|data_reg[0]                                  ; 2       ;
; apb_slave_gpio:gpio_inst|dir_reg[0]                                   ; 2       ;
; bridge_top:bridge_inst|bridge_fsm:fsm|Selector7~2                     ; 2       ;
; bridge_top:bridge_inst|bridge_prdata_mux:prdata_mux|HRDATA[19]~1      ; 2       ;
; apb_slave_regfile:regfile_inst|addr_valid~2                           ; 2       ;
; ahb_interconnect:interconnect_inst|HADDR[16]~1                        ; 2       ;
; bridge_top:bridge_inst|bridge_addr_decoder:addr_decoder|Equal0~13     ; 2       ;
; bridge_top:bridge_inst|bridge_addr_decoder:addr_decoder|Equal0~11     ; 2       ;
; bridge_top:bridge_inst|bridge_addr_decoder:addr_decoder|Equal0~6      ; 2       ;
; bridge_top:bridge_inst|bridge_prdata_mux:prdata_mux|HRDATA[19]~0      ; 2       ;
; HBUSREQ2~input                                                        ; 1       ;
; HWDATA1[31]~input                                                     ; 1       ;
; HWDATA2[31]~input                                                     ; 1       ;
; HWDATA1[30]~input                                                     ; 1       ;
; HWDATA2[30]~input                                                     ; 1       ;
; HWDATA1[29]~input                                                     ; 1       ;
; HWDATA2[29]~input                                                     ; 1       ;
; HWDATA1[28]~input                                                     ; 1       ;
; HWDATA2[28]~input                                                     ; 1       ;
; HWDATA1[27]~input                                                     ; 1       ;
; HWDATA2[27]~input                                                     ; 1       ;
; HWDATA1[26]~input                                                     ; 1       ;
; HWDATA2[26]~input                                                     ; 1       ;
; HWDATA1[25]~input                                                     ; 1       ;
; HWDATA2[25]~input                                                     ; 1       ;
; HWDATA1[24]~input                                                     ; 1       ;
; HWDATA2[24]~input                                                     ; 1       ;
; HWDATA1[23]~input                                                     ; 1       ;
; HWDATA2[23]~input                                                     ; 1       ;
; HWDATA1[22]~input                                                     ; 1       ;
; HWDATA2[22]~input                                                     ; 1       ;
; HWDATA1[21]~input                                                     ; 1       ;
; HWDATA2[21]~input                                                     ; 1       ;
; HWDATA1[20]~input                                                     ; 1       ;
; HWDATA2[20]~input                                                     ; 1       ;
; HWDATA1[19]~input                                                     ; 1       ;
; HWDATA2[19]~input                                                     ; 1       ;
; HWDATA1[18]~input                                                     ; 1       ;
; HWDATA2[18]~input                                                     ; 1       ;
; HWDATA1[17]~input                                                     ; 1       ;
; HWDATA2[17]~input                                                     ; 1       ;
; HWDATA1[16]~input                                                     ; 1       ;
; HWDATA2[16]~input                                                     ; 1       ;
; HWDATA1[15]~input                                                     ; 1       ;
; HWDATA2[15]~input                                                     ; 1       ;
; HWDATA1[14]~input                                                     ; 1       ;
; HWDATA2[14]~input                                                     ; 1       ;
; HWDATA1[13]~input                                                     ; 1       ;
; HWDATA2[13]~input                                                     ; 1       ;
; HWDATA1[12]~input                                                     ; 1       ;
; HWDATA2[12]~input                                                     ; 1       ;
; HWDATA1[11]~input                                                     ; 1       ;
; HWDATA2[11]~input                                                     ; 1       ;
; HWDATA1[10]~input                                                     ; 1       ;
; HWDATA2[10]~input                                                     ; 1       ;
; HWDATA1[9]~input                                                      ; 1       ;
; HWDATA2[9]~input                                                      ; 1       ;
; HWDATA1[8]~input                                                      ; 1       ;
; HWDATA2[8]~input                                                      ; 1       ;
; HWDATA1[7]~input                                                      ; 1       ;
; HWDATA2[7]~input                                                      ; 1       ;
; HWDATA1[6]~input                                                      ; 1       ;
; HWDATA2[6]~input                                                      ; 1       ;
; HWDATA1[5]~input                                                      ; 1       ;
; HWDATA2[5]~input                                                      ; 1       ;
; HWDATA1[4]~input                                                      ; 1       ;
; HWDATA2[4]~input                                                      ; 1       ;
; HWDATA1[3]~input                                                      ; 1       ;
; HWDATA2[3]~input                                                      ; 1       ;
; HWDATA1[2]~input                                                      ; 1       ;
; HWDATA2[2]~input                                                      ; 1       ;
; HWDATA1[1]~input                                                      ; 1       ;
; HWDATA2[1]~input                                                      ; 1       ;
; HWDATA1[0]~input                                                      ; 1       ;
; HWDATA2[0]~input                                                      ; 1       ;
; HADDR2[4]~input                                                       ; 1       ;
; HADDR1[4]~input                                                       ; 1       ;
; HADDR2[2]~input                                                       ; 1       ;
; HADDR1[2]~input                                                       ; 1       ;
; HADDR2[3]~input                                                       ; 1       ;
; HADDR1[3]~input                                                       ; 1       ;
; HADDR2[12]~input                                                      ; 1       ;
; HADDR1[12]~input                                                      ; 1       ;
; HADDR2[13]~input                                                      ; 1       ;
; HADDR1[13]~input                                                      ; 1       ;
; HADDR2[14]~input                                                      ; 1       ;
; HADDR1[14]~input                                                      ; 1       ;
; HADDR2[15]~input                                                      ; 1       ;
; HADDR1[15]~input                                                      ; 1       ;
; HADDR2[1]~input                                                       ; 1       ;
; HADDR1[1]~input                                                       ; 1       ;
; HADDR2[5]~input                                                       ; 1       ;
; HADDR1[5]~input                                                       ; 1       ;
; HADDR2[6]~input                                                       ; 1       ;
; HADDR1[6]~input                                                       ; 1       ;
; HADDR2[7]~input                                                       ; 1       ;
; HADDR1[7]~input                                                       ; 1       ;
; HADDR2[8]~input                                                       ; 1       ;
; HADDR1[8]~input                                                       ; 1       ;
; HADDR2[9]~input                                                       ; 1       ;
; HADDR1[9]~input                                                       ; 1       ;
; HADDR2[10]~input                                                      ; 1       ;
; HADDR1[10]~input                                                      ; 1       ;
; HADDR2[11]~input                                                      ; 1       ;
; HADDR1[11]~input                                                      ; 1       ;
; HADDR2[0]~input                                                       ; 1       ;
; HADDR1[0]~input                                                       ; 1       ;
; HWRITE2~input                                                         ; 1       ;
; HWRITE1~input                                                         ; 1       ;
; GPIO_IN[7]~input                                                      ; 1       ;
; GPIO_IN[6]~input                                                      ; 1       ;
; GPIO_IN[5]~input                                                      ; 1       ;
; GPIO_IN[4]~input                                                      ; 1       ;
; GPIO_IN[3]~input                                                      ; 1       ;
; GPIO_IN[2]~input                                                      ; 1       ;
; GPIO_IN[1]~input                                                      ; 1       ;
; GPIO_IN[0]~input                                                      ; 1       ;
; HADDR2[16]~input                                                      ; 1       ;
; HADDR1[16]~input                                                      ; 1       ;
; HADDR1[29]~input                                                      ; 1       ;
; HADDR1[28]~input                                                      ; 1       ;
; HADDR2[28]~input                                                      ; 1       ;
; HADDR2[29]~input                                                      ; 1       ;
; HADDR2[26]~input                                                      ; 1       ;
; HADDR2[22]~input                                                      ; 1       ;
; HADDR1[24]~input                                                      ; 1       ;
; HADDR1[26]~input                                                      ; 1       ;
; HADDR1[25]~input                                                      ; 1       ;
; HADDR1[27]~input                                                      ; 1       ;
; HADDR1[31]~input                                                      ; 1       ;
; HADDR1[22]~input                                                      ; 1       ;
; HADDR2[24]~input                                                      ; 1       ;
; HADDR2[31]~input                                                      ; 1       ;
; HADDR2[25]~input                                                      ; 1       ;
; HADDR2[27]~input                                                      ; 1       ;
; HADDR2[21]~input                                                      ; 1       ;
; HADDR2[20]~input                                                      ; 1       ;
; HADDR1[20]~input                                                      ; 1       ;
; HADDR1[19]~input                                                      ; 1       ;
; HADDR1[18]~input                                                      ; 1       ;
; HADDR1[23]~input                                                      ; 1       ;
; HADDR1[30]~input                                                      ; 1       ;
; HADDR1[21]~input                                                      ; 1       ;
; HADDR2[19]~input                                                      ; 1       ;
; HADDR2[18]~input                                                      ; 1       ;
; HADDR2[23]~input                                                      ; 1       ;
; HADDR2[30]~input                                                      ; 1       ;
; apb_slave_timer:timer_inst|period_reg[31]~32                          ; 1       ;
; apb_slave_timer:timer_inst|period_reg[30]~31                          ; 1       ;
; apb_slave_timer:timer_inst|period_reg[29]~30                          ; 1       ;
; apb_slave_timer:timer_inst|period_reg[28]~29                          ; 1       ;
; apb_slave_timer:timer_inst|period_reg[27]~28                          ; 1       ;
; apb_slave_timer:timer_inst|period_reg[26]~27                          ; 1       ;
; apb_slave_timer:timer_inst|period_reg[25]~26                          ; 1       ;
; apb_slave_timer:timer_inst|period_reg[24]~25                          ; 1       ;
; apb_slave_timer:timer_inst|period_reg[23]~24                          ; 1       ;
; apb_slave_timer:timer_inst|period_reg[22]~23                          ; 1       ;
; apb_slave_timer:timer_inst|period_reg[21]~22                          ; 1       ;
; apb_slave_timer:timer_inst|period_reg[20]~21                          ; 1       ;
; apb_slave_timer:timer_inst|period_reg[19]~20                          ; 1       ;
; apb_slave_timer:timer_inst|period_reg[18]~19                          ; 1       ;
; apb_slave_timer:timer_inst|period_reg[17]~18                          ; 1       ;
; apb_slave_timer:timer_inst|period_reg[16]~17                          ; 1       ;
; apb_slave_timer:timer_inst|period_reg[15]~16                          ; 1       ;
; apb_slave_timer:timer_inst|period_reg[14]~15                          ; 1       ;
; apb_slave_timer:timer_inst|period_reg[13]~14                          ; 1       ;
; apb_slave_timer:timer_inst|period_reg[12]~13                          ; 1       ;
; apb_slave_timer:timer_inst|period_reg[11]~12                          ; 1       ;
; apb_slave_timer:timer_inst|period_reg[10]~11                          ; 1       ;
; apb_slave_timer:timer_inst|period_reg[9]~10                           ; 1       ;
; apb_slave_timer:timer_inst|period_reg[8]~9                            ; 1       ;
; apb_slave_timer:timer_inst|period_reg[7]~8                            ; 1       ;
; apb_slave_timer:timer_inst|period_reg[6]~7                            ; 1       ;
; apb_slave_timer:timer_inst|period_reg[5]~6                            ; 1       ;
; apb_slave_timer:timer_inst|period_reg[4]~5                            ; 1       ;
; apb_slave_timer:timer_inst|period_reg[3]~4                            ; 1       ;
; apb_slave_timer:timer_inst|period_reg[2]~3                            ; 1       ;
; apb_slave_timer:timer_inst|period_reg[1]~2                            ; 1       ;
; apb_slave_timer:timer_inst|period_reg[0]~1                            ; 1       ;
; bridge_top:bridge_inst|bridge_prdata_mux:prdata_mux|HRDATA[8]~246     ; 1       ;
; bridge_top:bridge_inst|bridge_fsm:fsm|Selector3~3                     ; 1       ;
; bridge_top:bridge_inst|bridge_fsm:fsm|Selector6~2                     ; 1       ;
; bridge_top:bridge_inst|bridge_fsm:fsm|Selector5~2                     ; 1       ;
; bridge_top:bridge_inst|bridge_fsm:fsm|Selector7~4                     ; 1       ;
; bridge_top:bridge_inst|bridge_fsm:fsm|Selector2~0                     ; 1       ;
; ahb_interconnect:interconnect_inst|data_phase_grant_m1~0              ; 1       ;
; ahb_interconnect:interconnect_inst|always0~0                          ; 1       ;
; bridge_top:bridge_inst|bridge_fsm:fsm|Selector3~2                     ; 1       ;
; bridge_top:bridge_inst|bridge_fsm:fsm|Selector1~1                     ; 1       ;
; bridge_top:bridge_inst|bridge_fsm:fsm|Selector1~0                     ; 1       ;
; bridge_top:bridge_inst|bridge_fsm:fsm|Selector4~0                     ; 1       ;
; ahb_interconnect:interconnect_inst|ahb_arbiter:arbiter_inst|always0~0 ; 1       ;
; bridge_top:bridge_inst|bridge_fsm:fsm|Selector0~2                     ; 1       ;
; bridge_top:bridge_inst|bridge_fsm:fsm|Selector0~0                     ; 1       ;
; apb_slave_timer:timer_inst|ctrl_reg~1                                 ; 1       ;
; apb_slave_timer:timer_inst|ctrl_reg~0                                 ; 1       ;
; apb_slave_regfile:regfile_inst|always0~0                              ; 1       ;
; ahb_interconnect:interconnect_inst|HADDR[4]~17                        ; 1       ;
; ahb_interconnect:interconnect_inst|HADDR[2]~16                        ; 1       ;
; ahb_interconnect:interconnect_inst|HADDR[3]~15                        ; 1       ;
; ahb_interconnect:interconnect_inst|HADDR[12]~14                       ; 1       ;
; ahb_interconnect:interconnect_inst|HADDR[13]~13                       ; 1       ;
; ahb_interconnect:interconnect_inst|HADDR[14]~12                       ; 1       ;
; ahb_interconnect:interconnect_inst|HADDR[15]~11                       ; 1       ;
; ahb_interconnect:interconnect_inst|HADDR[1]~10                        ; 1       ;
; ahb_interconnect:interconnect_inst|HADDR[5]~9                         ; 1       ;
; ahb_interconnect:interconnect_inst|HADDR[6]~8                         ; 1       ;
; ahb_interconnect:interconnect_inst|HADDR[7]~7                         ; 1       ;
; ahb_interconnect:interconnect_inst|HADDR[8]~6                         ; 1       ;
; ahb_interconnect:interconnect_inst|HADDR[9]~5                         ; 1       ;
; ahb_interconnect:interconnect_inst|HADDR[10]~4                        ; 1       ;
; ahb_interconnect:interconnect_inst|HADDR[11]~3                        ; 1       ;
; bridge_top:bridge_inst|Valid~0                                        ; 1       ;
; ahb_interconnect:interconnect_inst|HADDR[0]~2                         ; 1       ;
; apb_slave_timer:timer_inst|TIMER_IRQ                                  ; 1       ;
; apb_slave_timer:timer_inst|Equal5~19                                  ; 1       ;
; apb_slave_timer:timer_inst|Equal5~18                                  ; 1       ;
; apb_slave_timer:timer_inst|Equal5~17                                  ; 1       ;
; apb_slave_timer:timer_inst|Equal5~16                                  ; 1       ;
; apb_slave_timer:timer_inst|Equal5~15                                  ; 1       ;
; apb_slave_timer:timer_inst|Equal5~14                                  ; 1       ;
; apb_slave_timer:timer_inst|Equal5~13                                  ; 1       ;
; apb_slave_timer:timer_inst|Equal5~12                                  ; 1       ;
; apb_slave_timer:timer_inst|Equal5~11                                  ; 1       ;
; apb_slave_timer:timer_inst|Equal5~10                                  ; 1       ;
; apb_slave_timer:timer_inst|Equal5~9                                   ; 1       ;
; apb_slave_timer:timer_inst|Equal5~8                                   ; 1       ;
; apb_slave_timer:timer_inst|Equal5~7                                   ; 1       ;
; apb_slave_timer:timer_inst|Equal5~6                                   ; 1       ;
; apb_slave_timer:timer_inst|Equal5~5                                   ; 1       ;
; apb_slave_timer:timer_inst|Equal5~4                                   ; 1       ;
; apb_slave_timer:timer_inst|Equal5~3                                   ; 1       ;
; apb_slave_timer:timer_inst|Equal5~2                                   ; 1       ;
; apb_slave_timer:timer_inst|Equal5~1                                   ; 1       ;
; apb_slave_timer:timer_inst|Equal5~0                                   ; 1       ;
; apb_slave_gpio:gpio_inst|GPIO_OUT[7]                                  ; 1       ;
; apb_slave_gpio:gpio_inst|GPIO_OUT[6]                                  ; 1       ;
; apb_slave_gpio:gpio_inst|GPIO_OUT[5]                                  ; 1       ;
; apb_slave_gpio:gpio_inst|GPIO_OUT[4]                                  ; 1       ;
; apb_slave_gpio:gpio_inst|GPIO_OUT[3]                                  ; 1       ;
; apb_slave_gpio:gpio_inst|GPIO_OUT[2]                                  ; 1       ;
; apb_slave_gpio:gpio_inst|GPIO_OUT[1]                                  ; 1       ;
; apb_slave_gpio:gpio_inst|GPIO_OUT[0]                                  ; 1       ;
; bridge_top:bridge_inst|bridge_prdata_mux:prdata_mux|HRESP[0]~0        ; 1       ;
; apb_slave_regfile:regfile_inst|addr_valid~4                           ; 1       ;
; bridge_top:bridge_inst|bridge_prdata_mux:prdata_mux|HRDATA[31]~244    ; 1       ;
; bridge_top:bridge_inst|bridge_prdata_mux:prdata_mux|HRDATA[31]~243    ; 1       ;
; bridge_top:bridge_inst|bridge_prdata_mux:prdata_mux|HRDATA[31]~242    ; 1       ;
; apb_slave_regfile:regfile_inst|mem[3][31]                             ; 1       ;
; bridge_top:bridge_inst|bridge_prdata_mux:prdata_mux|HRDATA[31]~241    ; 1       ;
; apb_slave_regfile:regfile_inst|mem[0][31]                             ; 1       ;
; apb_slave_regfile:regfile_inst|mem[1][31]                             ; 1       ;
; apb_slave_regfile:regfile_inst|mem[2][31]                             ; 1       ;
; bridge_top:bridge_inst|bridge_prdata_mux:prdata_mux|HRDATA[31]~240    ; 1       ;
; apb_slave_regfile:regfile_inst|mem[7][31]                             ; 1       ;
; bridge_top:bridge_inst|bridge_prdata_mux:prdata_mux|HRDATA[31]~239    ; 1       ;
; apb_slave_regfile:regfile_inst|mem[4][31]                             ; 1       ;
; apb_slave_regfile:regfile_inst|mem[6][31]                             ; 1       ;
; apb_slave_regfile:regfile_inst|mem[5][31]                             ; 1       ;
; bridge_top:bridge_inst|bridge_prdata_mux:prdata_mux|HRDATA[31]~238    ; 1       ;
; bridge_top:bridge_inst|bridge_prdata_mux:prdata_mux|HRDATA[30]~236    ; 1       ;
; bridge_top:bridge_inst|bridge_prdata_mux:prdata_mux|HRDATA[30]~235    ; 1       ;
; bridge_top:bridge_inst|bridge_prdata_mux:prdata_mux|HRDATA[30]~234    ; 1       ;
; apb_slave_regfile:regfile_inst|mem[3][30]                             ; 1       ;
; bridge_top:bridge_inst|bridge_prdata_mux:prdata_mux|HRDATA[30]~233    ; 1       ;
; apb_slave_regfile:regfile_inst|mem[0][30]                             ; 1       ;
; apb_slave_regfile:regfile_inst|mem[1][30]                             ; 1       ;
; apb_slave_regfile:regfile_inst|mem[2][30]                             ; 1       ;
; bridge_top:bridge_inst|bridge_prdata_mux:prdata_mux|HRDATA[30]~232    ; 1       ;
; apb_slave_regfile:regfile_inst|mem[7][30]                             ; 1       ;
; bridge_top:bridge_inst|bridge_prdata_mux:prdata_mux|HRDATA[30]~231    ; 1       ;
; apb_slave_regfile:regfile_inst|mem[4][30]                             ; 1       ;
; apb_slave_regfile:regfile_inst|mem[6][30]                             ; 1       ;
; apb_slave_regfile:regfile_inst|mem[5][30]                             ; 1       ;
; bridge_top:bridge_inst|bridge_prdata_mux:prdata_mux|HRDATA[30]~230    ; 1       ;
; bridge_top:bridge_inst|bridge_prdata_mux:prdata_mux|HRDATA[29]~228    ; 1       ;
; bridge_top:bridge_inst|bridge_prdata_mux:prdata_mux|HRDATA[29]~227    ; 1       ;
; bridge_top:bridge_inst|bridge_prdata_mux:prdata_mux|HRDATA[29]~226    ; 1       ;
; apb_slave_regfile:regfile_inst|mem[3][29]                             ; 1       ;
; bridge_top:bridge_inst|bridge_prdata_mux:prdata_mux|HRDATA[29]~225    ; 1       ;
; apb_slave_regfile:regfile_inst|mem[0][29]                             ; 1       ;
; apb_slave_regfile:regfile_inst|mem[1][29]                             ; 1       ;
; apb_slave_regfile:regfile_inst|mem[2][29]                             ; 1       ;
; bridge_top:bridge_inst|bridge_prdata_mux:prdata_mux|HRDATA[29]~224    ; 1       ;
; apb_slave_regfile:regfile_inst|mem[7][29]                             ; 1       ;
; bridge_top:bridge_inst|bridge_prdata_mux:prdata_mux|HRDATA[29]~223    ; 1       ;
; apb_slave_regfile:regfile_inst|mem[4][29]                             ; 1       ;
; apb_slave_regfile:regfile_inst|mem[6][29]                             ; 1       ;
; apb_slave_regfile:regfile_inst|mem[5][29]                             ; 1       ;
; bridge_top:bridge_inst|bridge_prdata_mux:prdata_mux|HRDATA[29]~222    ; 1       ;
; bridge_top:bridge_inst|bridge_prdata_mux:prdata_mux|HRDATA[28]~220    ; 1       ;
; bridge_top:bridge_inst|bridge_prdata_mux:prdata_mux|HRDATA[28]~219    ; 1       ;
; bridge_top:bridge_inst|bridge_prdata_mux:prdata_mux|HRDATA[28]~218    ; 1       ;
; apb_slave_regfile:regfile_inst|mem[3][28]                             ; 1       ;
; bridge_top:bridge_inst|bridge_prdata_mux:prdata_mux|HRDATA[28]~217    ; 1       ;
; apb_slave_regfile:regfile_inst|mem[0][28]                             ; 1       ;
; apb_slave_regfile:regfile_inst|mem[1][28]                             ; 1       ;
; apb_slave_regfile:regfile_inst|mem[2][28]                             ; 1       ;
; bridge_top:bridge_inst|bridge_prdata_mux:prdata_mux|HRDATA[28]~216    ; 1       ;
; apb_slave_regfile:regfile_inst|mem[7][28]                             ; 1       ;
; bridge_top:bridge_inst|bridge_prdata_mux:prdata_mux|HRDATA[28]~215    ; 1       ;
; apb_slave_regfile:regfile_inst|mem[4][28]                             ; 1       ;
; apb_slave_regfile:regfile_inst|mem[6][28]                             ; 1       ;
; apb_slave_regfile:regfile_inst|mem[5][28]                             ; 1       ;
; bridge_top:bridge_inst|bridge_prdata_mux:prdata_mux|HRDATA[28]~214    ; 1       ;
; bridge_top:bridge_inst|bridge_prdata_mux:prdata_mux|HRDATA[27]~212    ; 1       ;
; bridge_top:bridge_inst|bridge_prdata_mux:prdata_mux|HRDATA[27]~211    ; 1       ;
; bridge_top:bridge_inst|bridge_prdata_mux:prdata_mux|HRDATA[27]~210    ; 1       ;
; apb_slave_regfile:regfile_inst|mem[3][27]                             ; 1       ;
; bridge_top:bridge_inst|bridge_prdata_mux:prdata_mux|HRDATA[27]~209    ; 1       ;
; apb_slave_regfile:regfile_inst|mem[0][27]                             ; 1       ;
; apb_slave_regfile:regfile_inst|mem[1][27]                             ; 1       ;
; apb_slave_regfile:regfile_inst|mem[2][27]                             ; 1       ;
; bridge_top:bridge_inst|bridge_prdata_mux:prdata_mux|HRDATA[27]~208    ; 1       ;
; apb_slave_regfile:regfile_inst|mem[7][27]                             ; 1       ;
; bridge_top:bridge_inst|bridge_prdata_mux:prdata_mux|HRDATA[27]~207    ; 1       ;
; apb_slave_regfile:regfile_inst|mem[4][27]                             ; 1       ;
; apb_slave_regfile:regfile_inst|mem[6][27]                             ; 1       ;
; apb_slave_regfile:regfile_inst|mem[5][27]                             ; 1       ;
; bridge_top:bridge_inst|bridge_prdata_mux:prdata_mux|HRDATA[27]~206    ; 1       ;
; bridge_top:bridge_inst|bridge_prdata_mux:prdata_mux|HRDATA[26]~204    ; 1       ;
; bridge_top:bridge_inst|bridge_prdata_mux:prdata_mux|HRDATA[26]~203    ; 1       ;
; bridge_top:bridge_inst|bridge_prdata_mux:prdata_mux|HRDATA[26]~202    ; 1       ;
; apb_slave_regfile:regfile_inst|mem[3][26]                             ; 1       ;
; bridge_top:bridge_inst|bridge_prdata_mux:prdata_mux|HRDATA[26]~201    ; 1       ;
; apb_slave_regfile:regfile_inst|mem[0][26]                             ; 1       ;
; apb_slave_regfile:regfile_inst|mem[1][26]                             ; 1       ;
; apb_slave_regfile:regfile_inst|mem[2][26]                             ; 1       ;
; bridge_top:bridge_inst|bridge_prdata_mux:prdata_mux|HRDATA[26]~200    ; 1       ;
; apb_slave_regfile:regfile_inst|mem[7][26]                             ; 1       ;
; bridge_top:bridge_inst|bridge_prdata_mux:prdata_mux|HRDATA[26]~199    ; 1       ;
; apb_slave_regfile:regfile_inst|mem[4][26]                             ; 1       ;
; apb_slave_regfile:regfile_inst|mem[6][26]                             ; 1       ;
; apb_slave_regfile:regfile_inst|mem[5][26]                             ; 1       ;
; bridge_top:bridge_inst|bridge_prdata_mux:prdata_mux|HRDATA[26]~198    ; 1       ;
; bridge_top:bridge_inst|bridge_prdata_mux:prdata_mux|HRDATA[25]~196    ; 1       ;
; bridge_top:bridge_inst|bridge_prdata_mux:prdata_mux|HRDATA[25]~195    ; 1       ;
; bridge_top:bridge_inst|bridge_prdata_mux:prdata_mux|HRDATA[25]~194    ; 1       ;
; apb_slave_regfile:regfile_inst|mem[3][25]                             ; 1       ;
; bridge_top:bridge_inst|bridge_prdata_mux:prdata_mux|HRDATA[25]~193    ; 1       ;
; apb_slave_regfile:regfile_inst|mem[0][25]                             ; 1       ;
; apb_slave_regfile:regfile_inst|mem[1][25]                             ; 1       ;
; apb_slave_regfile:regfile_inst|mem[2][25]                             ; 1       ;
; bridge_top:bridge_inst|bridge_prdata_mux:prdata_mux|HRDATA[25]~192    ; 1       ;
; apb_slave_regfile:regfile_inst|mem[7][25]                             ; 1       ;
; bridge_top:bridge_inst|bridge_prdata_mux:prdata_mux|HRDATA[25]~191    ; 1       ;
; apb_slave_regfile:regfile_inst|mem[4][25]                             ; 1       ;
; apb_slave_regfile:regfile_inst|mem[6][25]                             ; 1       ;
; apb_slave_regfile:regfile_inst|mem[5][25]                             ; 1       ;
; bridge_top:bridge_inst|bridge_prdata_mux:prdata_mux|HRDATA[25]~190    ; 1       ;
; bridge_top:bridge_inst|bridge_prdata_mux:prdata_mux|HRDATA[24]~188    ; 1       ;
; bridge_top:bridge_inst|bridge_prdata_mux:prdata_mux|HRDATA[24]~187    ; 1       ;
; bridge_top:bridge_inst|bridge_prdata_mux:prdata_mux|HRDATA[24]~186    ; 1       ;
; apb_slave_regfile:regfile_inst|mem[3][24]                             ; 1       ;
; bridge_top:bridge_inst|bridge_prdata_mux:prdata_mux|HRDATA[24]~185    ; 1       ;
; apb_slave_regfile:regfile_inst|mem[0][24]                             ; 1       ;
; apb_slave_regfile:regfile_inst|mem[1][24]                             ; 1       ;
; apb_slave_regfile:regfile_inst|mem[2][24]                             ; 1       ;
; bridge_top:bridge_inst|bridge_prdata_mux:prdata_mux|HRDATA[24]~184    ; 1       ;
; apb_slave_regfile:regfile_inst|mem[7][24]                             ; 1       ;
; bridge_top:bridge_inst|bridge_prdata_mux:prdata_mux|HRDATA[24]~183    ; 1       ;
; apb_slave_regfile:regfile_inst|mem[4][24]                             ; 1       ;
; apb_slave_regfile:regfile_inst|mem[6][24]                             ; 1       ;
; apb_slave_regfile:regfile_inst|mem[5][24]                             ; 1       ;
; bridge_top:bridge_inst|bridge_prdata_mux:prdata_mux|HRDATA[24]~182    ; 1       ;
; bridge_top:bridge_inst|bridge_prdata_mux:prdata_mux|HRDATA[23]~180    ; 1       ;
; bridge_top:bridge_inst|bridge_prdata_mux:prdata_mux|HRDATA[23]~179    ; 1       ;
; bridge_top:bridge_inst|bridge_prdata_mux:prdata_mux|HRDATA[23]~178    ; 1       ;
; apb_slave_regfile:regfile_inst|mem[3][23]                             ; 1       ;
; bridge_top:bridge_inst|bridge_prdata_mux:prdata_mux|HRDATA[23]~177    ; 1       ;
; apb_slave_regfile:regfile_inst|mem[0][23]                             ; 1       ;
; apb_slave_regfile:regfile_inst|mem[1][23]                             ; 1       ;
; apb_slave_regfile:regfile_inst|mem[2][23]                             ; 1       ;
; bridge_top:bridge_inst|bridge_prdata_mux:prdata_mux|HRDATA[23]~176    ; 1       ;
; apb_slave_regfile:regfile_inst|mem[7][23]                             ; 1       ;
; bridge_top:bridge_inst|bridge_prdata_mux:prdata_mux|HRDATA[23]~175    ; 1       ;
; apb_slave_regfile:regfile_inst|mem[4][23]                             ; 1       ;
; apb_slave_regfile:regfile_inst|mem[6][23]                             ; 1       ;
; apb_slave_regfile:regfile_inst|mem[5][23]                             ; 1       ;
; bridge_top:bridge_inst|bridge_prdata_mux:prdata_mux|HRDATA[23]~174    ; 1       ;
; bridge_top:bridge_inst|bridge_prdata_mux:prdata_mux|HRDATA[22]~172    ; 1       ;
; bridge_top:bridge_inst|bridge_prdata_mux:prdata_mux|HRDATA[22]~171    ; 1       ;
; bridge_top:bridge_inst|bridge_prdata_mux:prdata_mux|HRDATA[22]~170    ; 1       ;
; apb_slave_regfile:regfile_inst|mem[3][22]                             ; 1       ;
; bridge_top:bridge_inst|bridge_prdata_mux:prdata_mux|HRDATA[22]~169    ; 1       ;
; apb_slave_regfile:regfile_inst|mem[0][22]                             ; 1       ;
; apb_slave_regfile:regfile_inst|mem[1][22]                             ; 1       ;
; apb_slave_regfile:regfile_inst|mem[2][22]                             ; 1       ;
; bridge_top:bridge_inst|bridge_prdata_mux:prdata_mux|HRDATA[22]~168    ; 1       ;
; apb_slave_regfile:regfile_inst|mem[7][22]                             ; 1       ;
; bridge_top:bridge_inst|bridge_prdata_mux:prdata_mux|HRDATA[22]~167    ; 1       ;
; apb_slave_regfile:regfile_inst|mem[4][22]                             ; 1       ;
; apb_slave_regfile:regfile_inst|mem[6][22]                             ; 1       ;
; apb_slave_regfile:regfile_inst|mem[5][22]                             ; 1       ;
; bridge_top:bridge_inst|bridge_prdata_mux:prdata_mux|HRDATA[22]~166    ; 1       ;
; bridge_top:bridge_inst|bridge_prdata_mux:prdata_mux|HRDATA[21]~164    ; 1       ;
; bridge_top:bridge_inst|bridge_prdata_mux:prdata_mux|HRDATA[21]~163    ; 1       ;
; bridge_top:bridge_inst|bridge_prdata_mux:prdata_mux|HRDATA[21]~162    ; 1       ;
; apb_slave_regfile:regfile_inst|mem[3][21]                             ; 1       ;
; bridge_top:bridge_inst|bridge_prdata_mux:prdata_mux|HRDATA[21]~161    ; 1       ;
; apb_slave_regfile:regfile_inst|mem[0][21]                             ; 1       ;
; apb_slave_regfile:regfile_inst|mem[1][21]                             ; 1       ;
; apb_slave_regfile:regfile_inst|mem[2][21]                             ; 1       ;
; bridge_top:bridge_inst|bridge_prdata_mux:prdata_mux|HRDATA[21]~160    ; 1       ;
; apb_slave_regfile:regfile_inst|mem[7][21]                             ; 1       ;
; bridge_top:bridge_inst|bridge_prdata_mux:prdata_mux|HRDATA[21]~159    ; 1       ;
; apb_slave_regfile:regfile_inst|mem[4][21]                             ; 1       ;
; apb_slave_regfile:regfile_inst|mem[6][21]                             ; 1       ;
; apb_slave_regfile:regfile_inst|mem[5][21]                             ; 1       ;
; bridge_top:bridge_inst|bridge_prdata_mux:prdata_mux|HRDATA[21]~158    ; 1       ;
; bridge_top:bridge_inst|bridge_prdata_mux:prdata_mux|HRDATA[20]~156    ; 1       ;
; bridge_top:bridge_inst|bridge_prdata_mux:prdata_mux|HRDATA[20]~155    ; 1       ;
; bridge_top:bridge_inst|bridge_prdata_mux:prdata_mux|HRDATA[20]~154    ; 1       ;
; apb_slave_regfile:regfile_inst|mem[3][20]                             ; 1       ;
; bridge_top:bridge_inst|bridge_prdata_mux:prdata_mux|HRDATA[20]~153    ; 1       ;
; apb_slave_regfile:regfile_inst|mem[0][20]                             ; 1       ;
; apb_slave_regfile:regfile_inst|mem[1][20]                             ; 1       ;
; apb_slave_regfile:regfile_inst|mem[2][20]                             ; 1       ;
; bridge_top:bridge_inst|bridge_prdata_mux:prdata_mux|HRDATA[20]~152    ; 1       ;
; apb_slave_regfile:regfile_inst|mem[7][20]                             ; 1       ;
; bridge_top:bridge_inst|bridge_prdata_mux:prdata_mux|HRDATA[20]~151    ; 1       ;
; apb_slave_regfile:regfile_inst|mem[4][20]                             ; 1       ;
; apb_slave_regfile:regfile_inst|mem[6][20]                             ; 1       ;
; apb_slave_regfile:regfile_inst|mem[5][20]                             ; 1       ;
; bridge_top:bridge_inst|bridge_prdata_mux:prdata_mux|HRDATA[20]~150    ; 1       ;
; bridge_top:bridge_inst|bridge_prdata_mux:prdata_mux|HRDATA[19]~148    ; 1       ;
; bridge_top:bridge_inst|bridge_prdata_mux:prdata_mux|HRDATA[19]~147    ; 1       ;
; bridge_top:bridge_inst|bridge_prdata_mux:prdata_mux|HRDATA[19]~146    ; 1       ;
; apb_slave_regfile:regfile_inst|mem[3][19]                             ; 1       ;
; bridge_top:bridge_inst|bridge_prdata_mux:prdata_mux|HRDATA[19]~145    ; 1       ;
; apb_slave_regfile:regfile_inst|mem[0][19]                             ; 1       ;
; apb_slave_regfile:regfile_inst|mem[1][19]                             ; 1       ;
; apb_slave_regfile:regfile_inst|mem[2][19]                             ; 1       ;
; bridge_top:bridge_inst|bridge_prdata_mux:prdata_mux|HRDATA[19]~144    ; 1       ;
; apb_slave_regfile:regfile_inst|mem[7][19]                             ; 1       ;
; bridge_top:bridge_inst|bridge_prdata_mux:prdata_mux|HRDATA[19]~143    ; 1       ;
; apb_slave_regfile:regfile_inst|mem[4][19]                             ; 1       ;
; apb_slave_regfile:regfile_inst|mem[6][19]                             ; 1       ;
; apb_slave_regfile:regfile_inst|mem[5][19]                             ; 1       ;
; bridge_top:bridge_inst|bridge_prdata_mux:prdata_mux|HRDATA[19]~142    ; 1       ;
; bridge_top:bridge_inst|bridge_prdata_mux:prdata_mux|HRDATA[18]~140    ; 1       ;
; bridge_top:bridge_inst|bridge_prdata_mux:prdata_mux|HRDATA[18]~139    ; 1       ;
; bridge_top:bridge_inst|bridge_prdata_mux:prdata_mux|HRDATA[18]~138    ; 1       ;
; apb_slave_regfile:regfile_inst|mem[3][18]                             ; 1       ;
; bridge_top:bridge_inst|bridge_prdata_mux:prdata_mux|HRDATA[18]~137    ; 1       ;
; apb_slave_regfile:regfile_inst|mem[0][18]                             ; 1       ;
; apb_slave_regfile:regfile_inst|mem[1][18]                             ; 1       ;
; apb_slave_regfile:regfile_inst|mem[2][18]                             ; 1       ;
; bridge_top:bridge_inst|bridge_prdata_mux:prdata_mux|HRDATA[18]~136    ; 1       ;
; apb_slave_regfile:regfile_inst|mem[7][18]                             ; 1       ;
; bridge_top:bridge_inst|bridge_prdata_mux:prdata_mux|HRDATA[18]~135    ; 1       ;
; apb_slave_regfile:regfile_inst|mem[4][18]                             ; 1       ;
; apb_slave_regfile:regfile_inst|mem[6][18]                             ; 1       ;
; apb_slave_regfile:regfile_inst|mem[5][18]                             ; 1       ;
; bridge_top:bridge_inst|bridge_prdata_mux:prdata_mux|HRDATA[18]~134    ; 1       ;
; bridge_top:bridge_inst|bridge_prdata_mux:prdata_mux|HRDATA[17]~132    ; 1       ;
; bridge_top:bridge_inst|bridge_prdata_mux:prdata_mux|HRDATA[17]~131    ; 1       ;
; bridge_top:bridge_inst|bridge_prdata_mux:prdata_mux|HRDATA[17]~130    ; 1       ;
; apb_slave_regfile:regfile_inst|mem[3][17]                             ; 1       ;
; bridge_top:bridge_inst|bridge_prdata_mux:prdata_mux|HRDATA[17]~129    ; 1       ;
; apb_slave_regfile:regfile_inst|mem[0][17]                             ; 1       ;
; apb_slave_regfile:regfile_inst|mem[1][17]                             ; 1       ;
; apb_slave_regfile:regfile_inst|mem[2][17]                             ; 1       ;
; bridge_top:bridge_inst|bridge_prdata_mux:prdata_mux|HRDATA[17]~128    ; 1       ;
; apb_slave_regfile:regfile_inst|mem[7][17]                             ; 1       ;
; bridge_top:bridge_inst|bridge_prdata_mux:prdata_mux|HRDATA[17]~127    ; 1       ;
; apb_slave_regfile:regfile_inst|mem[4][17]                             ; 1       ;
; apb_slave_regfile:regfile_inst|mem[6][17]                             ; 1       ;
; apb_slave_regfile:regfile_inst|mem[5][17]                             ; 1       ;
; bridge_top:bridge_inst|bridge_prdata_mux:prdata_mux|HRDATA[17]~126    ; 1       ;
; bridge_top:bridge_inst|bridge_prdata_mux:prdata_mux|HRDATA[16]~124    ; 1       ;
; bridge_top:bridge_inst|bridge_prdata_mux:prdata_mux|HRDATA[16]~123    ; 1       ;
; bridge_top:bridge_inst|bridge_prdata_mux:prdata_mux|HRDATA[16]~122    ; 1       ;
; apb_slave_regfile:regfile_inst|mem[3][16]                             ; 1       ;
; bridge_top:bridge_inst|bridge_prdata_mux:prdata_mux|HRDATA[16]~121    ; 1       ;
; apb_slave_regfile:regfile_inst|mem[0][16]                             ; 1       ;
; apb_slave_regfile:regfile_inst|mem[1][16]                             ; 1       ;
; apb_slave_regfile:regfile_inst|mem[2][16]                             ; 1       ;
; bridge_top:bridge_inst|bridge_prdata_mux:prdata_mux|HRDATA[16]~120    ; 1       ;
; apb_slave_regfile:regfile_inst|mem[7][16]                             ; 1       ;
; bridge_top:bridge_inst|bridge_prdata_mux:prdata_mux|HRDATA[16]~119    ; 1       ;
; apb_slave_regfile:regfile_inst|mem[4][16]                             ; 1       ;
; apb_slave_regfile:regfile_inst|mem[5][16]                             ; 1       ;
; apb_slave_regfile:regfile_inst|mem[6][16]                             ; 1       ;
; bridge_top:bridge_inst|bridge_prdata_mux:prdata_mux|HRDATA[16]~118    ; 1       ;
; bridge_top:bridge_inst|bridge_prdata_mux:prdata_mux|HRDATA[15]~116    ; 1       ;
; bridge_top:bridge_inst|bridge_prdata_mux:prdata_mux|HRDATA[15]~115    ; 1       ;
; bridge_top:bridge_inst|bridge_prdata_mux:prdata_mux|HRDATA[15]~114    ; 1       ;
; apb_slave_regfile:regfile_inst|mem[3][15]                             ; 1       ;
; bridge_top:bridge_inst|bridge_prdata_mux:prdata_mux|HRDATA[15]~113    ; 1       ;
; apb_slave_regfile:regfile_inst|mem[0][15]                             ; 1       ;
; apb_slave_regfile:regfile_inst|mem[1][15]                             ; 1       ;
; apb_slave_regfile:regfile_inst|mem[2][15]                             ; 1       ;
; bridge_top:bridge_inst|bridge_prdata_mux:prdata_mux|HRDATA[15]~112    ; 1       ;
; apb_slave_regfile:regfile_inst|mem[7][15]                             ; 1       ;
; bridge_top:bridge_inst|bridge_prdata_mux:prdata_mux|HRDATA[15]~111    ; 1       ;
; apb_slave_regfile:regfile_inst|mem[4][15]                             ; 1       ;
; apb_slave_regfile:regfile_inst|mem[5][15]                             ; 1       ;
; apb_slave_regfile:regfile_inst|mem[6][15]                             ; 1       ;
; bridge_top:bridge_inst|bridge_prdata_mux:prdata_mux|HRDATA[15]~110    ; 1       ;
; bridge_top:bridge_inst|bridge_prdata_mux:prdata_mux|HRDATA[14]~108    ; 1       ;
; bridge_top:bridge_inst|bridge_prdata_mux:prdata_mux|HRDATA[14]~107    ; 1       ;
; bridge_top:bridge_inst|bridge_prdata_mux:prdata_mux|HRDATA[14]~106    ; 1       ;
; apb_slave_regfile:regfile_inst|mem[3][14]                             ; 1       ;
; bridge_top:bridge_inst|bridge_prdata_mux:prdata_mux|HRDATA[14]~105    ; 1       ;
; apb_slave_regfile:regfile_inst|mem[0][14]                             ; 1       ;
; apb_slave_regfile:regfile_inst|mem[1][14]                             ; 1       ;
; apb_slave_regfile:regfile_inst|mem[2][14]                             ; 1       ;
; bridge_top:bridge_inst|bridge_prdata_mux:prdata_mux|HRDATA[14]~104    ; 1       ;
; apb_slave_regfile:regfile_inst|mem[7][14]                             ; 1       ;
; bridge_top:bridge_inst|bridge_prdata_mux:prdata_mux|HRDATA[14]~103    ; 1       ;
; apb_slave_regfile:regfile_inst|mem[4][14]                             ; 1       ;
; apb_slave_regfile:regfile_inst|mem[5][14]                             ; 1       ;
; apb_slave_regfile:regfile_inst|mem[6][14]                             ; 1       ;
; bridge_top:bridge_inst|bridge_prdata_mux:prdata_mux|HRDATA[14]~102    ; 1       ;
; bridge_top:bridge_inst|bridge_prdata_mux:prdata_mux|HRDATA[13]~100    ; 1       ;
; bridge_top:bridge_inst|bridge_prdata_mux:prdata_mux|HRDATA[13]~99     ; 1       ;
; bridge_top:bridge_inst|bridge_prdata_mux:prdata_mux|HRDATA[13]~98     ; 1       ;
; apb_slave_regfile:regfile_inst|mem[3][13]                             ; 1       ;
; bridge_top:bridge_inst|bridge_prdata_mux:prdata_mux|HRDATA[13]~97     ; 1       ;
; apb_slave_regfile:regfile_inst|mem[0][13]                             ; 1       ;
; apb_slave_regfile:regfile_inst|mem[1][13]                             ; 1       ;
; apb_slave_regfile:regfile_inst|mem[2][13]                             ; 1       ;
; bridge_top:bridge_inst|bridge_prdata_mux:prdata_mux|HRDATA[13]~96     ; 1       ;
; apb_slave_regfile:regfile_inst|mem[7][13]                             ; 1       ;
; bridge_top:bridge_inst|bridge_prdata_mux:prdata_mux|HRDATA[13]~95     ; 1       ;
; apb_slave_regfile:regfile_inst|mem[4][13]                             ; 1       ;
; apb_slave_regfile:regfile_inst|mem[5][13]                             ; 1       ;
; apb_slave_regfile:regfile_inst|mem[6][13]                             ; 1       ;
; bridge_top:bridge_inst|bridge_prdata_mux:prdata_mux|HRDATA[13]~94     ; 1       ;
; bridge_top:bridge_inst|bridge_prdata_mux:prdata_mux|HRDATA[12]~92     ; 1       ;
; bridge_top:bridge_inst|bridge_prdata_mux:prdata_mux|HRDATA[12]~91     ; 1       ;
; bridge_top:bridge_inst|bridge_prdata_mux:prdata_mux|HRDATA[12]~90     ; 1       ;
; apb_slave_regfile:regfile_inst|mem[3][12]                             ; 1       ;
; bridge_top:bridge_inst|bridge_prdata_mux:prdata_mux|HRDATA[12]~89     ; 1       ;
; apb_slave_regfile:regfile_inst|mem[0][12]                             ; 1       ;
; apb_slave_regfile:regfile_inst|mem[1][12]                             ; 1       ;
; apb_slave_regfile:regfile_inst|mem[2][12]                             ; 1       ;
; bridge_top:bridge_inst|bridge_prdata_mux:prdata_mux|HRDATA[12]~88     ; 1       ;
; apb_slave_regfile:regfile_inst|mem[7][12]                             ; 1       ;
; bridge_top:bridge_inst|bridge_prdata_mux:prdata_mux|HRDATA[12]~87     ; 1       ;
; apb_slave_regfile:regfile_inst|mem[4][12]                             ; 1       ;
; apb_slave_regfile:regfile_inst|mem[5][12]                             ; 1       ;
; apb_slave_regfile:regfile_inst|mem[6][12]                             ; 1       ;
; bridge_top:bridge_inst|bridge_prdata_mux:prdata_mux|HRDATA[12]~86     ; 1       ;
; bridge_top:bridge_inst|bridge_prdata_mux:prdata_mux|HRDATA[11]~84     ; 1       ;
; bridge_top:bridge_inst|bridge_prdata_mux:prdata_mux|HRDATA[11]~83     ; 1       ;
; bridge_top:bridge_inst|bridge_prdata_mux:prdata_mux|HRDATA[11]~82     ; 1       ;
; apb_slave_regfile:regfile_inst|mem[3][11]                             ; 1       ;
; bridge_top:bridge_inst|bridge_prdata_mux:prdata_mux|HRDATA[11]~81     ; 1       ;
; apb_slave_regfile:regfile_inst|mem[0][11]                             ; 1       ;
; apb_slave_regfile:regfile_inst|mem[1][11]                             ; 1       ;
; apb_slave_regfile:regfile_inst|mem[2][11]                             ; 1       ;
; bridge_top:bridge_inst|bridge_prdata_mux:prdata_mux|HRDATA[11]~80     ; 1       ;
; apb_slave_regfile:regfile_inst|mem[7][11]                             ; 1       ;
; bridge_top:bridge_inst|bridge_prdata_mux:prdata_mux|HRDATA[11]~79     ; 1       ;
; apb_slave_regfile:regfile_inst|mem[4][11]                             ; 1       ;
; apb_slave_regfile:regfile_inst|mem[5][11]                             ; 1       ;
; apb_slave_regfile:regfile_inst|mem[6][11]                             ; 1       ;
; bridge_top:bridge_inst|bridge_prdata_mux:prdata_mux|HRDATA[11]~78     ; 1       ;
; bridge_top:bridge_inst|bridge_prdata_mux:prdata_mux|HRDATA[10]~76     ; 1       ;
; bridge_top:bridge_inst|bridge_prdata_mux:prdata_mux|HRDATA[10]~75     ; 1       ;
; bridge_top:bridge_inst|bridge_prdata_mux:prdata_mux|HRDATA[10]~74     ; 1       ;
; apb_slave_regfile:regfile_inst|mem[3][10]                             ; 1       ;
; bridge_top:bridge_inst|bridge_prdata_mux:prdata_mux|HRDATA[10]~73     ; 1       ;
; apb_slave_regfile:regfile_inst|mem[0][10]                             ; 1       ;
; apb_slave_regfile:regfile_inst|mem[1][10]                             ; 1       ;
; apb_slave_regfile:regfile_inst|mem[2][10]                             ; 1       ;
; bridge_top:bridge_inst|bridge_prdata_mux:prdata_mux|HRDATA[10]~72     ; 1       ;
; apb_slave_regfile:regfile_inst|mem[7][10]                             ; 1       ;
; bridge_top:bridge_inst|bridge_prdata_mux:prdata_mux|HRDATA[10]~71     ; 1       ;
; apb_slave_regfile:regfile_inst|mem[4][10]                             ; 1       ;
; apb_slave_regfile:regfile_inst|mem[5][10]                             ; 1       ;
; apb_slave_regfile:regfile_inst|mem[6][10]                             ; 1       ;
; bridge_top:bridge_inst|bridge_prdata_mux:prdata_mux|HRDATA[10]~70     ; 1       ;
; bridge_top:bridge_inst|bridge_prdata_mux:prdata_mux|HRDATA[9]~68      ; 1       ;
; bridge_top:bridge_inst|bridge_prdata_mux:prdata_mux|HRDATA[9]~67      ; 1       ;
; bridge_top:bridge_inst|bridge_prdata_mux:prdata_mux|HRDATA[9]~66      ; 1       ;
; apb_slave_regfile:regfile_inst|mem[3][9]                              ; 1       ;
; bridge_top:bridge_inst|bridge_prdata_mux:prdata_mux|HRDATA[9]~65      ; 1       ;
; apb_slave_regfile:regfile_inst|mem[0][9]                              ; 1       ;
; apb_slave_regfile:regfile_inst|mem[1][9]                              ; 1       ;
; apb_slave_regfile:regfile_inst|mem[2][9]                              ; 1       ;
; bridge_top:bridge_inst|bridge_prdata_mux:prdata_mux|HRDATA[9]~64      ; 1       ;
; apb_slave_regfile:regfile_inst|mem[7][9]                              ; 1       ;
; bridge_top:bridge_inst|bridge_prdata_mux:prdata_mux|HRDATA[9]~63      ; 1       ;
; apb_slave_regfile:regfile_inst|mem[4][9]                              ; 1       ;
; apb_slave_regfile:regfile_inst|mem[5][9]                              ; 1       ;
; apb_slave_regfile:regfile_inst|mem[6][9]                              ; 1       ;
; bridge_top:bridge_inst|bridge_prdata_mux:prdata_mux|HRDATA[9]~62      ; 1       ;
; bridge_top:bridge_inst|bridge_prdata_mux:prdata_mux|HRDATA[8]~58      ; 1       ;
; apb_slave_regfile:regfile_inst|mem[3][8]                              ; 1       ;
; bridge_top:bridge_inst|bridge_prdata_mux:prdata_mux|HRDATA[8]~57      ; 1       ;
; apb_slave_regfile:regfile_inst|mem[0][8]                              ; 1       ;
; apb_slave_regfile:regfile_inst|mem[1][8]                              ; 1       ;
; apb_slave_regfile:regfile_inst|mem[2][8]                              ; 1       ;
; bridge_top:bridge_inst|bridge_prdata_mux:prdata_mux|HRDATA[8]~56      ; 1       ;
; apb_slave_regfile:regfile_inst|mem[7][8]                              ; 1       ;
; bridge_top:bridge_inst|bridge_prdata_mux:prdata_mux|HRDATA[8]~55      ; 1       ;
; apb_slave_regfile:regfile_inst|mem[4][8]                              ; 1       ;
; apb_slave_regfile:regfile_inst|mem[5][8]                              ; 1       ;
; apb_slave_regfile:regfile_inst|mem[6][8]                              ; 1       ;
; bridge_top:bridge_inst|bridge_prdata_mux:prdata_mux|HRDATA[7]~52      ; 1       ;
; bridge_top:bridge_inst|bridge_prdata_mux:prdata_mux|HRDATA[7]~51      ; 1       ;
; bridge_top:bridge_inst|bridge_prdata_mux:prdata_mux|HRDATA[7]~50      ; 1       ;
; apb_slave_regfile:regfile_inst|Mux24~3                                ; 1       ;
; apb_slave_regfile:regfile_inst|mem[3][7]                              ; 1       ;
; apb_slave_regfile:regfile_inst|Mux24~2                                ; 1       ;
; apb_slave_regfile:regfile_inst|mem[0][7]                              ; 1       ;
; apb_slave_regfile:regfile_inst|mem[2][7]                              ; 1       ;
; apb_slave_regfile:regfile_inst|mem[1][7]                              ; 1       ;
; apb_slave_regfile:regfile_inst|Mux24~1                                ; 1       ;
; apb_slave_regfile:regfile_inst|mem[7][7]                              ; 1       ;
; apb_slave_regfile:regfile_inst|Mux24~0                                ; 1       ;
; apb_slave_regfile:regfile_inst|mem[4][7]                              ; 1       ;
; apb_slave_regfile:regfile_inst|mem[5][7]                              ; 1       ;
; apb_slave_regfile:regfile_inst|mem[6][7]                              ; 1       ;
; bridge_top:bridge_inst|bridge_prdata_mux:prdata_mux|HRDATA[7]~49      ; 1       ;
; apb_slave_gpio:gpio_inst|ie_reg[7]                                    ; 1       ;
; bridge_top:bridge_inst|bridge_prdata_mux:prdata_mux|HRDATA[7]~48      ; 1       ;
; bridge_top:bridge_inst|bridge_prdata_mux:prdata_mux|HRDATA[6]~46      ; 1       ;
; bridge_top:bridge_inst|bridge_prdata_mux:prdata_mux|HRDATA[6]~45      ; 1       ;
; bridge_top:bridge_inst|bridge_prdata_mux:prdata_mux|HRDATA[6]~44      ; 1       ;
; apb_slave_regfile:regfile_inst|Mux25~3                                ; 1       ;
; apb_slave_regfile:regfile_inst|mem[3][6]                              ; 1       ;
; apb_slave_regfile:regfile_inst|Mux25~2                                ; 1       ;
; apb_slave_regfile:regfile_inst|mem[0][6]                              ; 1       ;
; apb_slave_regfile:regfile_inst|mem[2][6]                              ; 1       ;
; apb_slave_regfile:regfile_inst|mem[1][6]                              ; 1       ;
; apb_slave_regfile:regfile_inst|Mux25~1                                ; 1       ;
; apb_slave_regfile:regfile_inst|mem[7][6]                              ; 1       ;
; apb_slave_regfile:regfile_inst|Mux25~0                                ; 1       ;
; apb_slave_regfile:regfile_inst|mem[4][6]                              ; 1       ;
; apb_slave_regfile:regfile_inst|mem[5][6]                              ; 1       ;
; apb_slave_regfile:regfile_inst|mem[6][6]                              ; 1       ;
; bridge_top:bridge_inst|bridge_prdata_mux:prdata_mux|HRDATA[6]~43      ; 1       ;
; apb_slave_gpio:gpio_inst|ie_reg[6]                                    ; 1       ;
; bridge_top:bridge_inst|bridge_prdata_mux:prdata_mux|HRDATA[6]~42      ; 1       ;
; bridge_top:bridge_inst|bridge_prdata_mux:prdata_mux|HRDATA[5]~40      ; 1       ;
; bridge_top:bridge_inst|bridge_prdata_mux:prdata_mux|HRDATA[5]~39      ; 1       ;
; bridge_top:bridge_inst|bridge_prdata_mux:prdata_mux|HRDATA[5]~38      ; 1       ;
; apb_slave_regfile:regfile_inst|Mux26~3                                ; 1       ;
; apb_slave_regfile:regfile_inst|mem[3][5]                              ; 1       ;
; apb_slave_regfile:regfile_inst|Mux26~2                                ; 1       ;
; apb_slave_regfile:regfile_inst|mem[0][5]                              ; 1       ;
; apb_slave_regfile:regfile_inst|mem[2][5]                              ; 1       ;
; apb_slave_regfile:regfile_inst|mem[1][5]                              ; 1       ;
; apb_slave_regfile:regfile_inst|Mux26~1                                ; 1       ;
; apb_slave_regfile:regfile_inst|mem[7][5]                              ; 1       ;
; apb_slave_regfile:regfile_inst|Mux26~0                                ; 1       ;
; apb_slave_regfile:regfile_inst|mem[4][5]                              ; 1       ;
; apb_slave_regfile:regfile_inst|mem[5][5]                              ; 1       ;
; apb_slave_regfile:regfile_inst|mem[6][5]                              ; 1       ;
; bridge_top:bridge_inst|bridge_prdata_mux:prdata_mux|HRDATA[5]~37      ; 1       ;
; apb_slave_gpio:gpio_inst|ie_reg[5]                                    ; 1       ;
; bridge_top:bridge_inst|bridge_prdata_mux:prdata_mux|HRDATA[5]~36      ; 1       ;
; bridge_top:bridge_inst|bridge_prdata_mux:prdata_mux|HRDATA[4]~34      ; 1       ;
; bridge_top:bridge_inst|bridge_prdata_mux:prdata_mux|HRDATA[4]~33      ; 1       ;
; bridge_top:bridge_inst|bridge_prdata_mux:prdata_mux|HRDATA[4]~32      ; 1       ;
; apb_slave_regfile:regfile_inst|Mux27~3                                ; 1       ;
; apb_slave_regfile:regfile_inst|mem[3][4]                              ; 1       ;
; apb_slave_regfile:regfile_inst|Mux27~2                                ; 1       ;
; apb_slave_regfile:regfile_inst|mem[0][4]                              ; 1       ;
; apb_slave_regfile:regfile_inst|mem[2][4]                              ; 1       ;
; apb_slave_regfile:regfile_inst|mem[1][4]                              ; 1       ;
; apb_slave_regfile:regfile_inst|Mux27~1                                ; 1       ;
; apb_slave_regfile:regfile_inst|mem[7][4]                              ; 1       ;
; apb_slave_regfile:regfile_inst|Mux27~0                                ; 1       ;
; apb_slave_regfile:regfile_inst|mem[4][4]                              ; 1       ;
; apb_slave_regfile:regfile_inst|mem[5][4]                              ; 1       ;
; apb_slave_regfile:regfile_inst|mem[6][4]                              ; 1       ;
; bridge_top:bridge_inst|bridge_prdata_mux:prdata_mux|HRDATA[4]~31      ; 1       ;
; apb_slave_gpio:gpio_inst|ie_reg[4]                                    ; 1       ;
; bridge_top:bridge_inst|bridge_prdata_mux:prdata_mux|HRDATA[4]~30      ; 1       ;
; bridge_top:bridge_inst|bridge_prdata_mux:prdata_mux|HRDATA[3]~28      ; 1       ;
; bridge_top:bridge_inst|bridge_prdata_mux:prdata_mux|HRDATA[3]~27      ; 1       ;
; bridge_top:bridge_inst|bridge_prdata_mux:prdata_mux|HRDATA[3]~26      ; 1       ;
; apb_slave_regfile:regfile_inst|Mux28~3                                ; 1       ;
; apb_slave_regfile:regfile_inst|mem[3][3]                              ; 1       ;
; apb_slave_regfile:regfile_inst|Mux28~2                                ; 1       ;
; apb_slave_regfile:regfile_inst|mem[0][3]                              ; 1       ;
; apb_slave_regfile:regfile_inst|mem[2][3]                              ; 1       ;
; apb_slave_regfile:regfile_inst|mem[1][3]                              ; 1       ;
; apb_slave_regfile:regfile_inst|Mux28~1                                ; 1       ;
; apb_slave_regfile:regfile_inst|mem[7][3]                              ; 1       ;
; apb_slave_regfile:regfile_inst|Mux28~0                                ; 1       ;
; apb_slave_regfile:regfile_inst|mem[4][3]                              ; 1       ;
; apb_slave_regfile:regfile_inst|mem[5][3]                              ; 1       ;
; apb_slave_regfile:regfile_inst|mem[6][3]                              ; 1       ;
; bridge_top:bridge_inst|bridge_prdata_mux:prdata_mux|HRDATA[3]~25      ; 1       ;
; apb_slave_gpio:gpio_inst|ie_reg[3]                                    ; 1       ;
; bridge_top:bridge_inst|bridge_prdata_mux:prdata_mux|HRDATA[3]~24      ; 1       ;
; bridge_top:bridge_inst|bridge_prdata_mux:prdata_mux|HRDATA[2]~22      ; 1       ;
; bridge_top:bridge_inst|bridge_prdata_mux:prdata_mux|HRDATA[2]~21      ; 1       ;
; bridge_top:bridge_inst|bridge_prdata_mux:prdata_mux|HRDATA[2]~20      ; 1       ;
; apb_slave_regfile:regfile_inst|Mux29~3                                ; 1       ;
; apb_slave_regfile:regfile_inst|mem[3][2]                              ; 1       ;
; apb_slave_regfile:regfile_inst|Mux29~2                                ; 1       ;
; apb_slave_regfile:regfile_inst|mem[0][2]                              ; 1       ;
; apb_slave_regfile:regfile_inst|mem[2][2]                              ; 1       ;
; apb_slave_regfile:regfile_inst|mem[1][2]                              ; 1       ;
; apb_slave_regfile:regfile_inst|Mux29~1                                ; 1       ;
; apb_slave_regfile:regfile_inst|mem[7][2]                              ; 1       ;
; apb_slave_regfile:regfile_inst|Mux29~0                                ; 1       ;
; apb_slave_regfile:regfile_inst|mem[4][2]                              ; 1       ;
; apb_slave_regfile:regfile_inst|mem[5][2]                              ; 1       ;
; apb_slave_regfile:regfile_inst|mem[6][2]                              ; 1       ;
; bridge_top:bridge_inst|bridge_prdata_mux:prdata_mux|HRDATA[2]~19      ; 1       ;
; apb_slave_gpio:gpio_inst|ie_reg[2]                                    ; 1       ;
; bridge_top:bridge_inst|bridge_prdata_mux:prdata_mux|HRDATA[2]~18      ; 1       ;
; bridge_top:bridge_inst|bridge_prdata_mux:prdata_mux|HRDATA[1]~15      ; 1       ;
; bridge_top:bridge_inst|bridge_prdata_mux:prdata_mux|HRDATA[1]~14      ; 1       ;
; bridge_top:bridge_inst|bridge_prdata_mux:prdata_mux|HRDATA[1]~13      ; 1       ;
; apb_slave_regfile:regfile_inst|Mux30~3                                ; 1       ;
; apb_slave_regfile:regfile_inst|mem[3][1]                              ; 1       ;
; apb_slave_regfile:regfile_inst|Mux30~2                                ; 1       ;
; apb_slave_regfile:regfile_inst|mem[0][1]                              ; 1       ;
; apb_slave_regfile:regfile_inst|mem[2][1]                              ; 1       ;
; apb_slave_regfile:regfile_inst|mem[1][1]                              ; 1       ;
; apb_slave_regfile:regfile_inst|Mux30~1                                ; 1       ;
; apb_slave_regfile:regfile_inst|mem[7][1]                              ; 1       ;
; apb_slave_regfile:regfile_inst|Mux30~0                                ; 1       ;
; apb_slave_regfile:regfile_inst|mem[4][1]                              ; 1       ;
; apb_slave_regfile:regfile_inst|mem[5][1]                              ; 1       ;
; apb_slave_regfile:regfile_inst|mem[6][1]                              ; 1       ;
; bridge_top:bridge_inst|bridge_prdata_mux:prdata_mux|HRDATA[1]~12      ; 1       ;
; apb_slave_gpio:gpio_inst|ie_reg[1]                                    ; 1       ;
; bridge_top:bridge_inst|bridge_prdata_mux:prdata_mux|HRDATA[1]~11      ; 1       ;
; bridge_top:bridge_inst|bridge_prdata_mux:prdata_mux|HRDATA[0]~8       ; 1       ;
; bridge_top:bridge_inst|bridge_prdata_mux:prdata_mux|HRDATA[0]~7       ; 1       ;
; bridge_top:bridge_inst|bridge_prdata_mux:prdata_mux|HRDATA[0]~6       ; 1       ;
; bridge_top:bridge_inst|bridge_prdata_mux:prdata_mux|HRDATA[0]~5       ; 1       ;
; apb_slave_regfile:regfile_inst|Mux31~3                                ; 1       ;
; apb_slave_regfile:regfile_inst|mem[3][0]                              ; 1       ;
; apb_slave_regfile:regfile_inst|Mux31~2                                ; 1       ;
; apb_slave_regfile:regfile_inst|mem[0][0]                              ; 1       ;
; apb_slave_regfile:regfile_inst|mem[2][0]                              ; 1       ;
; apb_slave_regfile:regfile_inst|mem[1][0]                              ; 1       ;
; apb_slave_regfile:regfile_inst|Mux31~1                                ; 1       ;
; apb_slave_regfile:regfile_inst|mem[7][0]                              ; 1       ;
; apb_slave_regfile:regfile_inst|Mux31~0                                ; 1       ;
; apb_slave_regfile:regfile_inst|mem[4][0]                              ; 1       ;
; apb_slave_regfile:regfile_inst|mem[5][0]                              ; 1       ;
; apb_slave_regfile:regfile_inst|mem[6][0]                              ; 1       ;
; bridge_top:bridge_inst|bridge_prdata_mux:prdata_mux|HRDATA[0]~4       ; 1       ;
; apb_slave_gpio:gpio_inst|ie_reg[0]                                    ; 1       ;
; bridge_top:bridge_inst|bridge_prdata_mux:prdata_mux|HRDATA[0]~3       ; 1       ;
; bridge_top:bridge_inst|bridge_addr_decoder:addr_decoder|Equal1~0      ; 1       ;
; apb_slave_timer:timer_inst|addr_valid~0                               ; 1       ;
; bridge_top:bridge_inst|HADDR_reg[12]                                  ; 1       ;
; bridge_top:bridge_inst|HADDR_reg[13]                                  ; 1       ;
; bridge_top:bridge_inst|HADDR_reg[14]                                  ; 1       ;
; bridge_top:bridge_inst|HADDR_reg[15]                                  ; 1       ;
; bridge_top:bridge_inst|HADDR_reg[5]                                   ; 1       ;
; bridge_top:bridge_inst|HADDR_reg[6]                                   ; 1       ;
; bridge_top:bridge_inst|HADDR_reg[7]                                   ; 1       ;
; bridge_top:bridge_inst|HADDR_reg[8]                                   ; 1       ;
; bridge_top:bridge_inst|HADDR_reg[9]                                   ; 1       ;
; bridge_top:bridge_inst|HADDR_reg[10]                                  ; 1       ;
; bridge_top:bridge_inst|HADDR_reg[11]                                  ; 1       ;
; bridge_top:bridge_inst|HADDR_reg[0]                                   ; 1       ;
; bridge_top:bridge_inst|bridge_addr_decoder:addr_decoder|Equal0~12     ; 1       ;
; bridge_top:bridge_inst|bridge_addr_decoder:addr_decoder|Equal0~10     ; 1       ;
; bridge_top:bridge_inst|bridge_addr_decoder:addr_decoder|Equal0~9      ; 1       ;
; bridge_top:bridge_inst|bridge_addr_decoder:addr_decoder|Equal0~8      ; 1       ;
; bridge_top:bridge_inst|bridge_addr_decoder:addr_decoder|Equal0~7      ; 1       ;
; bridge_top:bridge_inst|bridge_addr_decoder:addr_decoder|Equal0~5      ; 1       ;
; bridge_top:bridge_inst|bridge_addr_decoder:addr_decoder|Equal0~4      ; 1       ;
; bridge_top:bridge_inst|bridge_addr_decoder:addr_decoder|Equal0~3      ; 1       ;
; bridge_top:bridge_inst|bridge_addr_decoder:addr_decoder|Equal0~2      ; 1       ;
; apb_slave_timer:timer_inst|cnt_reg[31]~94                             ; 1       ;
; apb_slave_timer:timer_inst|cnt_reg[30]~93                             ; 1       ;
; apb_slave_timer:timer_inst|cnt_reg[30]~92                             ; 1       ;
; apb_slave_timer:timer_inst|cnt_reg[29]~91                             ; 1       ;
; apb_slave_timer:timer_inst|cnt_reg[29]~90                             ; 1       ;
; apb_slave_timer:timer_inst|cnt_reg[28]~89                             ; 1       ;
; apb_slave_timer:timer_inst|cnt_reg[28]~88                             ; 1       ;
; apb_slave_timer:timer_inst|cnt_reg[27]~87                             ; 1       ;
; apb_slave_timer:timer_inst|cnt_reg[27]~86                             ; 1       ;
; apb_slave_timer:timer_inst|cnt_reg[26]~85                             ; 1       ;
; apb_slave_timer:timer_inst|cnt_reg[26]~84                             ; 1       ;
; apb_slave_timer:timer_inst|cnt_reg[25]~83                             ; 1       ;
; apb_slave_timer:timer_inst|cnt_reg[25]~82                             ; 1       ;
; apb_slave_timer:timer_inst|cnt_reg[24]~81                             ; 1       ;
; apb_slave_timer:timer_inst|cnt_reg[24]~80                             ; 1       ;
; apb_slave_timer:timer_inst|cnt_reg[23]~79                             ; 1       ;
; apb_slave_timer:timer_inst|cnt_reg[23]~78                             ; 1       ;
; apb_slave_timer:timer_inst|cnt_reg[22]~77                             ; 1       ;
; apb_slave_timer:timer_inst|cnt_reg[22]~76                             ; 1       ;
; apb_slave_timer:timer_inst|cnt_reg[21]~75                             ; 1       ;
; apb_slave_timer:timer_inst|cnt_reg[21]~74                             ; 1       ;
; apb_slave_timer:timer_inst|cnt_reg[20]~73                             ; 1       ;
; apb_slave_timer:timer_inst|cnt_reg[20]~72                             ; 1       ;
; apb_slave_timer:timer_inst|cnt_reg[19]~71                             ; 1       ;
; apb_slave_timer:timer_inst|cnt_reg[19]~70                             ; 1       ;
; apb_slave_timer:timer_inst|cnt_reg[18]~69                             ; 1       ;
; apb_slave_timer:timer_inst|cnt_reg[18]~68                             ; 1       ;
; apb_slave_timer:timer_inst|cnt_reg[17]~67                             ; 1       ;
+-----------------------------------------------------------------------+---------+


+-------------------------------------------------------+
; Other Routing Usage Summary                           ;
+-----------------------------+-------------------------+
; Other Routing Resource Type ; Usage                   ;
+-----------------------------+-------------------------+
; Block interconnects         ; 921 / 238,469 ( < 1 % ) ;
; C16 interconnects           ; 260 / 7,238 ( 4 % )     ;
; C4 interconnects            ; 628 / 146,424 ( < 1 % ) ;
; Direct links                ; 96 / 238,469 ( < 1 % )  ;
; Global clocks               ; 2 / 20 ( 10 % )         ;
; Local interconnects         ; 291 / 81,264 ( < 1 % )  ;
; R24 interconnects           ; 246 / 7,153 ( 3 % )     ;
; R4 interconnects            ; 719 / 201,722 ( < 1 % ) ;
+-----------------------------+-------------------------+


+----------------------------------------------------------------------------+
; LAB Logic Elements                                                         ;
+---------------------------------------------+------------------------------+
; Number of Logic Elements  (Average = 14.12) ; Number of LABs  (Total = 42) ;
+---------------------------------------------+------------------------------+
; 1                                           ; 1                            ;
; 2                                           ; 3                            ;
; 3                                           ; 0                            ;
; 4                                           ; 1                            ;
; 5                                           ; 0                            ;
; 6                                           ; 0                            ;
; 7                                           ; 0                            ;
; 8                                           ; 0                            ;
; 9                                           ; 0                            ;
; 10                                          ; 1                            ;
; 11                                          ; 0                            ;
; 12                                          ; 0                            ;
; 13                                          ; 0                            ;
; 14                                          ; 1                            ;
; 15                                          ; 2                            ;
; 16                                          ; 33                           ;
+---------------------------------------------+------------------------------+


+-------------------------------------------------------------------+
; LAB-wide Signals                                                  ;
+------------------------------------+------------------------------+
; LAB-wide Signals  (Average = 2.79) ; Number of LABs  (Total = 42) ;
+------------------------------------+------------------------------+
; 1 Async. clear                     ; 39                           ;
; 1 Clock                            ; 39                           ;
; 1 Clock enable                     ; 11                           ;
; 1 Sync. clear                      ; 2                            ;
; 2 Clock enables                    ; 26                           ;
+------------------------------------+------------------------------+


+-----------------------------------------------------------------------------+
; LAB Signals Sourced                                                         ;
+----------------------------------------------+------------------------------+
; Number of Signals Sourced  (Average = 23.00) ; Number of LABs  (Total = 42) ;
+----------------------------------------------+------------------------------+
; 0                                            ; 0                            ;
; 1                                            ; 0                            ;
; 2                                            ; 2                            ;
; 3                                            ; 1                            ;
; 4                                            ; 1                            ;
; 5                                            ; 1                            ;
; 6                                            ; 0                            ;
; 7                                            ; 0                            ;
; 8                                            ; 0                            ;
; 9                                            ; 0                            ;
; 10                                           ; 1                            ;
; 11                                           ; 0                            ;
; 12                                           ; 0                            ;
; 13                                           ; 0                            ;
; 14                                           ; 0                            ;
; 15                                           ; 0                            ;
; 16                                           ; 1                            ;
; 17                                           ; 1                            ;
; 18                                           ; 3                            ;
; 19                                           ; 0                            ;
; 20                                           ; 2                            ;
; 21                                           ; 1                            ;
; 22                                           ; 2                            ;
; 23                                           ; 1                            ;
; 24                                           ; 4                            ;
; 25                                           ; 2                            ;
; 26                                           ; 2                            ;
; 27                                           ; 2                            ;
; 28                                           ; 0                            ;
; 29                                           ; 0                            ;
; 30                                           ; 2                            ;
; 31                                           ; 3                            ;
; 32                                           ; 10                           ;
+----------------------------------------------+------------------------------+


+--------------------------------------------------------------------------------+
; LAB Signals Sourced Out                                                        ;
+-------------------------------------------------+------------------------------+
; Number of Signals Sourced Out  (Average = 9.57) ; Number of LABs  (Total = 42) ;
+-------------------------------------------------+------------------------------+
; 0                                               ; 0                            ;
; 1                                               ; 1                            ;
; 2                                               ; 2                            ;
; 3                                               ; 1                            ;
; 4                                               ; 3                            ;
; 5                                               ; 2                            ;
; 6                                               ; 3                            ;
; 7                                               ; 4                            ;
; 8                                               ; 5                            ;
; 9                                               ; 2                            ;
; 10                                              ; 5                            ;
; 11                                              ; 1                            ;
; 12                                              ; 1                            ;
; 13                                              ; 2                            ;
; 14                                              ; 0                            ;
; 15                                              ; 1                            ;
; 16                                              ; 7                            ;
; 17                                              ; 0                            ;
; 18                                              ; 1                            ;
; 19                                              ; 0                            ;
; 20                                              ; 0                            ;
; 21                                              ; 0                            ;
; 22                                              ; 0                            ;
; 23                                              ; 0                            ;
; 24                                              ; 1                            ;
+-------------------------------------------------+------------------------------+


+-----------------------------------------------------------------------------+
; LAB Distinct Inputs                                                         ;
+----------------------------------------------+------------------------------+
; Number of Distinct Inputs  (Average = 21.00) ; Number of LABs  (Total = 42) ;
+----------------------------------------------+------------------------------+
; 0                                            ; 0                            ;
; 1                                            ; 0                            ;
; 2                                            ; 0                            ;
; 3                                            ; 0                            ;
; 4                                            ; 2                            ;
; 5                                            ; 2                            ;
; 6                                            ; 0                            ;
; 7                                            ; 2                            ;
; 8                                            ; 0                            ;
; 9                                            ; 0                            ;
; 10                                           ; 0                            ;
; 11                                           ; 2                            ;
; 12                                           ; 1                            ;
; 13                                           ; 0                            ;
; 14                                           ; 4                            ;
; 15                                           ; 0                            ;
; 16                                           ; 0                            ;
; 17                                           ; 0                            ;
; 18                                           ; 0                            ;
; 19                                           ; 1                            ;
; 20                                           ; 1                            ;
; 21                                           ; 1                            ;
; 22                                           ; 3                            ;
; 23                                           ; 3                            ;
; 24                                           ; 3                            ;
; 25                                           ; 1                            ;
; 26                                           ; 3                            ;
; 27                                           ; 1                            ;
; 28                                           ; 2                            ;
; 29                                           ; 2                            ;
; 30                                           ; 3                            ;
; 31                                           ; 3                            ;
; 32                                           ; 0                            ;
; 33                                           ; 2                            ;
+----------------------------------------------+------------------------------+


+------------------------------------------+
; I/O Rules Summary                        ;
+----------------------------------+-------+
; I/O Rules Statistic              ; Total ;
+----------------------------------+-------+
; Total I/O Rules                  ; 30    ;
; Number of I/O Rules Passed       ; 9     ;
; Number of I/O Rules Failed       ; 0     ;
; Number of I/O Rules Unchecked    ; 0     ;
; Number of I/O Rules Inapplicable ; 21    ;
+----------------------------------+-------+


+-----------------------------------------------------------------------------------------------------------------------------------------------------------------------------------------------------------------------------------------------------------------------------------------------------+
; I/O Rules Details                                                                                                                                                                                                                                                                                   ;
+--------------+-----------+-----------------------------------+------------------------------------------------------------------------------------------------------+----------+--------------------------------------------------------------------------+---------------------+-------------------+
; Status       ; ID        ; Category                          ; Rule Description                                                                                     ; Severity ; Information                                                              ; Area                ; Extra Information ;
+--------------+-----------+-----------------------------------+------------------------------------------------------------------------------------------------------+----------+--------------------------------------------------------------------------+---------------------+-------------------+
; Inapplicable ; IO_000001 ; Capacity Checks                   ; Number of pins in an I/O bank should not exceed the number of locations available.                   ; Critical ; No Location assignments found.                                           ; I/O                 ;                   ;
; Inapplicable ; IO_000002 ; Capacity Checks                   ; Number of clocks in an I/O bank should not exceed the number of clocks available.                    ; Critical ; No Global Signal assignments found.                                      ; I/O                 ;                   ;
; Inapplicable ; IO_000003 ; Capacity Checks                   ; Number of pins in a Vrefgroup should not exceed the number of locations available.                   ; Critical ; No Location assignments found.                                           ; I/O                 ;                   ;
; Inapplicable ; IO_000004 ; Voltage Compatibility Checks      ; The I/O bank should support the requested VCCIO.                                                     ; Critical ; No IOBANK_VCCIO assignments found.                                       ; I/O                 ;                   ;
; Inapplicable ; IO_000005 ; Voltage Compatibility Checks      ; The I/O bank should not have competing VREF values.                                                  ; Critical ; No VREF I/O Standard assignments found.                                  ; I/O                 ;                   ;
; Pass         ; IO_000006 ; Voltage Compatibility Checks      ; The I/O bank should not have competing VCCIO values.                                                 ; Critical ; 0 such failures found.                                                   ; I/O                 ;                   ;
; Inapplicable ; IO_000007 ; Valid Location Checks             ; Checks for unavailable locations.                                                                    ; Critical ; No Location assignments found.                                           ; I/O                 ;                   ;
; Inapplicable ; IO_000008 ; Valid Location Checks             ; Checks for reserved locations.                                                                       ; Critical ; No reserved LogicLock region found.                                      ; I/O                 ;                   ;
; Pass         ; IO_000009 ; I/O Properties Checks for One I/O ; The location should support the requested I/O standard.                                              ; Critical ; 0 such failures found.                                                   ; I/O                 ;                   ;
; Pass         ; IO_000010 ; I/O Properties Checks for One I/O ; The location should support the requested I/O direction.                                             ; Critical ; 0 such failures found.                                                   ; I/O                 ;                   ;
; Inapplicable ; IO_000011 ; I/O Properties Checks for One I/O ; The location should support the requested Current Strength.                                          ; Critical ; No Current Strength assignments found.                                   ; I/O                 ;                   ;
; Pass         ; IO_000012 ; I/O Properties Checks for One I/O ; The location should support the requested On Chip Termination value.                                 ; Critical ; 0 such failures found.                                                   ; I/O                 ;                   ;
; Inapplicable ; IO_000013 ; I/O Properties Checks for One I/O ; The location should support the requested Bus Hold value.                                            ; Critical ; No Enable Bus-Hold Circuitry assignments found.                          ; I/O                 ;                   ;
; Inapplicable ; IO_000014 ; I/O Properties Checks for One I/O ; The location should support the requested Weak Pull Up value.                                        ; Critical ; No Weak Pull-Up Resistor assignments found.                              ; I/O                 ;                   ;
; Pass         ; IO_000015 ; I/O Properties Checks for One I/O ; The location should support the requested PCI Clamp Diode.                                           ; Critical ; 0 such failures found.                                                   ; I/O                 ;                   ;
; Inapplicable ; IO_000018 ; I/O Properties Checks for One I/O ; The I/O standard should support the requested Current Strength.                                      ; Critical ; No Current Strength assignments found.                                   ; I/O                 ;                   ;
; Pass         ; IO_000019 ; I/O Properties Checks for One I/O ; The I/O standard should support the requested On Chip Termination value.                             ; Critical ; 0 such failures found.                                                   ; I/O                 ;                   ;
; Pass         ; IO_000020 ; I/O Properties Checks for One I/O ; The I/O standard should support the requested PCI Clamp Diode.                                       ; Critical ; 0 such failures found.                                                   ; I/O                 ;                   ;
; Inapplicable ; IO_000021 ; I/O Properties Checks for One I/O ; The I/O standard should support the requested Weak Pull Up value.                                    ; Critical ; No Weak Pull-Up Resistor assignments found.                              ; I/O                 ;                   ;
; Inapplicable ; IO_000022 ; I/O Properties Checks for One I/O ; The I/O standard should support the requested Bus Hold value.                                        ; Critical ; No Enable Bus-Hold Circuitry assignments found.                          ; I/O                 ;                   ;
; Inapplicable ; IO_000023 ; I/O Properties Checks for One I/O ; The I/O standard should support the Open Drain value.                                                ; Critical ; No open drain assignments found.                                         ; I/O                 ;                   ;
; Pass         ; IO_000024 ; I/O Properties Checks for One I/O ; The I/O direction should support the On Chip Termination value.                                      ; Critical ; 0 such failures found.                                                   ; I/O                 ;                   ;
; Inapplicable ; IO_000026 ; I/O Properties Checks for One I/O ; On Chip Termination and Current Strength should not be used at the same time.                        ; Critical ; No Current Strength assignments found.                                   ; I/O                 ;                   ;
; Inapplicable ; IO_000027 ; I/O Properties Checks for One I/O ; Weak Pull Up and Bus Hold should not be used at the same time.                                       ; Critical ; No Enable Bus-Hold Circuitry or Weak Pull-Up Resistor assignments found. ; I/O                 ;                   ;
; Inapplicable ; IO_000045 ; I/O Properties Checks for One I/O ; The I/O standard should support the requested Slew Rate value.                                       ; Critical ; No Slew Rate assignments found.                                          ; I/O                 ;                   ;
; Inapplicable ; IO_000046 ; I/O Properties Checks for One I/O ; The location should support the requested Slew Rate value.                                           ; Critical ; No Slew Rate assignments found.                                          ; I/O                 ;                   ;
; Inapplicable ; IO_000047 ; I/O Properties Checks for One I/O ; On Chip Termination and Slew Rate should not be used at the same time.                               ; Critical ; No Slew Rate assignments found.                                          ; I/O                 ;                   ;
; Pass         ; IO_000033 ; Electromigration Checks           ; Current density for consecutive I/Os should not exceed 240mA for row I/Os and 240mA for column I/Os. ; Critical ; 0 such failures found.                                                   ; I/O                 ;                   ;
; Inapplicable ; IO_000034 ; SI Related Distance Checks        ; Single-ended outputs should be 5 LAB row(s) away from a differential I/O.                            ; High     ; No Differential I/O Standard assignments found.                          ; I/O                 ;                   ;
; Inapplicable ; IO_000042 ; SI Related SSO Limit Checks       ; No more than 20 outputs are allowed in a VREF group when VREF is being read from.                    ; High     ; No VREF I/O Standard assignments found.                                  ; I/O                 ;                   ;
; ----         ; ----      ; Disclaimer                        ; OCT rules are checked but not reported.                                                              ; None     ; ----                                                                     ; On Chip Termination ;                   ;
+--------------+-----------+-----------------------------------+------------------------------------------------------------------------------------------------------+----------+--------------------------------------------------------------------------+---------------------+-------------------+


+--------------------------------------------------------------------------------------------------------------------------------------------------------------------------------------------------------------------------------------------------------------------------------------------------------------------------------------------------------------------------------------------------------------------------------------------------------------------------+
; I/O Rules Matrix                                                                                                                                                                                                                                                                                                                                                                                                                                                         ;
+--------------------+--------------+--------------+--------------+--------------+--------------+-----------+--------------+--------------+-----------+-----------+--------------+--------------+--------------+--------------+--------------+--------------+--------------+--------------+--------------+--------------+--------------+--------------+--------------+--------------+--------------+--------------+--------------+-----------+--------------+--------------+
; Pin/Rules          ; IO_000001    ; IO_000002    ; IO_000003    ; IO_000004    ; IO_000005    ; IO_000006 ; IO_000007    ; IO_000008    ; IO_000009 ; IO_000010 ; IO_000011    ; IO_000012    ; IO_000013    ; IO_000014    ; IO_000015    ; IO_000018    ; IO_000019    ; IO_000020    ; IO_000021    ; IO_000022    ; IO_000023    ; IO_000024    ; IO_000026    ; IO_000027    ; IO_000045    ; IO_000046    ; IO_000047    ; IO_000033 ; IO_000034    ; IO_000042    ;
+--------------------+--------------+--------------+--------------+--------------+--------------+-----------+--------------+--------------+-----------+-----------+--------------+--------------+--------------+--------------+--------------+--------------+--------------+--------------+--------------+--------------+--------------+--------------+--------------+--------------+--------------+--------------+--------------+-----------+--------------+--------------+
; Total Pass         ; 0            ; 0            ; 0            ; 0            ; 0            ; 240       ; 0            ; 0            ; 240       ; 240       ; 0            ; 82           ; 0            ; 0            ; 158          ; 0            ; 82           ; 158          ; 0            ; 0            ; 0            ; 82           ; 0            ; 0            ; 0            ; 0            ; 0            ; 240       ; 0            ; 0            ;
; Total Unchecked    ; 0            ; 0            ; 0            ; 0            ; 0            ; 0         ; 0            ; 0            ; 0         ; 0         ; 0            ; 0            ; 0            ; 0            ; 0            ; 0            ; 0            ; 0            ; 0            ; 0            ; 0            ; 0            ; 0            ; 0            ; 0            ; 0            ; 0            ; 0         ; 0            ; 0            ;
; Total Inapplicable ; 240          ; 240          ; 240          ; 240          ; 240          ; 0         ; 240          ; 240          ; 0         ; 0         ; 240          ; 158          ; 240          ; 240          ; 82           ; 240          ; 158          ; 82           ; 240          ; 240          ; 240          ; 158          ; 240          ; 240          ; 240          ; 240          ; 240          ; 0         ; 240          ; 240          ;
; Total Fail         ; 0            ; 0            ; 0            ; 0            ; 0            ; 0         ; 0            ; 0            ; 0         ; 0         ; 0            ; 0            ; 0            ; 0            ; 0            ; 0            ; 0            ; 0            ; 0            ; 0            ; 0            ; 0            ; 0            ; 0            ; 0            ; 0            ; 0            ; 0         ; 0            ; 0            ;
; HTRANS1[0]         ; Inapplicable ; Inapplicable ; Inapplicable ; Inapplicable ; Inapplicable ; Pass      ; Inapplicable ; Inapplicable ; Pass      ; Pass      ; Inapplicable ; Inapplicable ; Inapplicable ; Inapplicable ; Pass         ; Inapplicable ; Inapplicable ; Pass         ; Inapplicable ; Inapplicable ; Inapplicable ; Inapplicable ; Inapplicable ; Inapplicable ; Inapplicable ; Inapplicable ; Inapplicable ; Pass      ; Inapplicable ; Inapplicable ;
; HSIZE1[0]          ; Inapplicable ; Inapplicable ; Inapplicable ; Inapplicable ; Inapplicable ; Pass      ; Inapplicable ; Inapplicable ; Pass      ; Pass      ; Inapplicable ; Inapplicable ; Inapplicable ; Inapplicable ; Pass         ; Inapplicable ; Inapplicable ; Pass         ; Inapplicable ; Inapplicable ; Inapplicable ; Inapplicable ; Inapplicable ; Inapplicable ; Inapplicable ; Inapplicable ; Inapplicable ; Pass      ; Inapplicable ; Inapplicable ;
; HSIZE1[1]          ; Inapplicable ; Inapplicable ; Inapplicable ; Inapplicable ; Inapplicable ; Pass      ; Inapplicable ; Inapplicable ; Pass      ; Pass      ; Inapplicable ; Inapplicable ; Inapplicable ; Inapplicable ; Pass         ; Inapplicable ; Inapplicable ; Pass         ; Inapplicable ; Inapplicable ; Inapplicable ; Inapplicable ; Inapplicable ; Inapplicable ; Inapplicable ; Inapplicable ; Inapplicable ; Pass      ; Inapplicable ; Inapplicable ;
; HSIZE1[2]          ; Inapplicable ; Inapplicable ; Inapplicable ; Inapplicable ; Inapplicable ; Pass      ; Inapplicable ; Inapplicable ; Pass      ; Pass      ; Inapplicable ; Inapplicable ; Inapplicable ; Inapplicable ; Pass         ; Inapplicable ; Inapplicable ; Pass         ; Inapplicable ; Inapplicable ; Inapplicable ; Inapplicable ; Inapplicable ; Inapplicable ; Inapplicable ; Inapplicable ; Inapplicable ; Pass      ; Inapplicable ; Inapplicable ;
; HBURST1[0]         ; Inapplicable ; Inapplicable ; Inapplicable ; Inapplicable ; Inapplicable ; Pass      ; Inapplicable ; Inapplicable ; Pass      ; Pass      ; Inapplicable ; Inapplicable ; Inapplicable ; Inapplicable ; Pass         ; Inapplicable ; Inapplicable ; Pass         ; Inapplicable ; Inapplicable ; Inapplicable ; Inapplicable ; Inapplicable ; Inapplicable ; Inapplicable ; Inapplicable ; Inapplicable ; Pass      ; Inapplicable ; Inapplicable ;
; HBURST1[1]         ; Inapplicable ; Inapplicable ; Inapplicable ; Inapplicable ; Inapplicable ; Pass      ; Inapplicable ; Inapplicable ; Pass      ; Pass      ; Inapplicable ; Inapplicable ; Inapplicable ; Inapplicable ; Pass         ; Inapplicable ; Inapplicable ; Pass         ; Inapplicable ; Inapplicable ; Inapplicable ; Inapplicable ; Inapplicable ; Inapplicable ; Inapplicable ; Inapplicable ; Inapplicable ; Pass      ; Inapplicable ; Inapplicable ;
; HBURST1[2]         ; Inapplicable ; Inapplicable ; Inapplicable ; Inapplicable ; Inapplicable ; Pass      ; Inapplicable ; Inapplicable ; Pass      ; Pass      ; Inapplicable ; Inapplicable ; Inapplicable ; Inapplicable ; Pass         ; Inapplicable ; Inapplicable ; Pass         ; Inapplicable ; Inapplicable ; Inapplicable ; Inapplicable ; Inapplicable ; Inapplicable ; Inapplicable ; Inapplicable ; Inapplicable ; Pass      ; Inapplicable ; Inapplicable ;
; HGRANT1            ; Inapplicable ; Inapplicable ; Inapplicable ; Inapplicable ; Inapplicable ; Pass      ; Inapplicable ; Inapplicable ; Pass      ; Pass      ; Inapplicable ; Pass         ; Inapplicable ; Inapplicable ; Inapplicable ; Inapplicable ; Pass         ; Inapplicable ; Inapplicable ; Inapplicable ; Inapplicable ; Pass         ; Inapplicable ; Inapplicable ; Inapplicable ; Inapplicable ; Inapplicable ; Pass      ; Inapplicable ; Inapplicable ;
; HRDATA1[0]         ; Inapplicable ; Inapplicable ; Inapplicable ; Inapplicable ; Inapplicable ; Pass      ; Inapplicable ; Inapplicable ; Pass      ; Pass      ; Inapplicable ; Pass         ; Inapplicable ; Inapplicable ; Inapplicable ; Inapplicable ; Pass         ; Inapplicable ; Inapplicable ; Inapplicable ; Inapplicable ; Pass         ; Inapplicable ; Inapplicable ; Inapplicable ; Inapplicable ; Inapplicable ; Pass      ; Inapplicable ; Inapplicable ;
; HRDATA1[1]         ; Inapplicable ; Inapplicable ; Inapplicable ; Inapplicable ; Inapplicable ; Pass      ; Inapplicable ; Inapplicable ; Pass      ; Pass      ; Inapplicable ; Pass         ; Inapplicable ; Inapplicable ; Inapplicable ; Inapplicable ; Pass         ; Inapplicable ; Inapplicable ; Inapplicable ; Inapplicable ; Pass         ; Inapplicable ; Inapplicable ; Inapplicable ; Inapplicable ; Inapplicable ; Pass      ; Inapplicable ; Inapplicable ;
; HRDATA1[2]         ; Inapplicable ; Inapplicable ; Inapplicable ; Inapplicable ; Inapplicable ; Pass      ; Inapplicable ; Inapplicable ; Pass      ; Pass      ; Inapplicable ; Pass         ; Inapplicable ; Inapplicable ; Inapplicable ; Inapplicable ; Pass         ; Inapplicable ; Inapplicable ; Inapplicable ; Inapplicable ; Pass         ; Inapplicable ; Inapplicable ; Inapplicable ; Inapplicable ; Inapplicable ; Pass      ; Inapplicable ; Inapplicable ;
; HRDATA1[3]         ; Inapplicable ; Inapplicable ; Inapplicable ; Inapplicable ; Inapplicable ; Pass      ; Inapplicable ; Inapplicable ; Pass      ; Pass      ; Inapplicable ; Pass         ; Inapplicable ; Inapplicable ; Inapplicable ; Inapplicable ; Pass         ; Inapplicable ; Inapplicable ; Inapplicable ; Inapplicable ; Pass         ; Inapplicable ; Inapplicable ; Inapplicable ; Inapplicable ; Inapplicable ; Pass      ; Inapplicable ; Inapplicable ;
; HRDATA1[4]         ; Inapplicable ; Inapplicable ; Inapplicable ; Inapplicable ; Inapplicable ; Pass      ; Inapplicable ; Inapplicable ; Pass      ; Pass      ; Inapplicable ; Pass         ; Inapplicable ; Inapplicable ; Inapplicable ; Inapplicable ; Pass         ; Inapplicable ; Inapplicable ; Inapplicable ; Inapplicable ; Pass         ; Inapplicable ; Inapplicable ; Inapplicable ; Inapplicable ; Inapplicable ; Pass      ; Inapplicable ; Inapplicable ;
; HRDATA1[5]         ; Inapplicable ; Inapplicable ; Inapplicable ; Inapplicable ; Inapplicable ; Pass      ; Inapplicable ; Inapplicable ; Pass      ; Pass      ; Inapplicable ; Pass         ; Inapplicable ; Inapplicable ; Inapplicable ; Inapplicable ; Pass         ; Inapplicable ; Inapplicable ; Inapplicable ; Inapplicable ; Pass         ; Inapplicable ; Inapplicable ; Inapplicable ; Inapplicable ; Inapplicable ; Pass      ; Inapplicable ; Inapplicable ;
; HRDATA1[6]         ; Inapplicable ; Inapplicable ; Inapplicable ; Inapplicable ; Inapplicable ; Pass      ; Inapplicable ; Inapplicable ; Pass      ; Pass      ; Inapplicable ; Pass         ; Inapplicable ; Inapplicable ; Inapplicable ; Inapplicable ; Pass         ; Inapplicable ; Inapplicable ; Inapplicable ; Inapplicable ; Pass         ; Inapplicable ; Inapplicable ; Inapplicable ; Inapplicable ; Inapplicable ; Pass      ; Inapplicable ; Inapplicable ;
; HRDATA1[7]         ; Inapplicable ; Inapplicable ; Inapplicable ; Inapplicable ; Inapplicable ; Pass      ; Inapplicable ; Inapplicable ; Pass      ; Pass      ; Inapplicable ; Pass         ; Inapplicable ; Inapplicable ; Inapplicable ; Inapplicable ; Pass         ; Inapplicable ; Inapplicable ; Inapplicable ; Inapplicable ; Pass         ; Inapplicable ; Inapplicable ; Inapplicable ; Inapplicable ; Inapplicable ; Pass      ; Inapplicable ; Inapplicable ;
; HRDATA1[8]         ; Inapplicable ; Inapplicable ; Inapplicable ; Inapplicable ; Inapplicable ; Pass      ; Inapplicable ; Inapplicable ; Pass      ; Pass      ; Inapplicable ; Pass         ; Inapplicable ; Inapplicable ; Inapplicable ; Inapplicable ; Pass         ; Inapplicable ; Inapplicable ; Inapplicable ; Inapplicable ; Pass         ; Inapplicable ; Inapplicable ; Inapplicable ; Inapplicable ; Inapplicable ; Pass      ; Inapplicable ; Inapplicable ;
; HRDATA1[9]         ; Inapplicable ; Inapplicable ; Inapplicable ; Inapplicable ; Inapplicable ; Pass      ; Inapplicable ; Inapplicable ; Pass      ; Pass      ; Inapplicable ; Pass         ; Inapplicable ; Inapplicable ; Inapplicable ; Inapplicable ; Pass         ; Inapplicable ; Inapplicable ; Inapplicable ; Inapplicable ; Pass         ; Inapplicable ; Inapplicable ; Inapplicable ; Inapplicable ; Inapplicable ; Pass      ; Inapplicable ; Inapplicable ;
; HRDATA1[10]        ; Inapplicable ; Inapplicable ; Inapplicable ; Inapplicable ; Inapplicable ; Pass      ; Inapplicable ; Inapplicable ; Pass      ; Pass      ; Inapplicable ; Pass         ; Inapplicable ; Inapplicable ; Inapplicable ; Inapplicable ; Pass         ; Inapplicable ; Inapplicable ; Inapplicable ; Inapplicable ; Pass         ; Inapplicable ; Inapplicable ; Inapplicable ; Inapplicable ; Inapplicable ; Pass      ; Inapplicable ; Inapplicable ;
; HRDATA1[11]        ; Inapplicable ; Inapplicable ; Inapplicable ; Inapplicable ; Inapplicable ; Pass      ; Inapplicable ; Inapplicable ; Pass      ; Pass      ; Inapplicable ; Pass         ; Inapplicable ; Inapplicable ; Inapplicable ; Inapplicable ; Pass         ; Inapplicable ; Inapplicable ; Inapplicable ; Inapplicable ; Pass         ; Inapplicable ; Inapplicable ; Inapplicable ; Inapplicable ; Inapplicable ; Pass      ; Inapplicable ; Inapplicable ;
; HRDATA1[12]        ; Inapplicable ; Inapplicable ; Inapplicable ; Inapplicable ; Inapplicable ; Pass      ; Inapplicable ; Inapplicable ; Pass      ; Pass      ; Inapplicable ; Pass         ; Inapplicable ; Inapplicable ; Inapplicable ; Inapplicable ; Pass         ; Inapplicable ; Inapplicable ; Inapplicable ; Inapplicable ; Pass         ; Inapplicable ; Inapplicable ; Inapplicable ; Inapplicable ; Inapplicable ; Pass      ; Inapplicable ; Inapplicable ;
; HRDATA1[13]        ; Inapplicable ; Inapplicable ; Inapplicable ; Inapplicable ; Inapplicable ; Pass      ; Inapplicable ; Inapplicable ; Pass      ; Pass      ; Inapplicable ; Pass         ; Inapplicable ; Inapplicable ; Inapplicable ; Inapplicable ; Pass         ; Inapplicable ; Inapplicable ; Inapplicable ; Inapplicable ; Pass         ; Inapplicable ; Inapplicable ; Inapplicable ; Inapplicable ; Inapplicable ; Pass      ; Inapplicable ; Inapplicable ;
; HRDATA1[14]        ; Inapplicable ; Inapplicable ; Inapplicable ; Inapplicable ; Inapplicable ; Pass      ; Inapplicable ; Inapplicable ; Pass      ; Pass      ; Inapplicable ; Pass         ; Inapplicable ; Inapplicable ; Inapplicable ; Inapplicable ; Pass         ; Inapplicable ; Inapplicable ; Inapplicable ; Inapplicable ; Pass         ; Inapplicable ; Inapplicable ; Inapplicable ; Inapplicable ; Inapplicable ; Pass      ; Inapplicable ; Inapplicable ;
; HRDATA1[15]        ; Inapplicable ; Inapplicable ; Inapplicable ; Inapplicable ; Inapplicable ; Pass      ; Inapplicable ; Inapplicable ; Pass      ; Pass      ; Inapplicable ; Pass         ; Inapplicable ; Inapplicable ; Inapplicable ; Inapplicable ; Pass         ; Inapplicable ; Inapplicable ; Inapplicable ; Inapplicable ; Pass         ; Inapplicable ; Inapplicable ; Inapplicable ; Inapplicable ; Inapplicable ; Pass      ; Inapplicable ; Inapplicable ;
; HRDATA1[16]        ; Inapplicable ; Inapplicable ; Inapplicable ; Inapplicable ; Inapplicable ; Pass      ; Inapplicable ; Inapplicable ; Pass      ; Pass      ; Inapplicable ; Pass         ; Inapplicable ; Inapplicable ; Inapplicable ; Inapplicable ; Pass         ; Inapplicable ; Inapplicable ; Inapplicable ; Inapplicable ; Pass         ; Inapplicable ; Inapplicable ; Inapplicable ; Inapplicable ; Inapplicable ; Pass      ; Inapplicable ; Inapplicable ;
; HRDATA1[17]        ; Inapplicable ; Inapplicable ; Inapplicable ; Inapplicable ; Inapplicable ; Pass      ; Inapplicable ; Inapplicable ; Pass      ; Pass      ; Inapplicable ; Pass         ; Inapplicable ; Inapplicable ; Inapplicable ; Inapplicable ; Pass         ; Inapplicable ; Inapplicable ; Inapplicable ; Inapplicable ; Pass         ; Inapplicable ; Inapplicable ; Inapplicable ; Inapplicable ; Inapplicable ; Pass      ; Inapplicable ; Inapplicable ;
; HRDATA1[18]        ; Inapplicable ; Inapplicable ; Inapplicable ; Inapplicable ; Inapplicable ; Pass      ; Inapplicable ; Inapplicable ; Pass      ; Pass      ; Inapplicable ; Pass         ; Inapplicable ; Inapplicable ; Inapplicable ; Inapplicable ; Pass         ; Inapplicable ; Inapplicable ; Inapplicable ; Inapplicable ; Pass         ; Inapplicable ; Inapplicable ; Inapplicable ; Inapplicable ; Inapplicable ; Pass      ; Inapplicable ; Inapplicable ;
; HRDATA1[19]        ; Inapplicable ; Inapplicable ; Inapplicable ; Inapplicable ; Inapplicable ; Pass      ; Inapplicable ; Inapplicable ; Pass      ; Pass      ; Inapplicable ; Pass         ; Inapplicable ; Inapplicable ; Inapplicable ; Inapplicable ; Pass         ; Inapplicable ; Inapplicable ; Inapplicable ; Inapplicable ; Pass         ; Inapplicable ; Inapplicable ; Inapplicable ; Inapplicable ; Inapplicable ; Pass      ; Inapplicable ; Inapplicable ;
; HRDATA1[20]        ; Inapplicable ; Inapplicable ; Inapplicable ; Inapplicable ; Inapplicable ; Pass      ; Inapplicable ; Inapplicable ; Pass      ; Pass      ; Inapplicable ; Pass         ; Inapplicable ; Inapplicable ; Inapplicable ; Inapplicable ; Pass         ; Inapplicable ; Inapplicable ; Inapplicable ; Inapplicable ; Pass         ; Inapplicable ; Inapplicable ; Inapplicable ; Inapplicable ; Inapplicable ; Pass      ; Inapplicable ; Inapplicable ;
; HRDATA1[21]        ; Inapplicable ; Inapplicable ; Inapplicable ; Inapplicable ; Inapplicable ; Pass      ; Inapplicable ; Inapplicable ; Pass      ; Pass      ; Inapplicable ; Pass         ; Inapplicable ; Inapplicable ; Inapplicable ; Inapplicable ; Pass         ; Inapplicable ; Inapplicable ; Inapplicable ; Inapplicable ; Pass         ; Inapplicable ; Inapplicable ; Inapplicable ; Inapplicable ; Inapplicable ; Pass      ; Inapplicable ; Inapplicable ;
; HRDATA1[22]        ; Inapplicable ; Inapplicable ; Inapplicable ; Inapplicable ; Inapplicable ; Pass      ; Inapplicable ; Inapplicable ; Pass      ; Pass      ; Inapplicable ; Pass         ; Inapplicable ; Inapplicable ; Inapplicable ; Inapplicable ; Pass         ; Inapplicable ; Inapplicable ; Inapplicable ; Inapplicable ; Pass         ; Inapplicable ; Inapplicable ; Inapplicable ; Inapplicable ; Inapplicable ; Pass      ; Inapplicable ; Inapplicable ;
; HRDATA1[23]        ; Inapplicable ; Inapplicable ; Inapplicable ; Inapplicable ; Inapplicable ; Pass      ; Inapplicable ; Inapplicable ; Pass      ; Pass      ; Inapplicable ; Pass         ; Inapplicable ; Inapplicable ; Inapplicable ; Inapplicable ; Pass         ; Inapplicable ; Inapplicable ; Inapplicable ; Inapplicable ; Pass         ; Inapplicable ; Inapplicable ; Inapplicable ; Inapplicable ; Inapplicable ; Pass      ; Inapplicable ; Inapplicable ;
; HRDATA1[24]        ; Inapplicable ; Inapplicable ; Inapplicable ; Inapplicable ; Inapplicable ; Pass      ; Inapplicable ; Inapplicable ; Pass      ; Pass      ; Inapplicable ; Pass         ; Inapplicable ; Inapplicable ; Inapplicable ; Inapplicable ; Pass         ; Inapplicable ; Inapplicable ; Inapplicable ; Inapplicable ; Pass         ; Inapplicable ; Inapplicable ; Inapplicable ; Inapplicable ; Inapplicable ; Pass      ; Inapplicable ; Inapplicable ;
; HRDATA1[25]        ; Inapplicable ; Inapplicable ; Inapplicable ; Inapplicable ; Inapplicable ; Pass      ; Inapplicable ; Inapplicable ; Pass      ; Pass      ; Inapplicable ; Pass         ; Inapplicable ; Inapplicable ; Inapplicable ; Inapplicable ; Pass         ; Inapplicable ; Inapplicable ; Inapplicable ; Inapplicable ; Pass         ; Inapplicable ; Inapplicable ; Inapplicable ; Inapplicable ; Inapplicable ; Pass      ; Inapplicable ; Inapplicable ;
; HRDATA1[26]        ; Inapplicable ; Inapplicable ; Inapplicable ; Inapplicable ; Inapplicable ; Pass      ; Inapplicable ; Inapplicable ; Pass      ; Pass      ; Inapplicable ; Pass         ; Inapplicable ; Inapplicable ; Inapplicable ; Inapplicable ; Pass         ; Inapplicable ; Inapplicable ; Inapplicable ; Inapplicable ; Pass         ; Inapplicable ; Inapplicable ; Inapplicable ; Inapplicable ; Inapplicable ; Pass      ; Inapplicable ; Inapplicable ;
; HRDATA1[27]        ; Inapplicable ; Inapplicable ; Inapplicable ; Inapplicable ; Inapplicable ; Pass      ; Inapplicable ; Inapplicable ; Pass      ; Pass      ; Inapplicable ; Pass         ; Inapplicable ; Inapplicable ; Inapplicable ; Inapplicable ; Pass         ; Inapplicable ; Inapplicable ; Inapplicable ; Inapplicable ; Pass         ; Inapplicable ; Inapplicable ; Inapplicable ; Inapplicable ; Inapplicable ; Pass      ; Inapplicable ; Inapplicable ;
; HRDATA1[28]        ; Inapplicable ; Inapplicable ; Inapplicable ; Inapplicable ; Inapplicable ; Pass      ; Inapplicable ; Inapplicable ; Pass      ; Pass      ; Inapplicable ; Pass         ; Inapplicable ; Inapplicable ; Inapplicable ; Inapplicable ; Pass         ; Inapplicable ; Inapplicable ; Inapplicable ; Inapplicable ; Pass         ; Inapplicable ; Inapplicable ; Inapplicable ; Inapplicable ; Inapplicable ; Pass      ; Inapplicable ; Inapplicable ;
; HRDATA1[29]        ; Inapplicable ; Inapplicable ; Inapplicable ; Inapplicable ; Inapplicable ; Pass      ; Inapplicable ; Inapplicable ; Pass      ; Pass      ; Inapplicable ; Pass         ; Inapplicable ; Inapplicable ; Inapplicable ; Inapplicable ; Pass         ; Inapplicable ; Inapplicable ; Inapplicable ; Inapplicable ; Pass         ; Inapplicable ; Inapplicable ; Inapplicable ; Inapplicable ; Inapplicable ; Pass      ; Inapplicable ; Inapplicable ;
; HRDATA1[30]        ; Inapplicable ; Inapplicable ; Inapplicable ; Inapplicable ; Inapplicable ; Pass      ; Inapplicable ; Inapplicable ; Pass      ; Pass      ; Inapplicable ; Pass         ; Inapplicable ; Inapplicable ; Inapplicable ; Inapplicable ; Pass         ; Inapplicable ; Inapplicable ; Inapplicable ; Inapplicable ; Pass         ; Inapplicable ; Inapplicable ; Inapplicable ; Inapplicable ; Inapplicable ; Pass      ; Inapplicable ; Inapplicable ;
; HRDATA1[31]        ; Inapplicable ; Inapplicable ; Inapplicable ; Inapplicable ; Inapplicable ; Pass      ; Inapplicable ; Inapplicable ; Pass      ; Pass      ; Inapplicable ; Pass         ; Inapplicable ; Inapplicable ; Inapplicable ; Inapplicable ; Pass         ; Inapplicable ; Inapplicable ; Inapplicable ; Inapplicable ; Pass         ; Inapplicable ; Inapplicable ; Inapplicable ; Inapplicable ; Inapplicable ; Pass      ; Inapplicable ; Inapplicable ;
; HREADY1            ; Inapplicable ; Inapplicable ; Inapplicable ; Inapplicable ; Inapplicable ; Pass      ; Inapplicable ; Inapplicable ; Pass      ; Pass      ; Inapplicable ; Pass         ; Inapplicable ; Inapplicable ; Inapplicable ; Inapplicable ; Pass         ; Inapplicable ; Inapplicable ; Inapplicable ; Inapplicable ; Pass         ; Inapplicable ; Inapplicable ; Inapplicable ; Inapplicable ; Inapplicable ; Pass      ; Inapplicable ; Inapplicable ;
; HRESP1[0]          ; Inapplicable ; Inapplicable ; Inapplicable ; Inapplicable ; Inapplicable ; Pass      ; Inapplicable ; Inapplicable ; Pass      ; Pass      ; Inapplicable ; Pass         ; Inapplicable ; Inapplicable ; Inapplicable ; Inapplicable ; Pass         ; Inapplicable ; Inapplicable ; Inapplicable ; Inapplicable ; Pass         ; Inapplicable ; Inapplicable ; Inapplicable ; Inapplicable ; Inapplicable ; Pass      ; Inapplicable ; Inapplicable ;
; HRESP1[1]          ; Inapplicable ; Inapplicable ; Inapplicable ; Inapplicable ; Inapplicable ; Pass      ; Inapplicable ; Inapplicable ; Pass      ; Pass      ; Inapplicable ; Pass         ; Inapplicable ; Inapplicable ; Inapplicable ; Inapplicable ; Pass         ; Inapplicable ; Inapplicable ; Inapplicable ; Inapplicable ; Pass         ; Inapplicable ; Inapplicable ; Inapplicable ; Inapplicable ; Inapplicable ; Pass      ; Inapplicable ; Inapplicable ;
; HTRANS2[0]         ; Inapplicable ; Inapplicable ; Inapplicable ; Inapplicable ; Inapplicable ; Pass      ; Inapplicable ; Inapplicable ; Pass      ; Pass      ; Inapplicable ; Inapplicable ; Inapplicable ; Inapplicable ; Pass         ; Inapplicable ; Inapplicable ; Pass         ; Inapplicable ; Inapplicable ; Inapplicable ; Inapplicable ; Inapplicable ; Inapplicable ; Inapplicable ; Inapplicable ; Inapplicable ; Pass      ; Inapplicable ; Inapplicable ;
; HSIZE2[0]          ; Inapplicable ; Inapplicable ; Inapplicable ; Inapplicable ; Inapplicable ; Pass      ; Inapplicable ; Inapplicable ; Pass      ; Pass      ; Inapplicable ; Inapplicable ; Inapplicable ; Inapplicable ; Pass         ; Inapplicable ; Inapplicable ; Pass         ; Inapplicable ; Inapplicable ; Inapplicable ; Inapplicable ; Inapplicable ; Inapplicable ; Inapplicable ; Inapplicable ; Inapplicable ; Pass      ; Inapplicable ; Inapplicable ;
; HSIZE2[1]          ; Inapplicable ; Inapplicable ; Inapplicable ; Inapplicable ; Inapplicable ; Pass      ; Inapplicable ; Inapplicable ; Pass      ; Pass      ; Inapplicable ; Inapplicable ; Inapplicable ; Inapplicable ; Pass         ; Inapplicable ; Inapplicable ; Pass         ; Inapplicable ; Inapplicable ; Inapplicable ; Inapplicable ; Inapplicable ; Inapplicable ; Inapplicable ; Inapplicable ; Inapplicable ; Pass      ; Inapplicable ; Inapplicable ;
; HSIZE2[2]          ; Inapplicable ; Inapplicable ; Inapplicable ; Inapplicable ; Inapplicable ; Pass      ; Inapplicable ; Inapplicable ; Pass      ; Pass      ; Inapplicable ; Inapplicable ; Inapplicable ; Inapplicable ; Pass         ; Inapplicable ; Inapplicable ; Pass         ; Inapplicable ; Inapplicable ; Inapplicable ; Inapplicable ; Inapplicable ; Inapplicable ; Inapplicable ; Inapplicable ; Inapplicable ; Pass      ; Inapplicable ; Inapplicable ;
; HBURST2[0]         ; Inapplicable ; Inapplicable ; Inapplicable ; Inapplicable ; Inapplicable ; Pass      ; Inapplicable ; Inapplicable ; Pass      ; Pass      ; Inapplicable ; Inapplicable ; Inapplicable ; Inapplicable ; Pass         ; Inapplicable ; Inapplicable ; Pass         ; Inapplicable ; Inapplicable ; Inapplicable ; Inapplicable ; Inapplicable ; Inapplicable ; Inapplicable ; Inapplicable ; Inapplicable ; Pass      ; Inapplicable ; Inapplicable ;
; HBURST2[1]         ; Inapplicable ; Inapplicable ; Inapplicable ; Inapplicable ; Inapplicable ; Pass      ; Inapplicable ; Inapplicable ; Pass      ; Pass      ; Inapplicable ; Inapplicable ; Inapplicable ; Inapplicable ; Pass         ; Inapplicable ; Inapplicable ; Pass         ; Inapplicable ; Inapplicable ; Inapplicable ; Inapplicable ; Inapplicable ; Inapplicable ; Inapplicable ; Inapplicable ; Inapplicable ; Pass      ; Inapplicable ; Inapplicable ;
; HBURST2[2]         ; Inapplicable ; Inapplicable ; Inapplicable ; Inapplicable ; Inapplicable ; Pass      ; Inapplicable ; Inapplicable ; Pass      ; Pass      ; Inapplicable ; Inapplicable ; Inapplicable ; Inapplicable ; Pass         ; Inapplicable ; Inapplicable ; Pass         ; Inapplicable ; Inapplicable ; Inapplicable ; Inapplicable ; Inapplicable ; Inapplicable ; Inapplicable ; Inapplicable ; Inapplicable ; Pass      ; Inapplicable ; Inapplicable ;
; HGRANT2            ; Inapplicable ; Inapplicable ; Inapplicable ; Inapplicable ; Inapplicable ; Pass      ; Inapplicable ; Inapplicable ; Pass      ; Pass      ; Inapplicable ; Pass         ; Inapplicable ; Inapplicable ; Inapplicable ; Inapplicable ; Pass         ; Inapplicable ; Inapplicable ; Inapplicable ; Inapplicable ; Pass         ; Inapplicable ; Inapplicable ; Inapplicable ; Inapplicable ; Inapplicable ; Pass      ; Inapplicable ; Inapplicable ;
; HRDATA2[0]         ; Inapplicable ; Inapplicable ; Inapplicable ; Inapplicable ; Inapplicable ; Pass      ; Inapplicable ; Inapplicable ; Pass      ; Pass      ; Inapplicable ; Pass         ; Inapplicable ; Inapplicable ; Inapplicable ; Inapplicable ; Pass         ; Inapplicable ; Inapplicable ; Inapplicable ; Inapplicable ; Pass         ; Inapplicable ; Inapplicable ; Inapplicable ; Inapplicable ; Inapplicable ; Pass      ; Inapplicable ; Inapplicable ;
; HRDATA2[1]         ; Inapplicable ; Inapplicable ; Inapplicable ; Inapplicable ; Inapplicable ; Pass      ; Inapplicable ; Inapplicable ; Pass      ; Pass      ; Inapplicable ; Pass         ; Inapplicable ; Inapplicable ; Inapplicable ; Inapplicable ; Pass         ; Inapplicable ; Inapplicable ; Inapplicable ; Inapplicable ; Pass         ; Inapplicable ; Inapplicable ; Inapplicable ; Inapplicable ; Inapplicable ; Pass      ; Inapplicable ; Inapplicable ;
; HRDATA2[2]         ; Inapplicable ; Inapplicable ; Inapplicable ; Inapplicable ; Inapplicable ; Pass      ; Inapplicable ; Inapplicable ; Pass      ; Pass      ; Inapplicable ; Pass         ; Inapplicable ; Inapplicable ; Inapplicable ; Inapplicable ; Pass         ; Inapplicable ; Inapplicable ; Inapplicable ; Inapplicable ; Pass         ; Inapplicable ; Inapplicable ; Inapplicable ; Inapplicable ; Inapplicable ; Pass      ; Inapplicable ; Inapplicable ;
; HRDATA2[3]         ; Inapplicable ; Inapplicable ; Inapplicable ; Inapplicable ; Inapplicable ; Pass      ; Inapplicable ; Inapplicable ; Pass      ; Pass      ; Inapplicable ; Pass         ; Inapplicable ; Inapplicable ; Inapplicable ; Inapplicable ; Pass         ; Inapplicable ; Inapplicable ; Inapplicable ; Inapplicable ; Pass         ; Inapplicable ; Inapplicable ; Inapplicable ; Inapplicable ; Inapplicable ; Pass      ; Inapplicable ; Inapplicable ;
; HRDATA2[4]         ; Inapplicable ; Inapplicable ; Inapplicable ; Inapplicable ; Inapplicable ; Pass      ; Inapplicable ; Inapplicable ; Pass      ; Pass      ; Inapplicable ; Pass         ; Inapplicable ; Inapplicable ; Inapplicable ; Inapplicable ; Pass         ; Inapplicable ; Inapplicable ; Inapplicable ; Inapplicable ; Pass         ; Inapplicable ; Inapplicable ; Inapplicable ; Inapplicable ; Inapplicable ; Pass      ; Inapplicable ; Inapplicable ;
; HRDATA2[5]         ; Inapplicable ; Inapplicable ; Inapplicable ; Inapplicable ; Inapplicable ; Pass      ; Inapplicable ; Inapplicable ; Pass      ; Pass      ; Inapplicable ; Pass         ; Inapplicable ; Inapplicable ; Inapplicable ; Inapplicable ; Pass         ; Inapplicable ; Inapplicable ; Inapplicable ; Inapplicable ; Pass         ; Inapplicable ; Inapplicable ; Inapplicable ; Inapplicable ; Inapplicable ; Pass      ; Inapplicable ; Inapplicable ;
; HRDATA2[6]         ; Inapplicable ; Inapplicable ; Inapplicable ; Inapplicable ; Inapplicable ; Pass      ; Inapplicable ; Inapplicable ; Pass      ; Pass      ; Inapplicable ; Pass         ; Inapplicable ; Inapplicable ; Inapplicable ; Inapplicable ; Pass         ; Inapplicable ; Inapplicable ; Inapplicable ; Inapplicable ; Pass         ; Inapplicable ; Inapplicable ; Inapplicable ; Inapplicable ; Inapplicable ; Pass      ; Inapplicable ; Inapplicable ;
; HRDATA2[7]         ; Inapplicable ; Inapplicable ; Inapplicable ; Inapplicable ; Inapplicable ; Pass      ; Inapplicable ; Inapplicable ; Pass      ; Pass      ; Inapplicable ; Pass         ; Inapplicable ; Inapplicable ; Inapplicable ; Inapplicable ; Pass         ; Inapplicable ; Inapplicable ; Inapplicable ; Inapplicable ; Pass         ; Inapplicable ; Inapplicable ; Inapplicable ; Inapplicable ; Inapplicable ; Pass      ; Inapplicable ; Inapplicable ;
; HRDATA2[8]         ; Inapplicable ; Inapplicable ; Inapplicable ; Inapplicable ; Inapplicable ; Pass      ; Inapplicable ; Inapplicable ; Pass      ; Pass      ; Inapplicable ; Pass         ; Inapplicable ; Inapplicable ; Inapplicable ; Inapplicable ; Pass         ; Inapplicable ; Inapplicable ; Inapplicable ; Inapplicable ; Pass         ; Inapplicable ; Inapplicable ; Inapplicable ; Inapplicable ; Inapplicable ; Pass      ; Inapplicable ; Inapplicable ;
; HRDATA2[9]         ; Inapplicable ; Inapplicable ; Inapplicable ; Inapplicable ; Inapplicable ; Pass      ; Inapplicable ; Inapplicable ; Pass      ; Pass      ; Inapplicable ; Pass         ; Inapplicable ; Inapplicable ; Inapplicable ; Inapplicable ; Pass         ; Inapplicable ; Inapplicable ; Inapplicable ; Inapplicable ; Pass         ; Inapplicable ; Inapplicable ; Inapplicable ; Inapplicable ; Inapplicable ; Pass      ; Inapplicable ; Inapplicable ;
; HRDATA2[10]        ; Inapplicable ; Inapplicable ; Inapplicable ; Inapplicable ; Inapplicable ; Pass      ; Inapplicable ; Inapplicable ; Pass      ; Pass      ; Inapplicable ; Pass         ; Inapplicable ; Inapplicable ; Inapplicable ; Inapplicable ; Pass         ; Inapplicable ; Inapplicable ; Inapplicable ; Inapplicable ; Pass         ; Inapplicable ; Inapplicable ; Inapplicable ; Inapplicable ; Inapplicable ; Pass      ; Inapplicable ; Inapplicable ;
; HRDATA2[11]        ; Inapplicable ; Inapplicable ; Inapplicable ; Inapplicable ; Inapplicable ; Pass      ; Inapplicable ; Inapplicable ; Pass      ; Pass      ; Inapplicable ; Pass         ; Inapplicable ; Inapplicable ; Inapplicable ; Inapplicable ; Pass         ; Inapplicable ; Inapplicable ; Inapplicable ; Inapplicable ; Pass         ; Inapplicable ; Inapplicable ; Inapplicable ; Inapplicable ; Inapplicable ; Pass      ; Inapplicable ; Inapplicable ;
; HRDATA2[12]        ; Inapplicable ; Inapplicable ; Inapplicable ; Inapplicable ; Inapplicable ; Pass      ; Inapplicable ; Inapplicable ; Pass      ; Pass      ; Inapplicable ; Pass         ; Inapplicable ; Inapplicable ; Inapplicable ; Inapplicable ; Pass         ; Inapplicable ; Inapplicable ; Inapplicable ; Inapplicable ; Pass         ; Inapplicable ; Inapplicable ; Inapplicable ; Inapplicable ; Inapplicable ; Pass      ; Inapplicable ; Inapplicable ;
; HRDATA2[13]        ; Inapplicable ; Inapplicable ; Inapplicable ; Inapplicable ; Inapplicable ; Pass      ; Inapplicable ; Inapplicable ; Pass      ; Pass      ; Inapplicable ; Pass         ; Inapplicable ; Inapplicable ; Inapplicable ; Inapplicable ; Pass         ; Inapplicable ; Inapplicable ; Inapplicable ; Inapplicable ; Pass         ; Inapplicable ; Inapplicable ; Inapplicable ; Inapplicable ; Inapplicable ; Pass      ; Inapplicable ; Inapplicable ;
; HRDATA2[14]        ; Inapplicable ; Inapplicable ; Inapplicable ; Inapplicable ; Inapplicable ; Pass      ; Inapplicable ; Inapplicable ; Pass      ; Pass      ; Inapplicable ; Pass         ; Inapplicable ; Inapplicable ; Inapplicable ; Inapplicable ; Pass         ; Inapplicable ; Inapplicable ; Inapplicable ; Inapplicable ; Pass         ; Inapplicable ; Inapplicable ; Inapplicable ; Inapplicable ; Inapplicable ; Pass      ; Inapplicable ; Inapplicable ;
; HRDATA2[15]        ; Inapplicable ; Inapplicable ; Inapplicable ; Inapplicable ; Inapplicable ; Pass      ; Inapplicable ; Inapplicable ; Pass      ; Pass      ; Inapplicable ; Pass         ; Inapplicable ; Inapplicable ; Inapplicable ; Inapplicable ; Pass         ; Inapplicable ; Inapplicable ; Inapplicable ; Inapplicable ; Pass         ; Inapplicable ; Inapplicable ; Inapplicable ; Inapplicable ; Inapplicable ; Pass      ; Inapplicable ; Inapplicable ;
; HRDATA2[16]        ; Inapplicable ; Inapplicable ; Inapplicable ; Inapplicable ; Inapplicable ; Pass      ; Inapplicable ; Inapplicable ; Pass      ; Pass      ; Inapplicable ; Pass         ; Inapplicable ; Inapplicable ; Inapplicable ; Inapplicable ; Pass         ; Inapplicable ; Inapplicable ; Inapplicable ; Inapplicable ; Pass         ; Inapplicable ; Inapplicable ; Inapplicable ; Inapplicable ; Inapplicable ; Pass      ; Inapplicable ; Inapplicable ;
; HRDATA2[17]        ; Inapplicable ; Inapplicable ; Inapplicable ; Inapplicable ; Inapplicable ; Pass      ; Inapplicable ; Inapplicable ; Pass      ; Pass      ; Inapplicable ; Pass         ; Inapplicable ; Inapplicable ; Inapplicable ; Inapplicable ; Pass         ; Inapplicable ; Inapplicable ; Inapplicable ; Inapplicable ; Pass         ; Inapplicable ; Inapplicable ; Inapplicable ; Inapplicable ; Inapplicable ; Pass      ; Inapplicable ; Inapplicable ;
; HRDATA2[18]        ; Inapplicable ; Inapplicable ; Inapplicable ; Inapplicable ; Inapplicable ; Pass      ; Inapplicable ; Inapplicable ; Pass      ; Pass      ; Inapplicable ; Pass         ; Inapplicable ; Inapplicable ; Inapplicable ; Inapplicable ; Pass         ; Inapplicable ; Inapplicable ; Inapplicable ; Inapplicable ; Pass         ; Inapplicable ; Inapplicable ; Inapplicable ; Inapplicable ; Inapplicable ; Pass      ; Inapplicable ; Inapplicable ;
; HRDATA2[19]        ; Inapplicable ; Inapplicable ; Inapplicable ; Inapplicable ; Inapplicable ; Pass      ; Inapplicable ; Inapplicable ; Pass      ; Pass      ; Inapplicable ; Pass         ; Inapplicable ; Inapplicable ; Inapplicable ; Inapplicable ; Pass         ; Inapplicable ; Inapplicable ; Inapplicable ; Inapplicable ; Pass         ; Inapplicable ; Inapplicable ; Inapplicable ; Inapplicable ; Inapplicable ; Pass      ; Inapplicable ; Inapplicable ;
; HRDATA2[20]        ; Inapplicable ; Inapplicable ; Inapplicable ; Inapplicable ; Inapplicable ; Pass      ; Inapplicable ; Inapplicable ; Pass      ; Pass      ; Inapplicable ; Pass         ; Inapplicable ; Inapplicable ; Inapplicable ; Inapplicable ; Pass         ; Inapplicable ; Inapplicable ; Inapplicable ; Inapplicable ; Pass         ; Inapplicable ; Inapplicable ; Inapplicable ; Inapplicable ; Inapplicable ; Pass      ; Inapplicable ; Inapplicable ;
; HRDATA2[21]        ; Inapplicable ; Inapplicable ; Inapplicable ; Inapplicable ; Inapplicable ; Pass      ; Inapplicable ; Inapplicable ; Pass      ; Pass      ; Inapplicable ; Pass         ; Inapplicable ; Inapplicable ; Inapplicable ; Inapplicable ; Pass         ; Inapplicable ; Inapplicable ; Inapplicable ; Inapplicable ; Pass         ; Inapplicable ; Inapplicable ; Inapplicable ; Inapplicable ; Inapplicable ; Pass      ; Inapplicable ; Inapplicable ;
; HRDATA2[22]        ; Inapplicable ; Inapplicable ; Inapplicable ; Inapplicable ; Inapplicable ; Pass      ; Inapplicable ; Inapplicable ; Pass      ; Pass      ; Inapplicable ; Pass         ; Inapplicable ; Inapplicable ; Inapplicable ; Inapplicable ; Pass         ; Inapplicable ; Inapplicable ; Inapplicable ; Inapplicable ; Pass         ; Inapplicable ; Inapplicable ; Inapplicable ; Inapplicable ; Inapplicable ; Pass      ; Inapplicable ; Inapplicable ;
; HRDATA2[23]        ; Inapplicable ; Inapplicable ; Inapplicable ; Inapplicable ; Inapplicable ; Pass      ; Inapplicable ; Inapplicable ; Pass      ; Pass      ; Inapplicable ; Pass         ; Inapplicable ; Inapplicable ; Inapplicable ; Inapplicable ; Pass         ; Inapplicable ; Inapplicable ; Inapplicable ; Inapplicable ; Pass         ; Inapplicable ; Inapplicable ; Inapplicable ; Inapplicable ; Inapplicable ; Pass      ; Inapplicable ; Inapplicable ;
; HRDATA2[24]        ; Inapplicable ; Inapplicable ; Inapplicable ; Inapplicable ; Inapplicable ; Pass      ; Inapplicable ; Inapplicable ; Pass      ; Pass      ; Inapplicable ; Pass         ; Inapplicable ; Inapplicable ; Inapplicable ; Inapplicable ; Pass         ; Inapplicable ; Inapplicable ; Inapplicable ; Inapplicable ; Pass         ; Inapplicable ; Inapplicable ; Inapplicable ; Inapplicable ; Inapplicable ; Pass      ; Inapplicable ; Inapplicable ;
; HRDATA2[25]        ; Inapplicable ; Inapplicable ; Inapplicable ; Inapplicable ; Inapplicable ; Pass      ; Inapplicable ; Inapplicable ; Pass      ; Pass      ; Inapplicable ; Pass         ; Inapplicable ; Inapplicable ; Inapplicable ; Inapplicable ; Pass         ; Inapplicable ; Inapplicable ; Inapplicable ; Inapplicable ; Pass         ; Inapplicable ; Inapplicable ; Inapplicable ; Inapplicable ; Inapplicable ; Pass      ; Inapplicable ; Inapplicable ;
; HRDATA2[26]        ; Inapplicable ; Inapplicable ; Inapplicable ; Inapplicable ; Inapplicable ; Pass      ; Inapplicable ; Inapplicable ; Pass      ; Pass      ; Inapplicable ; Pass         ; Inapplicable ; Inapplicable ; Inapplicable ; Inapplicable ; Pass         ; Inapplicable ; Inapplicable ; Inapplicable ; Inapplicable ; Pass         ; Inapplicable ; Inapplicable ; Inapplicable ; Inapplicable ; Inapplicable ; Pass      ; Inapplicable ; Inapplicable ;
; HRDATA2[27]        ; Inapplicable ; Inapplicable ; Inapplicable ; Inapplicable ; Inapplicable ; Pass      ; Inapplicable ; Inapplicable ; Pass      ; Pass      ; Inapplicable ; Pass         ; Inapplicable ; Inapplicable ; Inapplicable ; Inapplicable ; Pass         ; Inapplicable ; Inapplicable ; Inapplicable ; Inapplicable ; Pass         ; Inapplicable ; Inapplicable ; Inapplicable ; Inapplicable ; Inapplicable ; Pass      ; Inapplicable ; Inapplicable ;
; HRDATA2[28]        ; Inapplicable ; Inapplicable ; Inapplicable ; Inapplicable ; Inapplicable ; Pass      ; Inapplicable ; Inapplicable ; Pass      ; Pass      ; Inapplicable ; Pass         ; Inapplicable ; Inapplicable ; Inapplicable ; Inapplicable ; Pass         ; Inapplicable ; Inapplicable ; Inapplicable ; Inapplicable ; Pass         ; Inapplicable ; Inapplicable ; Inapplicable ; Inapplicable ; Inapplicable ; Pass      ; Inapplicable ; Inapplicable ;
; HRDATA2[29]        ; Inapplicable ; Inapplicable ; Inapplicable ; Inapplicable ; Inapplicable ; Pass      ; Inapplicable ; Inapplicable ; Pass      ; Pass      ; Inapplicable ; Pass         ; Inapplicable ; Inapplicable ; Inapplicable ; Inapplicable ; Pass         ; Inapplicable ; Inapplicable ; Inapplicable ; Inapplicable ; Pass         ; Inapplicable ; Inapplicable ; Inapplicable ; Inapplicable ; Inapplicable ; Pass      ; Inapplicable ; Inapplicable ;
; HRDATA2[30]        ; Inapplicable ; Inapplicable ; Inapplicable ; Inapplicable ; Inapplicable ; Pass      ; Inapplicable ; Inapplicable ; Pass      ; Pass      ; Inapplicable ; Pass         ; Inapplicable ; Inapplicable ; Inapplicable ; Inapplicable ; Pass         ; Inapplicable ; Inapplicable ; Inapplicable ; Inapplicable ; Pass         ; Inapplicable ; Inapplicable ; Inapplicable ; Inapplicable ; Inapplicable ; Pass      ; Inapplicable ; Inapplicable ;
; HRDATA2[31]        ; Inapplicable ; Inapplicable ; Inapplicable ; Inapplicable ; Inapplicable ; Pass      ; Inapplicable ; Inapplicable ; Pass      ; Pass      ; Inapplicable ; Pass         ; Inapplicable ; Inapplicable ; Inapplicable ; Inapplicable ; Pass         ; Inapplicable ; Inapplicable ; Inapplicable ; Inapplicable ; Pass         ; Inapplicable ; Inapplicable ; Inapplicable ; Inapplicable ; Inapplicable ; Pass      ; Inapplicable ; Inapplicable ;
; HREADY2            ; Inapplicable ; Inapplicable ; Inapplicable ; Inapplicable ; Inapplicable ; Pass      ; Inapplicable ; Inapplicable ; Pass      ; Pass      ; Inapplicable ; Pass         ; Inapplicable ; Inapplicable ; Inapplicable ; Inapplicable ; Pass         ; Inapplicable ; Inapplicable ; Inapplicable ; Inapplicable ; Pass         ; Inapplicable ; Inapplicable ; Inapplicable ; Inapplicable ; Inapplicable ; Pass      ; Inapplicable ; Inapplicable ;
; HRESP2[0]          ; Inapplicable ; Inapplicable ; Inapplicable ; Inapplicable ; Inapplicable ; Pass      ; Inapplicable ; Inapplicable ; Pass      ; Pass      ; Inapplicable ; Pass         ; Inapplicable ; Inapplicable ; Inapplicable ; Inapplicable ; Pass         ; Inapplicable ; Inapplicable ; Inapplicable ; Inapplicable ; Pass         ; Inapplicable ; Inapplicable ; Inapplicable ; Inapplicable ; Inapplicable ; Pass      ; Inapplicable ; Inapplicable ;
; HRESP2[1]          ; Inapplicable ; Inapplicable ; Inapplicable ; Inapplicable ; Inapplicable ; Pass      ; Inapplicable ; Inapplicable ; Pass      ; Pass      ; Inapplicable ; Pass         ; Inapplicable ; Inapplicable ; Inapplicable ; Inapplicable ; Pass         ; Inapplicable ; Inapplicable ; Inapplicable ; Inapplicable ; Pass         ; Inapplicable ; Inapplicable ; Inapplicable ; Inapplicable ; Inapplicable ; Pass      ; Inapplicable ; Inapplicable ;
; GPIO_OUT[0]        ; Inapplicable ; Inapplicable ; Inapplicable ; Inapplicable ; Inapplicable ; Pass      ; Inapplicable ; Inapplicable ; Pass      ; Pass      ; Inapplicable ; Pass         ; Inapplicable ; Inapplicable ; Inapplicable ; Inapplicable ; Pass         ; Inapplicable ; Inapplicable ; Inapplicable ; Inapplicable ; Pass         ; Inapplicable ; Inapplicable ; Inapplicable ; Inapplicable ; Inapplicable ; Pass      ; Inapplicable ; Inapplicable ;
; GPIO_OUT[1]        ; Inapplicable ; Inapplicable ; Inapplicable ; Inapplicable ; Inapplicable ; Pass      ; Inapplicable ; Inapplicable ; Pass      ; Pass      ; Inapplicable ; Pass         ; Inapplicable ; Inapplicable ; Inapplicable ; Inapplicable ; Pass         ; Inapplicable ; Inapplicable ; Inapplicable ; Inapplicable ; Pass         ; Inapplicable ; Inapplicable ; Inapplicable ; Inapplicable ; Inapplicable ; Pass      ; Inapplicable ; Inapplicable ;
; GPIO_OUT[2]        ; Inapplicable ; Inapplicable ; Inapplicable ; Inapplicable ; Inapplicable ; Pass      ; Inapplicable ; Inapplicable ; Pass      ; Pass      ; Inapplicable ; Pass         ; Inapplicable ; Inapplicable ; Inapplicable ; Inapplicable ; Pass         ; Inapplicable ; Inapplicable ; Inapplicable ; Inapplicable ; Pass         ; Inapplicable ; Inapplicable ; Inapplicable ; Inapplicable ; Inapplicable ; Pass      ; Inapplicable ; Inapplicable ;
; GPIO_OUT[3]        ; Inapplicable ; Inapplicable ; Inapplicable ; Inapplicable ; Inapplicable ; Pass      ; Inapplicable ; Inapplicable ; Pass      ; Pass      ; Inapplicable ; Pass         ; Inapplicable ; Inapplicable ; Inapplicable ; Inapplicable ; Pass         ; Inapplicable ; Inapplicable ; Inapplicable ; Inapplicable ; Pass         ; Inapplicable ; Inapplicable ; Inapplicable ; Inapplicable ; Inapplicable ; Pass      ; Inapplicable ; Inapplicable ;
; GPIO_OUT[4]        ; Inapplicable ; Inapplicable ; Inapplicable ; Inapplicable ; Inapplicable ; Pass      ; Inapplicable ; Inapplicable ; Pass      ; Pass      ; Inapplicable ; Pass         ; Inapplicable ; Inapplicable ; Inapplicable ; Inapplicable ; Pass         ; Inapplicable ; Inapplicable ; Inapplicable ; Inapplicable ; Pass         ; Inapplicable ; Inapplicable ; Inapplicable ; Inapplicable ; Inapplicable ; Pass      ; Inapplicable ; Inapplicable ;
; GPIO_OUT[5]        ; Inapplicable ; Inapplicable ; Inapplicable ; Inapplicable ; Inapplicable ; Pass      ; Inapplicable ; Inapplicable ; Pass      ; Pass      ; Inapplicable ; Pass         ; Inapplicable ; Inapplicable ; Inapplicable ; Inapplicable ; Pass         ; Inapplicable ; Inapplicable ; Inapplicable ; Inapplicable ; Pass         ; Inapplicable ; Inapplicable ; Inapplicable ; Inapplicable ; Inapplicable ; Pass      ; Inapplicable ; Inapplicable ;
; GPIO_OUT[6]        ; Inapplicable ; Inapplicable ; Inapplicable ; Inapplicable ; Inapplicable ; Pass      ; Inapplicable ; Inapplicable ; Pass      ; Pass      ; Inapplicable ; Pass         ; Inapplicable ; Inapplicable ; Inapplicable ; Inapplicable ; Pass         ; Inapplicable ; Inapplicable ; Inapplicable ; Inapplicable ; Pass         ; Inapplicable ; Inapplicable ; Inapplicable ; Inapplicable ; Inapplicable ; Pass      ; Inapplicable ; Inapplicable ;
; GPIO_OUT[7]        ; Inapplicable ; Inapplicable ; Inapplicable ; Inapplicable ; Inapplicable ; Pass      ; Inapplicable ; Inapplicable ; Pass      ; Pass      ; Inapplicable ; Pass         ; Inapplicable ; Inapplicable ; Inapplicable ; Inapplicable ; Pass         ; Inapplicable ; Inapplicable ; Inapplicable ; Inapplicable ; Pass         ; Inapplicable ; Inapplicable ; Inapplicable ; Inapplicable ; Inapplicable ; Pass      ; Inapplicable ; Inapplicable ;
; TIMER_IRQ          ; Inapplicable ; Inapplicable ; Inapplicable ; Inapplicable ; Inapplicable ; Pass      ; Inapplicable ; Inapplicable ; Pass      ; Pass      ; Inapplicable ; Pass         ; Inapplicable ; Inapplicable ; Inapplicable ; Inapplicable ; Pass         ; Inapplicable ; Inapplicable ; Inapplicable ; Inapplicable ; Pass         ; Inapplicable ; Inapplicable ; Inapplicable ; Inapplicable ; Inapplicable ; Pass      ; Inapplicable ; Inapplicable ;
; ARBITER_MODE_OUT   ; Inapplicable ; Inapplicable ; Inapplicable ; Inapplicable ; Inapplicable ; Pass      ; Inapplicable ; Inapplicable ; Pass      ; Pass      ; Inapplicable ; Pass         ; Inapplicable ; Inapplicable ; Inapplicable ; Inapplicable ; Pass         ; Inapplicable ; Inapplicable ; Inapplicable ; Inapplicable ; Pass         ; Inapplicable ; Inapplicable ; Inapplicable ; Inapplicable ; Inapplicable ; Pass      ; Inapplicable ; Inapplicable ;
; HADDR1[17]         ; Inapplicable ; Inapplicable ; Inapplicable ; Inapplicable ; Inapplicable ; Pass      ; Inapplicable ; Inapplicable ; Pass      ; Pass      ; Inapplicable ; Inapplicable ; Inapplicable ; Inapplicable ; Pass         ; Inapplicable ; Inapplicable ; Pass         ; Inapplicable ; Inapplicable ; Inapplicable ; Inapplicable ; Inapplicable ; Inapplicable ; Inapplicable ; Inapplicable ; Inapplicable ; Pass      ; Inapplicable ; Inapplicable ;
; HADDR2[17]         ; Inapplicable ; Inapplicable ; Inapplicable ; Inapplicable ; Inapplicable ; Pass      ; Inapplicable ; Inapplicable ; Pass      ; Pass      ; Inapplicable ; Inapplicable ; Inapplicable ; Inapplicable ; Pass         ; Inapplicable ; Inapplicable ; Pass         ; Inapplicable ; Inapplicable ; Inapplicable ; Inapplicable ; Inapplicable ; Inapplicable ; Inapplicable ; Inapplicable ; Inapplicable ; Pass      ; Inapplicable ; Inapplicable ;
; HADDR2[30]         ; Inapplicable ; Inapplicable ; Inapplicable ; Inapplicable ; Inapplicable ; Pass      ; Inapplicable ; Inapplicable ; Pass      ; Pass      ; Inapplicable ; Inapplicable ; Inapplicable ; Inapplicable ; Pass         ; Inapplicable ; Inapplicable ; Pass         ; Inapplicable ; Inapplicable ; Inapplicable ; Inapplicable ; Inapplicable ; Inapplicable ; Inapplicable ; Inapplicable ; Inapplicable ; Pass      ; Inapplicable ; Inapplicable ;
; HADDR2[23]         ; Inapplicable ; Inapplicable ; Inapplicable ; Inapplicable ; Inapplicable ; Pass      ; Inapplicable ; Inapplicable ; Pass      ; Pass      ; Inapplicable ; Inapplicable ; Inapplicable ; Inapplicable ; Pass         ; Inapplicable ; Inapplicable ; Pass         ; Inapplicable ; Inapplicable ; Inapplicable ; Inapplicable ; Inapplicable ; Inapplicable ; Inapplicable ; Inapplicable ; Inapplicable ; Pass      ; Inapplicable ; Inapplicable ;
; HADDR2[18]         ; Inapplicable ; Inapplicable ; Inapplicable ; Inapplicable ; Inapplicable ; Pass      ; Inapplicable ; Inapplicable ; Pass      ; Pass      ; Inapplicable ; Inapplicable ; Inapplicable ; Inapplicable ; Pass         ; Inapplicable ; Inapplicable ; Pass         ; Inapplicable ; Inapplicable ; Inapplicable ; Inapplicable ; Inapplicable ; Inapplicable ; Inapplicable ; Inapplicable ; Inapplicable ; Pass      ; Inapplicable ; Inapplicable ;
; HADDR2[19]         ; Inapplicable ; Inapplicable ; Inapplicable ; Inapplicable ; Inapplicable ; Pass      ; Inapplicable ; Inapplicable ; Pass      ; Pass      ; Inapplicable ; Inapplicable ; Inapplicable ; Inapplicable ; Pass         ; Inapplicable ; Inapplicable ; Pass         ; Inapplicable ; Inapplicable ; Inapplicable ; Inapplicable ; Inapplicable ; Inapplicable ; Inapplicable ; Inapplicable ; Inapplicable ; Pass      ; Inapplicable ; Inapplicable ;
; HADDR1[21]         ; Inapplicable ; Inapplicable ; Inapplicable ; Inapplicable ; Inapplicable ; Pass      ; Inapplicable ; Inapplicable ; Pass      ; Pass      ; Inapplicable ; Inapplicable ; Inapplicable ; Inapplicable ; Pass         ; Inapplicable ; Inapplicable ; Pass         ; Inapplicable ; Inapplicable ; Inapplicable ; Inapplicable ; Inapplicable ; Inapplicable ; Inapplicable ; Inapplicable ; Inapplicable ; Pass      ; Inapplicable ; Inapplicable ;
; HADDR1[30]         ; Inapplicable ; Inapplicable ; Inapplicable ; Inapplicable ; Inapplicable ; Pass      ; Inapplicable ; Inapplicable ; Pass      ; Pass      ; Inapplicable ; Inapplicable ; Inapplicable ; Inapplicable ; Pass         ; Inapplicable ; Inapplicable ; Pass         ; Inapplicable ; Inapplicable ; Inapplicable ; Inapplicable ; Inapplicable ; Inapplicable ; Inapplicable ; Inapplicable ; Inapplicable ; Pass      ; Inapplicable ; Inapplicable ;
; HADDR1[23]         ; Inapplicable ; Inapplicable ; Inapplicable ; Inapplicable ; Inapplicable ; Pass      ; Inapplicable ; Inapplicable ; Pass      ; Pass      ; Inapplicable ; Inapplicable ; Inapplicable ; Inapplicable ; Pass         ; Inapplicable ; Inapplicable ; Pass         ; Inapplicable ; Inapplicable ; Inapplicable ; Inapplicable ; Inapplicable ; Inapplicable ; Inapplicable ; Inapplicable ; Inapplicable ; Pass      ; Inapplicable ; Inapplicable ;
; HADDR1[18]         ; Inapplicable ; Inapplicable ; Inapplicable ; Inapplicable ; Inapplicable ; Pass      ; Inapplicable ; Inapplicable ; Pass      ; Pass      ; Inapplicable ; Inapplicable ; Inapplicable ; Inapplicable ; Pass         ; Inapplicable ; Inapplicable ; Pass         ; Inapplicable ; Inapplicable ; Inapplicable ; Inapplicable ; Inapplicable ; Inapplicable ; Inapplicable ; Inapplicable ; Inapplicable ; Pass      ; Inapplicable ; Inapplicable ;
; HADDR1[19]         ; Inapplicable ; Inapplicable ; Inapplicable ; Inapplicable ; Inapplicable ; Pass      ; Inapplicable ; Inapplicable ; Pass      ; Pass      ; Inapplicable ; Inapplicable ; Inapplicable ; Inapplicable ; Pass         ; Inapplicable ; Inapplicable ; Pass         ; Inapplicable ; Inapplicable ; Inapplicable ; Inapplicable ; Inapplicable ; Inapplicable ; Inapplicable ; Inapplicable ; Inapplicable ; Pass      ; Inapplicable ; Inapplicable ;
; HADDR1[20]         ; Inapplicable ; Inapplicable ; Inapplicable ; Inapplicable ; Inapplicable ; Pass      ; Inapplicable ; Inapplicable ; Pass      ; Pass      ; Inapplicable ; Inapplicable ; Inapplicable ; Inapplicable ; Pass         ; Inapplicable ; Inapplicable ; Pass         ; Inapplicable ; Inapplicable ; Inapplicable ; Inapplicable ; Inapplicable ; Inapplicable ; Inapplicable ; Inapplicable ; Inapplicable ; Pass      ; Inapplicable ; Inapplicable ;
; HADDR2[20]         ; Inapplicable ; Inapplicable ; Inapplicable ; Inapplicable ; Inapplicable ; Pass      ; Inapplicable ; Inapplicable ; Pass      ; Pass      ; Inapplicable ; Inapplicable ; Inapplicable ; Inapplicable ; Pass         ; Inapplicable ; Inapplicable ; Pass         ; Inapplicable ; Inapplicable ; Inapplicable ; Inapplicable ; Inapplicable ; Inapplicable ; Inapplicable ; Inapplicable ; Inapplicable ; Pass      ; Inapplicable ; Inapplicable ;
; HADDR2[21]         ; Inapplicable ; Inapplicable ; Inapplicable ; Inapplicable ; Inapplicable ; Pass      ; Inapplicable ; Inapplicable ; Pass      ; Pass      ; Inapplicable ; Inapplicable ; Inapplicable ; Inapplicable ; Pass         ; Inapplicable ; Inapplicable ; Pass         ; Inapplicable ; Inapplicable ; Inapplicable ; Inapplicable ; Inapplicable ; Inapplicable ; Inapplicable ; Inapplicable ; Inapplicable ; Pass      ; Inapplicable ; Inapplicable ;
; HADDR2[27]         ; Inapplicable ; Inapplicable ; Inapplicable ; Inapplicable ; Inapplicable ; Pass      ; Inapplicable ; Inapplicable ; Pass      ; Pass      ; Inapplicable ; Inapplicable ; Inapplicable ; Inapplicable ; Pass         ; Inapplicable ; Inapplicable ; Pass         ; Inapplicable ; Inapplicable ; Inapplicable ; Inapplicable ; Inapplicable ; Inapplicable ; Inapplicable ; Inapplicable ; Inapplicable ; Pass      ; Inapplicable ; Inapplicable ;
; HADDR2[25]         ; Inapplicable ; Inapplicable ; Inapplicable ; Inapplicable ; Inapplicable ; Pass      ; Inapplicable ; Inapplicable ; Pass      ; Pass      ; Inapplicable ; Inapplicable ; Inapplicable ; Inapplicable ; Pass         ; Inapplicable ; Inapplicable ; Pass         ; Inapplicable ; Inapplicable ; Inapplicable ; Inapplicable ; Inapplicable ; Inapplicable ; Inapplicable ; Inapplicable ; Inapplicable ; Pass      ; Inapplicable ; Inapplicable ;
; HADDR2[31]         ; Inapplicable ; Inapplicable ; Inapplicable ; Inapplicable ; Inapplicable ; Pass      ; Inapplicable ; Inapplicable ; Pass      ; Pass      ; Inapplicable ; Inapplicable ; Inapplicable ; Inapplicable ; Pass         ; Inapplicable ; Inapplicable ; Pass         ; Inapplicable ; Inapplicable ; Inapplicable ; Inapplicable ; Inapplicable ; Inapplicable ; Inapplicable ; Inapplicable ; Inapplicable ; Pass      ; Inapplicable ; Inapplicable ;
; HADDR2[24]         ; Inapplicable ; Inapplicable ; Inapplicable ; Inapplicable ; Inapplicable ; Pass      ; Inapplicable ; Inapplicable ; Pass      ; Pass      ; Inapplicable ; Inapplicable ; Inapplicable ; Inapplicable ; Pass         ; Inapplicable ; Inapplicable ; Pass         ; Inapplicable ; Inapplicable ; Inapplicable ; Inapplicable ; Inapplicable ; Inapplicable ; Inapplicable ; Inapplicable ; Inapplicable ; Pass      ; Inapplicable ; Inapplicable ;
; HADDR1[22]         ; Inapplicable ; Inapplicable ; Inapplicable ; Inapplicable ; Inapplicable ; Pass      ; Inapplicable ; Inapplicable ; Pass      ; Pass      ; Inapplicable ; Inapplicable ; Inapplicable ; Inapplicable ; Pass         ; Inapplicable ; Inapplicable ; Pass         ; Inapplicable ; Inapplicable ; Inapplicable ; Inapplicable ; Inapplicable ; Inapplicable ; Inapplicable ; Inapplicable ; Inapplicable ; Pass      ; Inapplicable ; Inapplicable ;
; HADDR1[31]         ; Inapplicable ; Inapplicable ; Inapplicable ; Inapplicable ; Inapplicable ; Pass      ; Inapplicable ; Inapplicable ; Pass      ; Pass      ; Inapplicable ; Inapplicable ; Inapplicable ; Inapplicable ; Pass         ; Inapplicable ; Inapplicable ; Pass         ; Inapplicable ; Inapplicable ; Inapplicable ; Inapplicable ; Inapplicable ; Inapplicable ; Inapplicable ; Inapplicable ; Inapplicable ; Pass      ; Inapplicable ; Inapplicable ;
; HADDR1[27]         ; Inapplicable ; Inapplicable ; Inapplicable ; Inapplicable ; Inapplicable ; Pass      ; Inapplicable ; Inapplicable ; Pass      ; Pass      ; Inapplicable ; Inapplicable ; Inapplicable ; Inapplicable ; Pass         ; Inapplicable ; Inapplicable ; Pass         ; Inapplicable ; Inapplicable ; Inapplicable ; Inapplicable ; Inapplicable ; Inapplicable ; Inapplicable ; Inapplicable ; Inapplicable ; Pass      ; Inapplicable ; Inapplicable ;
; HADDR1[25]         ; Inapplicable ; Inapplicable ; Inapplicable ; Inapplicable ; Inapplicable ; Pass      ; Inapplicable ; Inapplicable ; Pass      ; Pass      ; Inapplicable ; Inapplicable ; Inapplicable ; Inapplicable ; Pass         ; Inapplicable ; Inapplicable ; Pass         ; Inapplicable ; Inapplicable ; Inapplicable ; Inapplicable ; Inapplicable ; Inapplicable ; Inapplicable ; Inapplicable ; Inapplicable ; Pass      ; Inapplicable ; Inapplicable ;
; HADDR1[26]         ; Inapplicable ; Inapplicable ; Inapplicable ; Inapplicable ; Inapplicable ; Pass      ; Inapplicable ; Inapplicable ; Pass      ; Pass      ; Inapplicable ; Inapplicable ; Inapplicable ; Inapplicable ; Pass         ; Inapplicable ; Inapplicable ; Pass         ; Inapplicable ; Inapplicable ; Inapplicable ; Inapplicable ; Inapplicable ; Inapplicable ; Inapplicable ; Inapplicable ; Inapplicable ; Pass      ; Inapplicable ; Inapplicable ;
; HADDR1[24]         ; Inapplicable ; Inapplicable ; Inapplicable ; Inapplicable ; Inapplicable ; Pass      ; Inapplicable ; Inapplicable ; Pass      ; Pass      ; Inapplicable ; Inapplicable ; Inapplicable ; Inapplicable ; Pass         ; Inapplicable ; Inapplicable ; Pass         ; Inapplicable ; Inapplicable ; Inapplicable ; Inapplicable ; Inapplicable ; Inapplicable ; Inapplicable ; Inapplicable ; Inapplicable ; Pass      ; Inapplicable ; Inapplicable ;
; HADDR2[22]         ; Inapplicable ; Inapplicable ; Inapplicable ; Inapplicable ; Inapplicable ; Pass      ; Inapplicable ; Inapplicable ; Pass      ; Pass      ; Inapplicable ; Inapplicable ; Inapplicable ; Inapplicable ; Pass         ; Inapplicable ; Inapplicable ; Pass         ; Inapplicable ; Inapplicable ; Inapplicable ; Inapplicable ; Inapplicable ; Inapplicable ; Inapplicable ; Inapplicable ; Inapplicable ; Pass      ; Inapplicable ; Inapplicable ;
; HADDR2[26]         ; Inapplicable ; Inapplicable ; Inapplicable ; Inapplicable ; Inapplicable ; Pass      ; Inapplicable ; Inapplicable ; Pass      ; Pass      ; Inapplicable ; Inapplicable ; Inapplicable ; Inapplicable ; Pass         ; Inapplicable ; Inapplicable ; Pass         ; Inapplicable ; Inapplicable ; Inapplicable ; Inapplicable ; Inapplicable ; Inapplicable ; Inapplicable ; Inapplicable ; Inapplicable ; Pass      ; Inapplicable ; Inapplicable ;
; HADDR2[29]         ; Inapplicable ; Inapplicable ; Inapplicable ; Inapplicable ; Inapplicable ; Pass      ; Inapplicable ; Inapplicable ; Pass      ; Pass      ; Inapplicable ; Inapplicable ; Inapplicable ; Inapplicable ; Pass         ; Inapplicable ; Inapplicable ; Pass         ; Inapplicable ; Inapplicable ; Inapplicable ; Inapplicable ; Inapplicable ; Inapplicable ; Inapplicable ; Inapplicable ; Inapplicable ; Pass      ; Inapplicable ; Inapplicable ;
; HADDR2[28]         ; Inapplicable ; Inapplicable ; Inapplicable ; Inapplicable ; Inapplicable ; Pass      ; Inapplicable ; Inapplicable ; Pass      ; Pass      ; Inapplicable ; Inapplicable ; Inapplicable ; Inapplicable ; Pass         ; Inapplicable ; Inapplicable ; Pass         ; Inapplicable ; Inapplicable ; Inapplicable ; Inapplicable ; Inapplicable ; Inapplicable ; Inapplicable ; Inapplicable ; Inapplicable ; Pass      ; Inapplicable ; Inapplicable ;
; HADDR1[28]         ; Inapplicable ; Inapplicable ; Inapplicable ; Inapplicable ; Inapplicable ; Pass      ; Inapplicable ; Inapplicable ; Pass      ; Pass      ; Inapplicable ; Inapplicable ; Inapplicable ; Inapplicable ; Pass         ; Inapplicable ; Inapplicable ; Pass         ; Inapplicable ; Inapplicable ; Inapplicable ; Inapplicable ; Inapplicable ; Inapplicable ; Inapplicable ; Inapplicable ; Inapplicable ; Pass      ; Inapplicable ; Inapplicable ;
; HADDR1[29]         ; Inapplicable ; Inapplicable ; Inapplicable ; Inapplicable ; Inapplicable ; Pass      ; Inapplicable ; Inapplicable ; Pass      ; Pass      ; Inapplicable ; Inapplicable ; Inapplicable ; Inapplicable ; Pass         ; Inapplicable ; Inapplicable ; Pass         ; Inapplicable ; Inapplicable ; Inapplicable ; Inapplicable ; Inapplicable ; Inapplicable ; Inapplicable ; Inapplicable ; Inapplicable ; Pass      ; Inapplicable ; Inapplicable ;
; HADDR1[16]         ; Inapplicable ; Inapplicable ; Inapplicable ; Inapplicable ; Inapplicable ; Pass      ; Inapplicable ; Inapplicable ; Pass      ; Pass      ; Inapplicable ; Inapplicable ; Inapplicable ; Inapplicable ; Pass         ; Inapplicable ; Inapplicable ; Pass         ; Inapplicable ; Inapplicable ; Inapplicable ; Inapplicable ; Inapplicable ; Inapplicable ; Inapplicable ; Inapplicable ; Inapplicable ; Pass      ; Inapplicable ; Inapplicable ;
; HADDR2[16]         ; Inapplicable ; Inapplicable ; Inapplicable ; Inapplicable ; Inapplicable ; Pass      ; Inapplicable ; Inapplicable ; Pass      ; Pass      ; Inapplicable ; Inapplicable ; Inapplicable ; Inapplicable ; Pass         ; Inapplicable ; Inapplicable ; Pass         ; Inapplicable ; Inapplicable ; Inapplicable ; Inapplicable ; Inapplicable ; Inapplicable ; Inapplicable ; Inapplicable ; Inapplicable ; Pass      ; Inapplicable ; Inapplicable ;
; GPIO_IN[0]         ; Inapplicable ; Inapplicable ; Inapplicable ; Inapplicable ; Inapplicable ; Pass      ; Inapplicable ; Inapplicable ; Pass      ; Pass      ; Inapplicable ; Inapplicable ; Inapplicable ; Inapplicable ; Pass         ; Inapplicable ; Inapplicable ; Pass         ; Inapplicable ; Inapplicable ; Inapplicable ; Inapplicable ; Inapplicable ; Inapplicable ; Inapplicable ; Inapplicable ; Inapplicable ; Pass      ; Inapplicable ; Inapplicable ;
; GPIO_IN[1]         ; Inapplicable ; Inapplicable ; Inapplicable ; Inapplicable ; Inapplicable ; Pass      ; Inapplicable ; Inapplicable ; Pass      ; Pass      ; Inapplicable ; Inapplicable ; Inapplicable ; Inapplicable ; Pass         ; Inapplicable ; Inapplicable ; Pass         ; Inapplicable ; Inapplicable ; Inapplicable ; Inapplicable ; Inapplicable ; Inapplicable ; Inapplicable ; Inapplicable ; Inapplicable ; Pass      ; Inapplicable ; Inapplicable ;
; GPIO_IN[2]         ; Inapplicable ; Inapplicable ; Inapplicable ; Inapplicable ; Inapplicable ; Pass      ; Inapplicable ; Inapplicable ; Pass      ; Pass      ; Inapplicable ; Inapplicable ; Inapplicable ; Inapplicable ; Pass         ; Inapplicable ; Inapplicable ; Pass         ; Inapplicable ; Inapplicable ; Inapplicable ; Inapplicable ; Inapplicable ; Inapplicable ; Inapplicable ; Inapplicable ; Inapplicable ; Pass      ; Inapplicable ; Inapplicable ;
; GPIO_IN[3]         ; Inapplicable ; Inapplicable ; Inapplicable ; Inapplicable ; Inapplicable ; Pass      ; Inapplicable ; Inapplicable ; Pass      ; Pass      ; Inapplicable ; Inapplicable ; Inapplicable ; Inapplicable ; Pass         ; Inapplicable ; Inapplicable ; Pass         ; Inapplicable ; Inapplicable ; Inapplicable ; Inapplicable ; Inapplicable ; Inapplicable ; Inapplicable ; Inapplicable ; Inapplicable ; Pass      ; Inapplicable ; Inapplicable ;
; GPIO_IN[4]         ; Inapplicable ; Inapplicable ; Inapplicable ; Inapplicable ; Inapplicable ; Pass      ; Inapplicable ; Inapplicable ; Pass      ; Pass      ; Inapplicable ; Inapplicable ; Inapplicable ; Inapplicable ; Pass         ; Inapplicable ; Inapplicable ; Pass         ; Inapplicable ; Inapplicable ; Inapplicable ; Inapplicable ; Inapplicable ; Inapplicable ; Inapplicable ; Inapplicable ; Inapplicable ; Pass      ; Inapplicable ; Inapplicable ;
; GPIO_IN[5]         ; Inapplicable ; Inapplicable ; Inapplicable ; Inapplicable ; Inapplicable ; Pass      ; Inapplicable ; Inapplicable ; Pass      ; Pass      ; Inapplicable ; Inapplicable ; Inapplicable ; Inapplicable ; Pass         ; Inapplicable ; Inapplicable ; Pass         ; Inapplicable ; Inapplicable ; Inapplicable ; Inapplicable ; Inapplicable ; Inapplicable ; Inapplicable ; Inapplicable ; Inapplicable ; Pass      ; Inapplicable ; Inapplicable ;
; GPIO_IN[6]         ; Inapplicable ; Inapplicable ; Inapplicable ; Inapplicable ; Inapplicable ; Pass      ; Inapplicable ; Inapplicable ; Pass      ; Pass      ; Inapplicable ; Inapplicable ; Inapplicable ; Inapplicable ; Pass         ; Inapplicable ; Inapplicable ; Pass         ; Inapplicable ; Inapplicable ; Inapplicable ; Inapplicable ; Inapplicable ; Inapplicable ; Inapplicable ; Inapplicable ; Inapplicable ; Pass      ; Inapplicable ; Inapplicable ;
; GPIO_IN[7]         ; Inapplicable ; Inapplicable ; Inapplicable ; Inapplicable ; Inapplicable ; Pass      ; Inapplicable ; Inapplicable ; Pass      ; Pass      ; Inapplicable ; Inapplicable ; Inapplicable ; Inapplicable ; Pass         ; Inapplicable ; Inapplicable ; Pass         ; Inapplicable ; Inapplicable ; Inapplicable ; Inapplicable ; Inapplicable ; Inapplicable ; Inapplicable ; Inapplicable ; Inapplicable ; Pass      ; Inapplicable ; Inapplicable ;
; HBUSREQ1           ; Inapplicable ; Inapplicable ; Inapplicable ; Inapplicable ; Inapplicable ; Pass      ; Inapplicable ; Inapplicable ; Pass      ; Pass      ; Inapplicable ; Inapplicable ; Inapplicable ; Inapplicable ; Pass         ; Inapplicable ; Inapplicable ; Pass         ; Inapplicable ; Inapplicable ; Inapplicable ; Inapplicable ; Inapplicable ; Inapplicable ; Inapplicable ; Inapplicable ; Inapplicable ; Pass      ; Inapplicable ; Inapplicable ;
; HCLK               ; Inapplicable ; Inapplicable ; Inapplicable ; Inapplicable ; Inapplicable ; Pass      ; Inapplicable ; Inapplicable ; Pass      ; Pass      ; Inapplicable ; Inapplicable ; Inapplicable ; Inapplicable ; Pass         ; Inapplicable ; Inapplicable ; Pass         ; Inapplicable ; Inapplicable ; Inapplicable ; Inapplicable ; Inapplicable ; Inapplicable ; Inapplicable ; Inapplicable ; Inapplicable ; Pass      ; Inapplicable ; Inapplicable ;
; HRESETn            ; Inapplicable ; Inapplicable ; Inapplicable ; Inapplicable ; Inapplicable ; Pass      ; Inapplicable ; Inapplicable ; Pass      ; Pass      ; Inapplicable ; Inapplicable ; Inapplicable ; Inapplicable ; Pass         ; Inapplicable ; Inapplicable ; Pass         ; Inapplicable ; Inapplicable ; Inapplicable ; Inapplicable ; Inapplicable ; Inapplicable ; Inapplicable ; Inapplicable ; Inapplicable ; Pass      ; Inapplicable ; Inapplicable ;
; HWRITE1            ; Inapplicable ; Inapplicable ; Inapplicable ; Inapplicable ; Inapplicable ; Pass      ; Inapplicable ; Inapplicable ; Pass      ; Pass      ; Inapplicable ; Inapplicable ; Inapplicable ; Inapplicable ; Pass         ; Inapplicable ; Inapplicable ; Pass         ; Inapplicable ; Inapplicable ; Inapplicable ; Inapplicable ; Inapplicable ; Inapplicable ; Inapplicable ; Inapplicable ; Inapplicable ; Pass      ; Inapplicable ; Inapplicable ;
; HWRITE2            ; Inapplicable ; Inapplicable ; Inapplicable ; Inapplicable ; Inapplicable ; Pass      ; Inapplicable ; Inapplicable ; Pass      ; Pass      ; Inapplicable ; Inapplicable ; Inapplicable ; Inapplicable ; Pass         ; Inapplicable ; Inapplicable ; Pass         ; Inapplicable ; Inapplicable ; Inapplicable ; Inapplicable ; Inapplicable ; Inapplicable ; Inapplicable ; Inapplicable ; Inapplicable ; Pass      ; Inapplicable ; Inapplicable ;
; HADDR1[0]          ; Inapplicable ; Inapplicable ; Inapplicable ; Inapplicable ; Inapplicable ; Pass      ; Inapplicable ; Inapplicable ; Pass      ; Pass      ; Inapplicable ; Inapplicable ; Inapplicable ; Inapplicable ; Pass         ; Inapplicable ; Inapplicable ; Pass         ; Inapplicable ; Inapplicable ; Inapplicable ; Inapplicable ; Inapplicable ; Inapplicable ; Inapplicable ; Inapplicable ; Inapplicable ; Pass      ; Inapplicable ; Inapplicable ;
; HADDR2[0]          ; Inapplicable ; Inapplicable ; Inapplicable ; Inapplicable ; Inapplicable ; Pass      ; Inapplicable ; Inapplicable ; Pass      ; Pass      ; Inapplicable ; Inapplicable ; Inapplicable ; Inapplicable ; Pass         ; Inapplicable ; Inapplicable ; Pass         ; Inapplicable ; Inapplicable ; Inapplicable ; Inapplicable ; Inapplicable ; Inapplicable ; Inapplicable ; Inapplicable ; Inapplicable ; Pass      ; Inapplicable ; Inapplicable ;
; HTRANS2[1]         ; Inapplicable ; Inapplicable ; Inapplicable ; Inapplicable ; Inapplicable ; Pass      ; Inapplicable ; Inapplicable ; Pass      ; Pass      ; Inapplicable ; Inapplicable ; Inapplicable ; Inapplicable ; Pass         ; Inapplicable ; Inapplicable ; Pass         ; Inapplicable ; Inapplicable ; Inapplicable ; Inapplicable ; Inapplicable ; Inapplicable ; Inapplicable ; Inapplicable ; Inapplicable ; Pass      ; Inapplicable ; Inapplicable ;
; HTRANS1[1]         ; Inapplicable ; Inapplicable ; Inapplicable ; Inapplicable ; Inapplicable ; Pass      ; Inapplicable ; Inapplicable ; Pass      ; Pass      ; Inapplicable ; Inapplicable ; Inapplicable ; Inapplicable ; Pass         ; Inapplicable ; Inapplicable ; Pass         ; Inapplicable ; Inapplicable ; Inapplicable ; Inapplicable ; Inapplicable ; Inapplicable ; Inapplicable ; Inapplicable ; Inapplicable ; Pass      ; Inapplicable ; Inapplicable ;
; HADDR1[11]         ; Inapplicable ; Inapplicable ; Inapplicable ; Inapplicable ; Inapplicable ; Pass      ; Inapplicable ; Inapplicable ; Pass      ; Pass      ; Inapplicable ; Inapplicable ; Inapplicable ; Inapplicable ; Pass         ; Inapplicable ; Inapplicable ; Pass         ; Inapplicable ; Inapplicable ; Inapplicable ; Inapplicable ; Inapplicable ; Inapplicable ; Inapplicable ; Inapplicable ; Inapplicable ; Pass      ; Inapplicable ; Inapplicable ;
; HADDR2[11]         ; Inapplicable ; Inapplicable ; Inapplicable ; Inapplicable ; Inapplicable ; Pass      ; Inapplicable ; Inapplicable ; Pass      ; Pass      ; Inapplicable ; Inapplicable ; Inapplicable ; Inapplicable ; Pass         ; Inapplicable ; Inapplicable ; Pass         ; Inapplicable ; Inapplicable ; Inapplicable ; Inapplicable ; Inapplicable ; Inapplicable ; Inapplicable ; Inapplicable ; Inapplicable ; Pass      ; Inapplicable ; Inapplicable ;
; HADDR1[10]         ; Inapplicable ; Inapplicable ; Inapplicable ; Inapplicable ; Inapplicable ; Pass      ; Inapplicable ; Inapplicable ; Pass      ; Pass      ; Inapplicable ; Inapplicable ; Inapplicable ; Inapplicable ; Pass         ; Inapplicable ; Inapplicable ; Pass         ; Inapplicable ; Inapplicable ; Inapplicable ; Inapplicable ; Inapplicable ; Inapplicable ; Inapplicable ; Inapplicable ; Inapplicable ; Pass      ; Inapplicable ; Inapplicable ;
; HADDR2[10]         ; Inapplicable ; Inapplicable ; Inapplicable ; Inapplicable ; Inapplicable ; Pass      ; Inapplicable ; Inapplicable ; Pass      ; Pass      ; Inapplicable ; Inapplicable ; Inapplicable ; Inapplicable ; Pass         ; Inapplicable ; Inapplicable ; Pass         ; Inapplicable ; Inapplicable ; Inapplicable ; Inapplicable ; Inapplicable ; Inapplicable ; Inapplicable ; Inapplicable ; Inapplicable ; Pass      ; Inapplicable ; Inapplicable ;
; HADDR1[9]          ; Inapplicable ; Inapplicable ; Inapplicable ; Inapplicable ; Inapplicable ; Pass      ; Inapplicable ; Inapplicable ; Pass      ; Pass      ; Inapplicable ; Inapplicable ; Inapplicable ; Inapplicable ; Pass         ; Inapplicable ; Inapplicable ; Pass         ; Inapplicable ; Inapplicable ; Inapplicable ; Inapplicable ; Inapplicable ; Inapplicable ; Inapplicable ; Inapplicable ; Inapplicable ; Pass      ; Inapplicable ; Inapplicable ;
; HADDR2[9]          ; Inapplicable ; Inapplicable ; Inapplicable ; Inapplicable ; Inapplicable ; Pass      ; Inapplicable ; Inapplicable ; Pass      ; Pass      ; Inapplicable ; Inapplicable ; Inapplicable ; Inapplicable ; Pass         ; Inapplicable ; Inapplicable ; Pass         ; Inapplicable ; Inapplicable ; Inapplicable ; Inapplicable ; Inapplicable ; Inapplicable ; Inapplicable ; Inapplicable ; Inapplicable ; Pass      ; Inapplicable ; Inapplicable ;
; HADDR1[8]          ; Inapplicable ; Inapplicable ; Inapplicable ; Inapplicable ; Inapplicable ; Pass      ; Inapplicable ; Inapplicable ; Pass      ; Pass      ; Inapplicable ; Inapplicable ; Inapplicable ; Inapplicable ; Pass         ; Inapplicable ; Inapplicable ; Pass         ; Inapplicable ; Inapplicable ; Inapplicable ; Inapplicable ; Inapplicable ; Inapplicable ; Inapplicable ; Inapplicable ; Inapplicable ; Pass      ; Inapplicable ; Inapplicable ;
; HADDR2[8]          ; Inapplicable ; Inapplicable ; Inapplicable ; Inapplicable ; Inapplicable ; Pass      ; Inapplicable ; Inapplicable ; Pass      ; Pass      ; Inapplicable ; Inapplicable ; Inapplicable ; Inapplicable ; Pass         ; Inapplicable ; Inapplicable ; Pass         ; Inapplicable ; Inapplicable ; Inapplicable ; Inapplicable ; Inapplicable ; Inapplicable ; Inapplicable ; Inapplicable ; Inapplicable ; Pass      ; Inapplicable ; Inapplicable ;
; HADDR1[7]          ; Inapplicable ; Inapplicable ; Inapplicable ; Inapplicable ; Inapplicable ; Pass      ; Inapplicable ; Inapplicable ; Pass      ; Pass      ; Inapplicable ; Inapplicable ; Inapplicable ; Inapplicable ; Pass         ; Inapplicable ; Inapplicable ; Pass         ; Inapplicable ; Inapplicable ; Inapplicable ; Inapplicable ; Inapplicable ; Inapplicable ; Inapplicable ; Inapplicable ; Inapplicable ; Pass      ; Inapplicable ; Inapplicable ;
; HADDR2[7]          ; Inapplicable ; Inapplicable ; Inapplicable ; Inapplicable ; Inapplicable ; Pass      ; Inapplicable ; Inapplicable ; Pass      ; Pass      ; Inapplicable ; Inapplicable ; Inapplicable ; Inapplicable ; Pass         ; Inapplicable ; Inapplicable ; Pass         ; Inapplicable ; Inapplicable ; Inapplicable ; Inapplicable ; Inapplicable ; Inapplicable ; Inapplicable ; Inapplicable ; Inapplicable ; Pass      ; Inapplicable ; Inapplicable ;
; HADDR1[6]          ; Inapplicable ; Inapplicable ; Inapplicable ; Inapplicable ; Inapplicable ; Pass      ; Inapplicable ; Inapplicable ; Pass      ; Pass      ; Inapplicable ; Inapplicable ; Inapplicable ; Inapplicable ; Pass         ; Inapplicable ; Inapplicable ; Pass         ; Inapplicable ; Inapplicable ; Inapplicable ; Inapplicable ; Inapplicable ; Inapplicable ; Inapplicable ; Inapplicable ; Inapplicable ; Pass      ; Inapplicable ; Inapplicable ;
; HADDR2[6]          ; Inapplicable ; Inapplicable ; Inapplicable ; Inapplicable ; Inapplicable ; Pass      ; Inapplicable ; Inapplicable ; Pass      ; Pass      ; Inapplicable ; Inapplicable ; Inapplicable ; Inapplicable ; Pass         ; Inapplicable ; Inapplicable ; Pass         ; Inapplicable ; Inapplicable ; Inapplicable ; Inapplicable ; Inapplicable ; Inapplicable ; Inapplicable ; Inapplicable ; Inapplicable ; Pass      ; Inapplicable ; Inapplicable ;
; HADDR1[5]          ; Inapplicable ; Inapplicable ; Inapplicable ; Inapplicable ; Inapplicable ; Pass      ; Inapplicable ; Inapplicable ; Pass      ; Pass      ; Inapplicable ; Inapplicable ; Inapplicable ; Inapplicable ; Pass         ; Inapplicable ; Inapplicable ; Pass         ; Inapplicable ; Inapplicable ; Inapplicable ; Inapplicable ; Inapplicable ; Inapplicable ; Inapplicable ; Inapplicable ; Inapplicable ; Pass      ; Inapplicable ; Inapplicable ;
; HADDR2[5]          ; Inapplicable ; Inapplicable ; Inapplicable ; Inapplicable ; Inapplicable ; Pass      ; Inapplicable ; Inapplicable ; Pass      ; Pass      ; Inapplicable ; Inapplicable ; Inapplicable ; Inapplicable ; Pass         ; Inapplicable ; Inapplicable ; Pass         ; Inapplicable ; Inapplicable ; Inapplicable ; Inapplicable ; Inapplicable ; Inapplicable ; Inapplicable ; Inapplicable ; Inapplicable ; Pass      ; Inapplicable ; Inapplicable ;
; HADDR1[1]          ; Inapplicable ; Inapplicable ; Inapplicable ; Inapplicable ; Inapplicable ; Pass      ; Inapplicable ; Inapplicable ; Pass      ; Pass      ; Inapplicable ; Inapplicable ; Inapplicable ; Inapplicable ; Pass         ; Inapplicable ; Inapplicable ; Pass         ; Inapplicable ; Inapplicable ; Inapplicable ; Inapplicable ; Inapplicable ; Inapplicable ; Inapplicable ; Inapplicable ; Inapplicable ; Pass      ; Inapplicable ; Inapplicable ;
; HADDR2[1]          ; Inapplicable ; Inapplicable ; Inapplicable ; Inapplicable ; Inapplicable ; Pass      ; Inapplicable ; Inapplicable ; Pass      ; Pass      ; Inapplicable ; Inapplicable ; Inapplicable ; Inapplicable ; Pass         ; Inapplicable ; Inapplicable ; Pass         ; Inapplicable ; Inapplicable ; Inapplicable ; Inapplicable ; Inapplicable ; Inapplicable ; Inapplicable ; Inapplicable ; Inapplicable ; Pass      ; Inapplicable ; Inapplicable ;
; HADDR1[15]         ; Inapplicable ; Inapplicable ; Inapplicable ; Inapplicable ; Inapplicable ; Pass      ; Inapplicable ; Inapplicable ; Pass      ; Pass      ; Inapplicable ; Inapplicable ; Inapplicable ; Inapplicable ; Pass         ; Inapplicable ; Inapplicable ; Pass         ; Inapplicable ; Inapplicable ; Inapplicable ; Inapplicable ; Inapplicable ; Inapplicable ; Inapplicable ; Inapplicable ; Inapplicable ; Pass      ; Inapplicable ; Inapplicable ;
; HADDR2[15]         ; Inapplicable ; Inapplicable ; Inapplicable ; Inapplicable ; Inapplicable ; Pass      ; Inapplicable ; Inapplicable ; Pass      ; Pass      ; Inapplicable ; Inapplicable ; Inapplicable ; Inapplicable ; Pass         ; Inapplicable ; Inapplicable ; Pass         ; Inapplicable ; Inapplicable ; Inapplicable ; Inapplicable ; Inapplicable ; Inapplicable ; Inapplicable ; Inapplicable ; Inapplicable ; Pass      ; Inapplicable ; Inapplicable ;
; HADDR1[14]         ; Inapplicable ; Inapplicable ; Inapplicable ; Inapplicable ; Inapplicable ; Pass      ; Inapplicable ; Inapplicable ; Pass      ; Pass      ; Inapplicable ; Inapplicable ; Inapplicable ; Inapplicable ; Pass         ; Inapplicable ; Inapplicable ; Pass         ; Inapplicable ; Inapplicable ; Inapplicable ; Inapplicable ; Inapplicable ; Inapplicable ; Inapplicable ; Inapplicable ; Inapplicable ; Pass      ; Inapplicable ; Inapplicable ;
; HADDR2[14]         ; Inapplicable ; Inapplicable ; Inapplicable ; Inapplicable ; Inapplicable ; Pass      ; Inapplicable ; Inapplicable ; Pass      ; Pass      ; Inapplicable ; Inapplicable ; Inapplicable ; Inapplicable ; Pass         ; Inapplicable ; Inapplicable ; Pass         ; Inapplicable ; Inapplicable ; Inapplicable ; Inapplicable ; Inapplicable ; Inapplicable ; Inapplicable ; Inapplicable ; Inapplicable ; Pass      ; Inapplicable ; Inapplicable ;
; HADDR1[13]         ; Inapplicable ; Inapplicable ; Inapplicable ; Inapplicable ; Inapplicable ; Pass      ; Inapplicable ; Inapplicable ; Pass      ; Pass      ; Inapplicable ; Inapplicable ; Inapplicable ; Inapplicable ; Pass         ; Inapplicable ; Inapplicable ; Pass         ; Inapplicable ; Inapplicable ; Inapplicable ; Inapplicable ; Inapplicable ; Inapplicable ; Inapplicable ; Inapplicable ; Inapplicable ; Pass      ; Inapplicable ; Inapplicable ;
; HADDR2[13]         ; Inapplicable ; Inapplicable ; Inapplicable ; Inapplicable ; Inapplicable ; Pass      ; Inapplicable ; Inapplicable ; Pass      ; Pass      ; Inapplicable ; Inapplicable ; Inapplicable ; Inapplicable ; Pass         ; Inapplicable ; Inapplicable ; Pass         ; Inapplicable ; Inapplicable ; Inapplicable ; Inapplicable ; Inapplicable ; Inapplicable ; Inapplicable ; Inapplicable ; Inapplicable ; Pass      ; Inapplicable ; Inapplicable ;
; HADDR1[12]         ; Inapplicable ; Inapplicable ; Inapplicable ; Inapplicable ; Inapplicable ; Pass      ; Inapplicable ; Inapplicable ; Pass      ; Pass      ; Inapplicable ; Inapplicable ; Inapplicable ; Inapplicable ; Pass         ; Inapplicable ; Inapplicable ; Pass         ; Inapplicable ; Inapplicable ; Inapplicable ; Inapplicable ; Inapplicable ; Inapplicable ; Inapplicable ; Inapplicable ; Inapplicable ; Pass      ; Inapplicable ; Inapplicable ;
; HADDR2[12]         ; Inapplicable ; Inapplicable ; Inapplicable ; Inapplicable ; Inapplicable ; Pass      ; Inapplicable ; Inapplicable ; Pass      ; Pass      ; Inapplicable ; Inapplicable ; Inapplicable ; Inapplicable ; Pass         ; Inapplicable ; Inapplicable ; Pass         ; Inapplicable ; Inapplicable ; Inapplicable ; Inapplicable ; Inapplicable ; Inapplicable ; Inapplicable ; Inapplicable ; Inapplicable ; Pass      ; Inapplicable ; Inapplicable ;
; HADDR1[3]          ; Inapplicable ; Inapplicable ; Inapplicable ; Inapplicable ; Inapplicable ; Pass      ; Inapplicable ; Inapplicable ; Pass      ; Pass      ; Inapplicable ; Inapplicable ; Inapplicable ; Inapplicable ; Pass         ; Inapplicable ; Inapplicable ; Pass         ; Inapplicable ; Inapplicable ; Inapplicable ; Inapplicable ; Inapplicable ; Inapplicable ; Inapplicable ; Inapplicable ; Inapplicable ; Pass      ; Inapplicable ; Inapplicable ;
; HADDR2[3]          ; Inapplicable ; Inapplicable ; Inapplicable ; Inapplicable ; Inapplicable ; Pass      ; Inapplicable ; Inapplicable ; Pass      ; Pass      ; Inapplicable ; Inapplicable ; Inapplicable ; Inapplicable ; Pass         ; Inapplicable ; Inapplicable ; Pass         ; Inapplicable ; Inapplicable ; Inapplicable ; Inapplicable ; Inapplicable ; Inapplicable ; Inapplicable ; Inapplicable ; Inapplicable ; Pass      ; Inapplicable ; Inapplicable ;
; HADDR1[2]          ; Inapplicable ; Inapplicable ; Inapplicable ; Inapplicable ; Inapplicable ; Pass      ; Inapplicable ; Inapplicable ; Pass      ; Pass      ; Inapplicable ; Inapplicable ; Inapplicable ; Inapplicable ; Pass         ; Inapplicable ; Inapplicable ; Pass         ; Inapplicable ; Inapplicable ; Inapplicable ; Inapplicable ; Inapplicable ; Inapplicable ; Inapplicable ; Inapplicable ; Inapplicable ; Pass      ; Inapplicable ; Inapplicable ;
; HADDR2[2]          ; Inapplicable ; Inapplicable ; Inapplicable ; Inapplicable ; Inapplicable ; Pass      ; Inapplicable ; Inapplicable ; Pass      ; Pass      ; Inapplicable ; Inapplicable ; Inapplicable ; Inapplicable ; Pass         ; Inapplicable ; Inapplicable ; Pass         ; Inapplicable ; Inapplicable ; Inapplicable ; Inapplicable ; Inapplicable ; Inapplicable ; Inapplicable ; Inapplicable ; Inapplicable ; Pass      ; Inapplicable ; Inapplicable ;
; HADDR1[4]          ; Inapplicable ; Inapplicable ; Inapplicable ; Inapplicable ; Inapplicable ; Pass      ; Inapplicable ; Inapplicable ; Pass      ; Pass      ; Inapplicable ; Inapplicable ; Inapplicable ; Inapplicable ; Pass         ; Inapplicable ; Inapplicable ; Pass         ; Inapplicable ; Inapplicable ; Inapplicable ; Inapplicable ; Inapplicable ; Inapplicable ; Inapplicable ; Inapplicable ; Inapplicable ; Pass      ; Inapplicable ; Inapplicable ;
; HADDR2[4]          ; Inapplicable ; Inapplicable ; Inapplicable ; Inapplicable ; Inapplicable ; Pass      ; Inapplicable ; Inapplicable ; Pass      ; Pass      ; Inapplicable ; Inapplicable ; Inapplicable ; Inapplicable ; Pass         ; Inapplicable ; Inapplicable ; Pass         ; Inapplicable ; Inapplicable ; Inapplicable ; Inapplicable ; Inapplicable ; Inapplicable ; Inapplicable ; Inapplicable ; Inapplicable ; Pass      ; Inapplicable ; Inapplicable ;
; HWDATA2[0]         ; Inapplicable ; Inapplicable ; Inapplicable ; Inapplicable ; Inapplicable ; Pass      ; Inapplicable ; Inapplicable ; Pass      ; Pass      ; Inapplicable ; Inapplicable ; Inapplicable ; Inapplicable ; Pass         ; Inapplicable ; Inapplicable ; Pass         ; Inapplicable ; Inapplicable ; Inapplicable ; Inapplicable ; Inapplicable ; Inapplicable ; Inapplicable ; Inapplicable ; Inapplicable ; Pass      ; Inapplicable ; Inapplicable ;
; HWDATA1[0]         ; Inapplicable ; Inapplicable ; Inapplicable ; Inapplicable ; Inapplicable ; Pass      ; Inapplicable ; Inapplicable ; Pass      ; Pass      ; Inapplicable ; Inapplicable ; Inapplicable ; Inapplicable ; Pass         ; Inapplicable ; Inapplicable ; Pass         ; Inapplicable ; Inapplicable ; Inapplicable ; Inapplicable ; Inapplicable ; Inapplicable ; Inapplicable ; Inapplicable ; Inapplicable ; Pass      ; Inapplicable ; Inapplicable ;
; HWDATA2[1]         ; Inapplicable ; Inapplicable ; Inapplicable ; Inapplicable ; Inapplicable ; Pass      ; Inapplicable ; Inapplicable ; Pass      ; Pass      ; Inapplicable ; Inapplicable ; Inapplicable ; Inapplicable ; Pass         ; Inapplicable ; Inapplicable ; Pass         ; Inapplicable ; Inapplicable ; Inapplicable ; Inapplicable ; Inapplicable ; Inapplicable ; Inapplicable ; Inapplicable ; Inapplicable ; Pass      ; Inapplicable ; Inapplicable ;
; HWDATA1[1]         ; Inapplicable ; Inapplicable ; Inapplicable ; Inapplicable ; Inapplicable ; Pass      ; Inapplicable ; Inapplicable ; Pass      ; Pass      ; Inapplicable ; Inapplicable ; Inapplicable ; Inapplicable ; Pass         ; Inapplicable ; Inapplicable ; Pass         ; Inapplicable ; Inapplicable ; Inapplicable ; Inapplicable ; Inapplicable ; Inapplicable ; Inapplicable ; Inapplicable ; Inapplicable ; Pass      ; Inapplicable ; Inapplicable ;
; HWDATA2[2]         ; Inapplicable ; Inapplicable ; Inapplicable ; Inapplicable ; Inapplicable ; Pass      ; Inapplicable ; Inapplicable ; Pass      ; Pass      ; Inapplicable ; Inapplicable ; Inapplicable ; Inapplicable ; Pass         ; Inapplicable ; Inapplicable ; Pass         ; Inapplicable ; Inapplicable ; Inapplicable ; Inapplicable ; Inapplicable ; Inapplicable ; Inapplicable ; Inapplicable ; Inapplicable ; Pass      ; Inapplicable ; Inapplicable ;
; HWDATA1[2]         ; Inapplicable ; Inapplicable ; Inapplicable ; Inapplicable ; Inapplicable ; Pass      ; Inapplicable ; Inapplicable ; Pass      ; Pass      ; Inapplicable ; Inapplicable ; Inapplicable ; Inapplicable ; Pass         ; Inapplicable ; Inapplicable ; Pass         ; Inapplicable ; Inapplicable ; Inapplicable ; Inapplicable ; Inapplicable ; Inapplicable ; Inapplicable ; Inapplicable ; Inapplicable ; Pass      ; Inapplicable ; Inapplicable ;
; HWDATA2[3]         ; Inapplicable ; Inapplicable ; Inapplicable ; Inapplicable ; Inapplicable ; Pass      ; Inapplicable ; Inapplicable ; Pass      ; Pass      ; Inapplicable ; Inapplicable ; Inapplicable ; Inapplicable ; Pass         ; Inapplicable ; Inapplicable ; Pass         ; Inapplicable ; Inapplicable ; Inapplicable ; Inapplicable ; Inapplicable ; Inapplicable ; Inapplicable ; Inapplicable ; Inapplicable ; Pass      ; Inapplicable ; Inapplicable ;
; HWDATA1[3]         ; Inapplicable ; Inapplicable ; Inapplicable ; Inapplicable ; Inapplicable ; Pass      ; Inapplicable ; Inapplicable ; Pass      ; Pass      ; Inapplicable ; Inapplicable ; Inapplicable ; Inapplicable ; Pass         ; Inapplicable ; Inapplicable ; Pass         ; Inapplicable ; Inapplicable ; Inapplicable ; Inapplicable ; Inapplicable ; Inapplicable ; Inapplicable ; Inapplicable ; Inapplicable ; Pass      ; Inapplicable ; Inapplicable ;
; HWDATA2[4]         ; Inapplicable ; Inapplicable ; Inapplicable ; Inapplicable ; Inapplicable ; Pass      ; Inapplicable ; Inapplicable ; Pass      ; Pass      ; Inapplicable ; Inapplicable ; Inapplicable ; Inapplicable ; Pass         ; Inapplicable ; Inapplicable ; Pass         ; Inapplicable ; Inapplicable ; Inapplicable ; Inapplicable ; Inapplicable ; Inapplicable ; Inapplicable ; Inapplicable ; Inapplicable ; Pass      ; Inapplicable ; Inapplicable ;
; HWDATA1[4]         ; Inapplicable ; Inapplicable ; Inapplicable ; Inapplicable ; Inapplicable ; Pass      ; Inapplicable ; Inapplicable ; Pass      ; Pass      ; Inapplicable ; Inapplicable ; Inapplicable ; Inapplicable ; Pass         ; Inapplicable ; Inapplicable ; Pass         ; Inapplicable ; Inapplicable ; Inapplicable ; Inapplicable ; Inapplicable ; Inapplicable ; Inapplicable ; Inapplicable ; Inapplicable ; Pass      ; Inapplicable ; Inapplicable ;
; HWDATA2[5]         ; Inapplicable ; Inapplicable ; Inapplicable ; Inapplicable ; Inapplicable ; Pass      ; Inapplicable ; Inapplicable ; Pass      ; Pass      ; Inapplicable ; Inapplicable ; Inapplicable ; Inapplicable ; Pass         ; Inapplicable ; Inapplicable ; Pass         ; Inapplicable ; Inapplicable ; Inapplicable ; Inapplicable ; Inapplicable ; Inapplicable ; Inapplicable ; Inapplicable ; Inapplicable ; Pass      ; Inapplicable ; Inapplicable ;
; HWDATA1[5]         ; Inapplicable ; Inapplicable ; Inapplicable ; Inapplicable ; Inapplicable ; Pass      ; Inapplicable ; Inapplicable ; Pass      ; Pass      ; Inapplicable ; Inapplicable ; Inapplicable ; Inapplicable ; Pass         ; Inapplicable ; Inapplicable ; Pass         ; Inapplicable ; Inapplicable ; Inapplicable ; Inapplicable ; Inapplicable ; Inapplicable ; Inapplicable ; Inapplicable ; Inapplicable ; Pass      ; Inapplicable ; Inapplicable ;
; HWDATA2[6]         ; Inapplicable ; Inapplicable ; Inapplicable ; Inapplicable ; Inapplicable ; Pass      ; Inapplicable ; Inapplicable ; Pass      ; Pass      ; Inapplicable ; Inapplicable ; Inapplicable ; Inapplicable ; Pass         ; Inapplicable ; Inapplicable ; Pass         ; Inapplicable ; Inapplicable ; Inapplicable ; Inapplicable ; Inapplicable ; Inapplicable ; Inapplicable ; Inapplicable ; Inapplicable ; Pass      ; Inapplicable ; Inapplicable ;
; HWDATA1[6]         ; Inapplicable ; Inapplicable ; Inapplicable ; Inapplicable ; Inapplicable ; Pass      ; Inapplicable ; Inapplicable ; Pass      ; Pass      ; Inapplicable ; Inapplicable ; Inapplicable ; Inapplicable ; Pass         ; Inapplicable ; Inapplicable ; Pass         ; Inapplicable ; Inapplicable ; Inapplicable ; Inapplicable ; Inapplicable ; Inapplicable ; Inapplicable ; Inapplicable ; Inapplicable ; Pass      ; Inapplicable ; Inapplicable ;
; HWDATA2[7]         ; Inapplicable ; Inapplicable ; Inapplicable ; Inapplicable ; Inapplicable ; Pass      ; Inapplicable ; Inapplicable ; Pass      ; Pass      ; Inapplicable ; Inapplicable ; Inapplicable ; Inapplicable ; Pass         ; Inapplicable ; Inapplicable ; Pass         ; Inapplicable ; Inapplicable ; Inapplicable ; Inapplicable ; Inapplicable ; Inapplicable ; Inapplicable ; Inapplicable ; Inapplicable ; Pass      ; Inapplicable ; Inapplicable ;
; HWDATA1[7]         ; Inapplicable ; Inapplicable ; Inapplicable ; Inapplicable ; Inapplicable ; Pass      ; Inapplicable ; Inapplicable ; Pass      ; Pass      ; Inapplicable ; Inapplicable ; Inapplicable ; Inapplicable ; Pass         ; Inapplicable ; Inapplicable ; Pass         ; Inapplicable ; Inapplicable ; Inapplicable ; Inapplicable ; Inapplicable ; Inapplicable ; Inapplicable ; Inapplicable ; Inapplicable ; Pass      ; Inapplicable ; Inapplicable ;
; HWDATA2[8]         ; Inapplicable ; Inapplicable ; Inapplicable ; Inapplicable ; Inapplicable ; Pass      ; Inapplicable ; Inapplicable ; Pass      ; Pass      ; Inapplicable ; Inapplicable ; Inapplicable ; Inapplicable ; Pass         ; Inapplicable ; Inapplicable ; Pass         ; Inapplicable ; Inapplicable ; Inapplicable ; Inapplicable ; Inapplicable ; Inapplicable ; Inapplicable ; Inapplicable ; Inapplicable ; Pass      ; Inapplicable ; Inapplicable ;
; HWDATA1[8]         ; Inapplicable ; Inapplicable ; Inapplicable ; Inapplicable ; Inapplicable ; Pass      ; Inapplicable ; Inapplicable ; Pass      ; Pass      ; Inapplicable ; Inapplicable ; Inapplicable ; Inapplicable ; Pass         ; Inapplicable ; Inapplicable ; Pass         ; Inapplicable ; Inapplicable ; Inapplicable ; Inapplicable ; Inapplicable ; Inapplicable ; Inapplicable ; Inapplicable ; Inapplicable ; Pass      ; Inapplicable ; Inapplicable ;
; HWDATA2[9]         ; Inapplicable ; Inapplicable ; Inapplicable ; Inapplicable ; Inapplicable ; Pass      ; Inapplicable ; Inapplicable ; Pass      ; Pass      ; Inapplicable ; Inapplicable ; Inapplicable ; Inapplicable ; Pass         ; Inapplicable ; Inapplicable ; Pass         ; Inapplicable ; Inapplicable ; Inapplicable ; Inapplicable ; Inapplicable ; Inapplicable ; Inapplicable ; Inapplicable ; Inapplicable ; Pass      ; Inapplicable ; Inapplicable ;
; HWDATA1[9]         ; Inapplicable ; Inapplicable ; Inapplicable ; Inapplicable ; Inapplicable ; Pass      ; Inapplicable ; Inapplicable ; Pass      ; Pass      ; Inapplicable ; Inapplicable ; Inapplicable ; Inapplicable ; Pass         ; Inapplicable ; Inapplicable ; Pass         ; Inapplicable ; Inapplicable ; Inapplicable ; Inapplicable ; Inapplicable ; Inapplicable ; Inapplicable ; Inapplicable ; Inapplicable ; Pass      ; Inapplicable ; Inapplicable ;
; HWDATA2[10]        ; Inapplicable ; Inapplicable ; Inapplicable ; Inapplicable ; Inapplicable ; Pass      ; Inapplicable ; Inapplicable ; Pass      ; Pass      ; Inapplicable ; Inapplicable ; Inapplicable ; Inapplicable ; Pass         ; Inapplicable ; Inapplicable ; Pass         ; Inapplicable ; Inapplicable ; Inapplicable ; Inapplicable ; Inapplicable ; Inapplicable ; Inapplicable ; Inapplicable ; Inapplicable ; Pass      ; Inapplicable ; Inapplicable ;
; HWDATA1[10]        ; Inapplicable ; Inapplicable ; Inapplicable ; Inapplicable ; Inapplicable ; Pass      ; Inapplicable ; Inapplicable ; Pass      ; Pass      ; Inapplicable ; Inapplicable ; Inapplicable ; Inapplicable ; Pass         ; Inapplicable ; Inapplicable ; Pass         ; Inapplicable ; Inapplicable ; Inapplicable ; Inapplicable ; Inapplicable ; Inapplicable ; Inapplicable ; Inapplicable ; Inapplicable ; Pass      ; Inapplicable ; Inapplicable ;
; HWDATA2[11]        ; Inapplicable ; Inapplicable ; Inapplicable ; Inapplicable ; Inapplicable ; Pass      ; Inapplicable ; Inapplicable ; Pass      ; Pass      ; Inapplicable ; Inapplicable ; Inapplicable ; Inapplicable ; Pass         ; Inapplicable ; Inapplicable ; Pass         ; Inapplicable ; Inapplicable ; Inapplicable ; Inapplicable ; Inapplicable ; Inapplicable ; Inapplicable ; Inapplicable ; Inapplicable ; Pass      ; Inapplicable ; Inapplicable ;
; HWDATA1[11]        ; Inapplicable ; Inapplicable ; Inapplicable ; Inapplicable ; Inapplicable ; Pass      ; Inapplicable ; Inapplicable ; Pass      ; Pass      ; Inapplicable ; Inapplicable ; Inapplicable ; Inapplicable ; Pass         ; Inapplicable ; Inapplicable ; Pass         ; Inapplicable ; Inapplicable ; Inapplicable ; Inapplicable ; Inapplicable ; Inapplicable ; Inapplicable ; Inapplicable ; Inapplicable ; Pass      ; Inapplicable ; Inapplicable ;
; HWDATA2[12]        ; Inapplicable ; Inapplicable ; Inapplicable ; Inapplicable ; Inapplicable ; Pass      ; Inapplicable ; Inapplicable ; Pass      ; Pass      ; Inapplicable ; Inapplicable ; Inapplicable ; Inapplicable ; Pass         ; Inapplicable ; Inapplicable ; Pass         ; Inapplicable ; Inapplicable ; Inapplicable ; Inapplicable ; Inapplicable ; Inapplicable ; Inapplicable ; Inapplicable ; Inapplicable ; Pass      ; Inapplicable ; Inapplicable ;
; HWDATA1[12]        ; Inapplicable ; Inapplicable ; Inapplicable ; Inapplicable ; Inapplicable ; Pass      ; Inapplicable ; Inapplicable ; Pass      ; Pass      ; Inapplicable ; Inapplicable ; Inapplicable ; Inapplicable ; Pass         ; Inapplicable ; Inapplicable ; Pass         ; Inapplicable ; Inapplicable ; Inapplicable ; Inapplicable ; Inapplicable ; Inapplicable ; Inapplicable ; Inapplicable ; Inapplicable ; Pass      ; Inapplicable ; Inapplicable ;
; HWDATA2[13]        ; Inapplicable ; Inapplicable ; Inapplicable ; Inapplicable ; Inapplicable ; Pass      ; Inapplicable ; Inapplicable ; Pass      ; Pass      ; Inapplicable ; Inapplicable ; Inapplicable ; Inapplicable ; Pass         ; Inapplicable ; Inapplicable ; Pass         ; Inapplicable ; Inapplicable ; Inapplicable ; Inapplicable ; Inapplicable ; Inapplicable ; Inapplicable ; Inapplicable ; Inapplicable ; Pass      ; Inapplicable ; Inapplicable ;
; HWDATA1[13]        ; Inapplicable ; Inapplicable ; Inapplicable ; Inapplicable ; Inapplicable ; Pass      ; Inapplicable ; Inapplicable ; Pass      ; Pass      ; Inapplicable ; Inapplicable ; Inapplicable ; Inapplicable ; Pass         ; Inapplicable ; Inapplicable ; Pass         ; Inapplicable ; Inapplicable ; Inapplicable ; Inapplicable ; Inapplicable ; Inapplicable ; Inapplicable ; Inapplicable ; Inapplicable ; Pass      ; Inapplicable ; Inapplicable ;
; HWDATA2[14]        ; Inapplicable ; Inapplicable ; Inapplicable ; Inapplicable ; Inapplicable ; Pass      ; Inapplicable ; Inapplicable ; Pass      ; Pass      ; Inapplicable ; Inapplicable ; Inapplicable ; Inapplicable ; Pass         ; Inapplicable ; Inapplicable ; Pass         ; Inapplicable ; Inapplicable ; Inapplicable ; Inapplicable ; Inapplicable ; Inapplicable ; Inapplicable ; Inapplicable ; Inapplicable ; Pass      ; Inapplicable ; Inapplicable ;
; HWDATA1[14]        ; Inapplicable ; Inapplicable ; Inapplicable ; Inapplicable ; Inapplicable ; Pass      ; Inapplicable ; Inapplicable ; Pass      ; Pass      ; Inapplicable ; Inapplicable ; Inapplicable ; Inapplicable ; Pass         ; Inapplicable ; Inapplicable ; Pass         ; Inapplicable ; Inapplicable ; Inapplicable ; Inapplicable ; Inapplicable ; Inapplicable ; Inapplicable ; Inapplicable ; Inapplicable ; Pass      ; Inapplicable ; Inapplicable ;
; HWDATA2[15]        ; Inapplicable ; Inapplicable ; Inapplicable ; Inapplicable ; Inapplicable ; Pass      ; Inapplicable ; Inapplicable ; Pass      ; Pass      ; Inapplicable ; Inapplicable ; Inapplicable ; Inapplicable ; Pass         ; Inapplicable ; Inapplicable ; Pass         ; Inapplicable ; Inapplicable ; Inapplicable ; Inapplicable ; Inapplicable ; Inapplicable ; Inapplicable ; Inapplicable ; Inapplicable ; Pass      ; Inapplicable ; Inapplicable ;
; HWDATA1[15]        ; Inapplicable ; Inapplicable ; Inapplicable ; Inapplicable ; Inapplicable ; Pass      ; Inapplicable ; Inapplicable ; Pass      ; Pass      ; Inapplicable ; Inapplicable ; Inapplicable ; Inapplicable ; Pass         ; Inapplicable ; Inapplicable ; Pass         ; Inapplicable ; Inapplicable ; Inapplicable ; Inapplicable ; Inapplicable ; Inapplicable ; Inapplicable ; Inapplicable ; Inapplicable ; Pass      ; Inapplicable ; Inapplicable ;
; HWDATA2[16]        ; Inapplicable ; Inapplicable ; Inapplicable ; Inapplicable ; Inapplicable ; Pass      ; Inapplicable ; Inapplicable ; Pass      ; Pass      ; Inapplicable ; Inapplicable ; Inapplicable ; Inapplicable ; Pass         ; Inapplicable ; Inapplicable ; Pass         ; Inapplicable ; Inapplicable ; Inapplicable ; Inapplicable ; Inapplicable ; Inapplicable ; Inapplicable ; Inapplicable ; Inapplicable ; Pass      ; Inapplicable ; Inapplicable ;
; HWDATA1[16]        ; Inapplicable ; Inapplicable ; Inapplicable ; Inapplicable ; Inapplicable ; Pass      ; Inapplicable ; Inapplicable ; Pass      ; Pass      ; Inapplicable ; Inapplicable ; Inapplicable ; Inapplicable ; Pass         ; Inapplicable ; Inapplicable ; Pass         ; Inapplicable ; Inapplicable ; Inapplicable ; Inapplicable ; Inapplicable ; Inapplicable ; Inapplicable ; Inapplicable ; Inapplicable ; Pass      ; Inapplicable ; Inapplicable ;
; HWDATA2[17]        ; Inapplicable ; Inapplicable ; Inapplicable ; Inapplicable ; Inapplicable ; Pass      ; Inapplicable ; Inapplicable ; Pass      ; Pass      ; Inapplicable ; Inapplicable ; Inapplicable ; Inapplicable ; Pass         ; Inapplicable ; Inapplicable ; Pass         ; Inapplicable ; Inapplicable ; Inapplicable ; Inapplicable ; Inapplicable ; Inapplicable ; Inapplicable ; Inapplicable ; Inapplicable ; Pass      ; Inapplicable ; Inapplicable ;
; HWDATA1[17]        ; Inapplicable ; Inapplicable ; Inapplicable ; Inapplicable ; Inapplicable ; Pass      ; Inapplicable ; Inapplicable ; Pass      ; Pass      ; Inapplicable ; Inapplicable ; Inapplicable ; Inapplicable ; Pass         ; Inapplicable ; Inapplicable ; Pass         ; Inapplicable ; Inapplicable ; Inapplicable ; Inapplicable ; Inapplicable ; Inapplicable ; Inapplicable ; Inapplicable ; Inapplicable ; Pass      ; Inapplicable ; Inapplicable ;
; HWDATA2[18]        ; Inapplicable ; Inapplicable ; Inapplicable ; Inapplicable ; Inapplicable ; Pass      ; Inapplicable ; Inapplicable ; Pass      ; Pass      ; Inapplicable ; Inapplicable ; Inapplicable ; Inapplicable ; Pass         ; Inapplicable ; Inapplicable ; Pass         ; Inapplicable ; Inapplicable ; Inapplicable ; Inapplicable ; Inapplicable ; Inapplicable ; Inapplicable ; Inapplicable ; Inapplicable ; Pass      ; Inapplicable ; Inapplicable ;
; HWDATA1[18]        ; Inapplicable ; Inapplicable ; Inapplicable ; Inapplicable ; Inapplicable ; Pass      ; Inapplicable ; Inapplicable ; Pass      ; Pass      ; Inapplicable ; Inapplicable ; Inapplicable ; Inapplicable ; Pass         ; Inapplicable ; Inapplicable ; Pass         ; Inapplicable ; Inapplicable ; Inapplicable ; Inapplicable ; Inapplicable ; Inapplicable ; Inapplicable ; Inapplicable ; Inapplicable ; Pass      ; Inapplicable ; Inapplicable ;
; HWDATA2[19]        ; Inapplicable ; Inapplicable ; Inapplicable ; Inapplicable ; Inapplicable ; Pass      ; Inapplicable ; Inapplicable ; Pass      ; Pass      ; Inapplicable ; Inapplicable ; Inapplicable ; Inapplicable ; Pass         ; Inapplicable ; Inapplicable ; Pass         ; Inapplicable ; Inapplicable ; Inapplicable ; Inapplicable ; Inapplicable ; Inapplicable ; Inapplicable ; Inapplicable ; Inapplicable ; Pass      ; Inapplicable ; Inapplicable ;
; HWDATA1[19]        ; Inapplicable ; Inapplicable ; Inapplicable ; Inapplicable ; Inapplicable ; Pass      ; Inapplicable ; Inapplicable ; Pass      ; Pass      ; Inapplicable ; Inapplicable ; Inapplicable ; Inapplicable ; Pass         ; Inapplicable ; Inapplicable ; Pass         ; Inapplicable ; Inapplicable ; Inapplicable ; Inapplicable ; Inapplicable ; Inapplicable ; Inapplicable ; Inapplicable ; Inapplicable ; Pass      ; Inapplicable ; Inapplicable ;
; HWDATA2[20]        ; Inapplicable ; Inapplicable ; Inapplicable ; Inapplicable ; Inapplicable ; Pass      ; Inapplicable ; Inapplicable ; Pass      ; Pass      ; Inapplicable ; Inapplicable ; Inapplicable ; Inapplicable ; Pass         ; Inapplicable ; Inapplicable ; Pass         ; Inapplicable ; Inapplicable ; Inapplicable ; Inapplicable ; Inapplicable ; Inapplicable ; Inapplicable ; Inapplicable ; Inapplicable ; Pass      ; Inapplicable ; Inapplicable ;
; HWDATA1[20]        ; Inapplicable ; Inapplicable ; Inapplicable ; Inapplicable ; Inapplicable ; Pass      ; Inapplicable ; Inapplicable ; Pass      ; Pass      ; Inapplicable ; Inapplicable ; Inapplicable ; Inapplicable ; Pass         ; Inapplicable ; Inapplicable ; Pass         ; Inapplicable ; Inapplicable ; Inapplicable ; Inapplicable ; Inapplicable ; Inapplicable ; Inapplicable ; Inapplicable ; Inapplicable ; Pass      ; Inapplicable ; Inapplicable ;
; HWDATA2[21]        ; Inapplicable ; Inapplicable ; Inapplicable ; Inapplicable ; Inapplicable ; Pass      ; Inapplicable ; Inapplicable ; Pass      ; Pass      ; Inapplicable ; Inapplicable ; Inapplicable ; Inapplicable ; Pass         ; Inapplicable ; Inapplicable ; Pass         ; Inapplicable ; Inapplicable ; Inapplicable ; Inapplicable ; Inapplicable ; Inapplicable ; Inapplicable ; Inapplicable ; Inapplicable ; Pass      ; Inapplicable ; Inapplicable ;
; HWDATA1[21]        ; Inapplicable ; Inapplicable ; Inapplicable ; Inapplicable ; Inapplicable ; Pass      ; Inapplicable ; Inapplicable ; Pass      ; Pass      ; Inapplicable ; Inapplicable ; Inapplicable ; Inapplicable ; Pass         ; Inapplicable ; Inapplicable ; Pass         ; Inapplicable ; Inapplicable ; Inapplicable ; Inapplicable ; Inapplicable ; Inapplicable ; Inapplicable ; Inapplicable ; Inapplicable ; Pass      ; Inapplicable ; Inapplicable ;
; HWDATA2[22]        ; Inapplicable ; Inapplicable ; Inapplicable ; Inapplicable ; Inapplicable ; Pass      ; Inapplicable ; Inapplicable ; Pass      ; Pass      ; Inapplicable ; Inapplicable ; Inapplicable ; Inapplicable ; Pass         ; Inapplicable ; Inapplicable ; Pass         ; Inapplicable ; Inapplicable ; Inapplicable ; Inapplicable ; Inapplicable ; Inapplicable ; Inapplicable ; Inapplicable ; Inapplicable ; Pass      ; Inapplicable ; Inapplicable ;
; HWDATA1[22]        ; Inapplicable ; Inapplicable ; Inapplicable ; Inapplicable ; Inapplicable ; Pass      ; Inapplicable ; Inapplicable ; Pass      ; Pass      ; Inapplicable ; Inapplicable ; Inapplicable ; Inapplicable ; Pass         ; Inapplicable ; Inapplicable ; Pass         ; Inapplicable ; Inapplicable ; Inapplicable ; Inapplicable ; Inapplicable ; Inapplicable ; Inapplicable ; Inapplicable ; Inapplicable ; Pass      ; Inapplicable ; Inapplicable ;
; HWDATA2[23]        ; Inapplicable ; Inapplicable ; Inapplicable ; Inapplicable ; Inapplicable ; Pass      ; Inapplicable ; Inapplicable ; Pass      ; Pass      ; Inapplicable ; Inapplicable ; Inapplicable ; Inapplicable ; Pass         ; Inapplicable ; Inapplicable ; Pass         ; Inapplicable ; Inapplicable ; Inapplicable ; Inapplicable ; Inapplicable ; Inapplicable ; Inapplicable ; Inapplicable ; Inapplicable ; Pass      ; Inapplicable ; Inapplicable ;
; HWDATA1[23]        ; Inapplicable ; Inapplicable ; Inapplicable ; Inapplicable ; Inapplicable ; Pass      ; Inapplicable ; Inapplicable ; Pass      ; Pass      ; Inapplicable ; Inapplicable ; Inapplicable ; Inapplicable ; Pass         ; Inapplicable ; Inapplicable ; Pass         ; Inapplicable ; Inapplicable ; Inapplicable ; Inapplicable ; Inapplicable ; Inapplicable ; Inapplicable ; Inapplicable ; Inapplicable ; Pass      ; Inapplicable ; Inapplicable ;
; HWDATA2[24]        ; Inapplicable ; Inapplicable ; Inapplicable ; Inapplicable ; Inapplicable ; Pass      ; Inapplicable ; Inapplicable ; Pass      ; Pass      ; Inapplicable ; Inapplicable ; Inapplicable ; Inapplicable ; Pass         ; Inapplicable ; Inapplicable ; Pass         ; Inapplicable ; Inapplicable ; Inapplicable ; Inapplicable ; Inapplicable ; Inapplicable ; Inapplicable ; Inapplicable ; Inapplicable ; Pass      ; Inapplicable ; Inapplicable ;
; HWDATA1[24]        ; Inapplicable ; Inapplicable ; Inapplicable ; Inapplicable ; Inapplicable ; Pass      ; Inapplicable ; Inapplicable ; Pass      ; Pass      ; Inapplicable ; Inapplicable ; Inapplicable ; Inapplicable ; Pass         ; Inapplicable ; Inapplicable ; Pass         ; Inapplicable ; Inapplicable ; Inapplicable ; Inapplicable ; Inapplicable ; Inapplicable ; Inapplicable ; Inapplicable ; Inapplicable ; Pass      ; Inapplicable ; Inapplicable ;
; HWDATA2[25]        ; Inapplicable ; Inapplicable ; Inapplicable ; Inapplicable ; Inapplicable ; Pass      ; Inapplicable ; Inapplicable ; Pass      ; Pass      ; Inapplicable ; Inapplicable ; Inapplicable ; Inapplicable ; Pass         ; Inapplicable ; Inapplicable ; Pass         ; Inapplicable ; Inapplicable ; Inapplicable ; Inapplicable ; Inapplicable ; Inapplicable ; Inapplicable ; Inapplicable ; Inapplicable ; Pass      ; Inapplicable ; Inapplicable ;
; HWDATA1[25]        ; Inapplicable ; Inapplicable ; Inapplicable ; Inapplicable ; Inapplicable ; Pass      ; Inapplicable ; Inapplicable ; Pass      ; Pass      ; Inapplicable ; Inapplicable ; Inapplicable ; Inapplicable ; Pass         ; Inapplicable ; Inapplicable ; Pass         ; Inapplicable ; Inapplicable ; Inapplicable ; Inapplicable ; Inapplicable ; Inapplicable ; Inapplicable ; Inapplicable ; Inapplicable ; Pass      ; Inapplicable ; Inapplicable ;
; HWDATA2[26]        ; Inapplicable ; Inapplicable ; Inapplicable ; Inapplicable ; Inapplicable ; Pass      ; Inapplicable ; Inapplicable ; Pass      ; Pass      ; Inapplicable ; Inapplicable ; Inapplicable ; Inapplicable ; Pass         ; Inapplicable ; Inapplicable ; Pass         ; Inapplicable ; Inapplicable ; Inapplicable ; Inapplicable ; Inapplicable ; Inapplicable ; Inapplicable ; Inapplicable ; Inapplicable ; Pass      ; Inapplicable ; Inapplicable ;
; HWDATA1[26]        ; Inapplicable ; Inapplicable ; Inapplicable ; Inapplicable ; Inapplicable ; Pass      ; Inapplicable ; Inapplicable ; Pass      ; Pass      ; Inapplicable ; Inapplicable ; Inapplicable ; Inapplicable ; Pass         ; Inapplicable ; Inapplicable ; Pass         ; Inapplicable ; Inapplicable ; Inapplicable ; Inapplicable ; Inapplicable ; Inapplicable ; Inapplicable ; Inapplicable ; Inapplicable ; Pass      ; Inapplicable ; Inapplicable ;
; HWDATA2[27]        ; Inapplicable ; Inapplicable ; Inapplicable ; Inapplicable ; Inapplicable ; Pass      ; Inapplicable ; Inapplicable ; Pass      ; Pass      ; Inapplicable ; Inapplicable ; Inapplicable ; Inapplicable ; Pass         ; Inapplicable ; Inapplicable ; Pass         ; Inapplicable ; Inapplicable ; Inapplicable ; Inapplicable ; Inapplicable ; Inapplicable ; Inapplicable ; Inapplicable ; Inapplicable ; Pass      ; Inapplicable ; Inapplicable ;
; HWDATA1[27]        ; Inapplicable ; Inapplicable ; Inapplicable ; Inapplicable ; Inapplicable ; Pass      ; Inapplicable ; Inapplicable ; Pass      ; Pass      ; Inapplicable ; Inapplicable ; Inapplicable ; Inapplicable ; Pass         ; Inapplicable ; Inapplicable ; Pass         ; Inapplicable ; Inapplicable ; Inapplicable ; Inapplicable ; Inapplicable ; Inapplicable ; Inapplicable ; Inapplicable ; Inapplicable ; Pass      ; Inapplicable ; Inapplicable ;
; HWDATA2[28]        ; Inapplicable ; Inapplicable ; Inapplicable ; Inapplicable ; Inapplicable ; Pass      ; Inapplicable ; Inapplicable ; Pass      ; Pass      ; Inapplicable ; Inapplicable ; Inapplicable ; Inapplicable ; Pass         ; Inapplicable ; Inapplicable ; Pass         ; Inapplicable ; Inapplicable ; Inapplicable ; Inapplicable ; Inapplicable ; Inapplicable ; Inapplicable ; Inapplicable ; Inapplicable ; Pass      ; Inapplicable ; Inapplicable ;
; HWDATA1[28]        ; Inapplicable ; Inapplicable ; Inapplicable ; Inapplicable ; Inapplicable ; Pass      ; Inapplicable ; Inapplicable ; Pass      ; Pass      ; Inapplicable ; Inapplicable ; Inapplicable ; Inapplicable ; Pass         ; Inapplicable ; Inapplicable ; Pass         ; Inapplicable ; Inapplicable ; Inapplicable ; Inapplicable ; Inapplicable ; Inapplicable ; Inapplicable ; Inapplicable ; Inapplicable ; Pass      ; Inapplicable ; Inapplicable ;
; HWDATA2[29]        ; Inapplicable ; Inapplicable ; Inapplicable ; Inapplicable ; Inapplicable ; Pass      ; Inapplicable ; Inapplicable ; Pass      ; Pass      ; Inapplicable ; Inapplicable ; Inapplicable ; Inapplicable ; Pass         ; Inapplicable ; Inapplicable ; Pass         ; Inapplicable ; Inapplicable ; Inapplicable ; Inapplicable ; Inapplicable ; Inapplicable ; Inapplicable ; Inapplicable ; Inapplicable ; Pass      ; Inapplicable ; Inapplicable ;
; HWDATA1[29]        ; Inapplicable ; Inapplicable ; Inapplicable ; Inapplicable ; Inapplicable ; Pass      ; Inapplicable ; Inapplicable ; Pass      ; Pass      ; Inapplicable ; Inapplicable ; Inapplicable ; Inapplicable ; Pass         ; Inapplicable ; Inapplicable ; Pass         ; Inapplicable ; Inapplicable ; Inapplicable ; Inapplicable ; Inapplicable ; Inapplicable ; Inapplicable ; Inapplicable ; Inapplicable ; Pass      ; Inapplicable ; Inapplicable ;
; HWDATA2[30]        ; Inapplicable ; Inapplicable ; Inapplicable ; Inapplicable ; Inapplicable ; Pass      ; Inapplicable ; Inapplicable ; Pass      ; Pass      ; Inapplicable ; Inapplicable ; Inapplicable ; Inapplicable ; Pass         ; Inapplicable ; Inapplicable ; Pass         ; Inapplicable ; Inapplicable ; Inapplicable ; Inapplicable ; Inapplicable ; Inapplicable ; Inapplicable ; Inapplicable ; Inapplicable ; Pass      ; Inapplicable ; Inapplicable ;
; HWDATA1[30]        ; Inapplicable ; Inapplicable ; Inapplicable ; Inapplicable ; Inapplicable ; Pass      ; Inapplicable ; Inapplicable ; Pass      ; Pass      ; Inapplicable ; Inapplicable ; Inapplicable ; Inapplicable ; Pass         ; Inapplicable ; Inapplicable ; Pass         ; Inapplicable ; Inapplicable ; Inapplicable ; Inapplicable ; Inapplicable ; Inapplicable ; Inapplicable ; Inapplicable ; Inapplicable ; Pass      ; Inapplicable ; Inapplicable ;
; HWDATA2[31]        ; Inapplicable ; Inapplicable ; Inapplicable ; Inapplicable ; Inapplicable ; Pass      ; Inapplicable ; Inapplicable ; Pass      ; Pass      ; Inapplicable ; Inapplicable ; Inapplicable ; Inapplicable ; Pass         ; Inapplicable ; Inapplicable ; Pass         ; Inapplicable ; Inapplicable ; Inapplicable ; Inapplicable ; Inapplicable ; Inapplicable ; Inapplicable ; Inapplicable ; Inapplicable ; Pass      ; Inapplicable ; Inapplicable ;
; HWDATA1[31]        ; Inapplicable ; Inapplicable ; Inapplicable ; Inapplicable ; Inapplicable ; Pass      ; Inapplicable ; Inapplicable ; Pass      ; Pass      ; Inapplicable ; Inapplicable ; Inapplicable ; Inapplicable ; Pass         ; Inapplicable ; Inapplicable ; Pass         ; Inapplicable ; Inapplicable ; Inapplicable ; Inapplicable ; Inapplicable ; Inapplicable ; Inapplicable ; Inapplicable ; Inapplicable ; Pass      ; Inapplicable ; Inapplicable ;
; HBUSREQ2           ; Inapplicable ; Inapplicable ; Inapplicable ; Inapplicable ; Inapplicable ; Pass      ; Inapplicable ; Inapplicable ; Pass      ; Pass      ; Inapplicable ; Inapplicable ; Inapplicable ; Inapplicable ; Pass         ; Inapplicable ; Inapplicable ; Pass         ; Inapplicable ; Inapplicable ; Inapplicable ; Inapplicable ; Inapplicable ; Inapplicable ; Inapplicable ; Inapplicable ; Inapplicable ; Pass      ; Inapplicable ; Inapplicable ;
+--------------------+--------------+--------------+--------------+--------------+--------------+-----------+--------------+--------------+-----------+-----------+--------------+--------------+--------------+--------------+--------------+--------------+--------------+--------------+--------------+--------------+--------------+--------------+--------------+--------------+--------------+--------------+--------------+-----------+--------------+--------------+


+---------------------------------------------------------------------------------------------+
; Fitter Device Options                                                                       ;
+------------------------------------------------------------------+--------------------------+
; Option                                                           ; Setting                  ;
+------------------------------------------------------------------+--------------------------+
; Enable user-supplied start-up clock (CLKUSR)                     ; Off                      ;
; Enable device-wide reset (DEV_CLRn)                              ; Off                      ;
; Enable device-wide output enable (DEV_OE)                        ; Off                      ;
; Enable INIT_DONE output                                          ; Off                      ;
; Configuration scheme                                             ; Active Serial            ;
; Error detection CRC                                              ; Off                      ;
; Enable open drain on CRC_ERROR pin                               ; Off                      ;
; Enable input tri-state on active configuration pins in user mode ; Off                      ;
; Configuration Voltage Level                                      ; Auto                     ;
; Force Configuration Voltage Level                                ; Off                      ;
; nCEO                                                             ; As output driving ground ;
; Data[0]                                                          ; As input tri-stated      ;
; Data[1]/ASDO                                                     ; As input tri-stated      ;
; Data[7..2]                                                       ; Unreserved               ;
; FLASH_nCE/nCSO                                                   ; As input tri-stated      ;
; Other Active Parallel pins                                       ; Unreserved               ;
; DCLK                                                             ; As output driving ground ;
; Base pin-out file on sameframe device                            ; Off                      ;
+------------------------------------------------------------------+--------------------------+


+------------------------------------+
; Operating Settings and Conditions  ;
+---------------------------+--------+
; Setting                   ; Value  ;
+---------------------------+--------+
; Nominal Core Voltage      ; 1.20 V ;
; Low Junction Temperature  ; 0 °C   ;
; High Junction Temperature ; 85 °C  ;
+---------------------------+--------+


+-----------------+
; Fitter Messages ;
+-----------------+
Warning (20028): Parallel compilation is not licensed and has been disabled
Info (119006): Selected device EP4CE75F23C8 for design "dut_top"
Info (21077): Low junction temperature is 0 degrees C
Info (21077): High junction temperature is 85 degrees C
Info (171003): Fitter is performing an Auto Fit compilation, which may decrease Fitter effort to reduce compilation time
Warning (292013): Feature LogicLock is only available with a valid subscription license. You can purchase a software subscription to gain full access to this feature.
Info (176444): Device migration not selected. If you intend to use device migration later, you may need to change the pin assignments as they may be incompatible with other devices
    Info (176445): Device EP4CE15F23C8 is compatible
    Info (176445): Device EP4CE40F23C8 is compatible
    Info (176445): Device EP4CE30F23C8 is compatible
    Info (176445): Device EP4CE55F23C8 is compatible
    Info (176445): Device EP4CE115F23C8 is compatible
Info (169124): Fitter converted 5 user pins into dedicated programming pins
    Info (169125): Pin ~ALTERA_ASDO_DATA1~ is reserved at location D1
    Info (169125): Pin ~ALTERA_FLASH_nCE_nCSO~ is reserved at location E2
    Info (169125): Pin ~ALTERA_DCLK~ is reserved at location K2
    Info (169125): Pin ~ALTERA_DATA0~ is reserved at location K1
    Info (169125): Pin ~ALTERA_nCEO~ is reserved at location K22
Warning (15714): Some pins have incomplete I/O assignments. Refer to the I/O Assignment Warnings report for details
Critical Warning (169085): No exact pin location assignment(s) for 240 pins of 240 total pins
    Info (169086): Pin HTRANS1[0] not assigned to an exact location on the device
    Info (169086): Pin HSIZE1[0] not assigned to an exact location on the device
    Info (169086): Pin HSIZE1[1] not assigned to an exact location on the device
    Info (169086): Pin HSIZE1[2] not assigned to an exact location on the device
    Info (169086): Pin HBURST1[0] not assigned to an exact location on the device
    Info (169086): Pin HBURST1[1] not assigned to an exact location on the device
    Info (169086): Pin HBURST1[2] not assigned to an exact location on the device
    Info (169086): Pin HGRANT1 not assigned to an exact location on the device
    Info (169086): Pin HRDATA1[0] not assigned to an exact location on the device
    Info (169086): Pin HRDATA1[1] not assigned to an exact location on the device
    Info (169086): Pin HRDATA1[2] not assigned to an exact location on the device
    Info (169086): Pin HRDATA1[3] not assigned to an exact location on the device
    Info (169086): Pin HRDATA1[4] not assigned to an exact location on the device
    Info (169086): Pin HRDATA1[5] not assigned to an exact location on the device
    Info (169086): Pin HRDATA1[6] not assigned to an exact location on the device
    Info (169086): Pin HRDATA1[7] not assigned to an exact location on the device
    Info (169086): Pin HRDATA1[8] not assigned to an exact location on the device
    Info (169086): Pin HRDATA1[9] not assigned to an exact location on the device
    Info (169086): Pin HRDATA1[10] not assigned to an exact location on the device
    Info (169086): Pin HRDATA1[11] not assigned to an exact location on the device
    Info (169086): Pin HRDATA1[12] not assigned to an exact location on the device
    Info (169086): Pin HRDATA1[13] not assigned to an exact location on the device
    Info (169086): Pin HRDATA1[14] not assigned to an exact location on the device
    Info (169086): Pin HRDATA1[15] not assigned to an exact location on the device
    Info (169086): Pin HRDATA1[16] not assigned to an exact location on the device
    Info (169086): Pin HRDATA1[17] not assigned to an exact location on the device
    Info (169086): Pin HRDATA1[18] not assigned to an exact location on the device
    Info (169086): Pin HRDATA1[19] not assigned to an exact location on the device
    Info (169086): Pin HRDATA1[20] not assigned to an exact location on the device
    Info (169086): Pin HRDATA1[21] not assigned to an exact location on the device
    Info (169086): Pin HRDATA1[22] not assigned to an exact location on the device
    Info (169086): Pin HRDATA1[23] not assigned to an exact location on the device
    Info (169086): Pin HRDATA1[24] not assigned to an exact location on the device
    Info (169086): Pin HRDATA1[25] not assigned to an exact location on the device
    Info (169086): Pin HRDATA1[26] not assigned to an exact location on the device
    Info (169086): Pin HRDATA1[27] not assigned to an exact location on the device
    Info (169086): Pin HRDATA1[28] not assigned to an exact location on the device
    Info (169086): Pin HRDATA1[29] not assigned to an exact location on the device
    Info (169086): Pin HRDATA1[30] not assigned to an exact location on the device
    Info (169086): Pin HRDATA1[31] not assigned to an exact location on the device
    Info (169086): Pin HREADY1 not assigned to an exact location on the device
    Info (169086): Pin HRESP1[0] not assigned to an exact location on the device
    Info (169086): Pin HRESP1[1] not assigned to an exact location on the device
    Info (169086): Pin HTRANS2[0] not assigned to an exact location on the device
    Info (169086): Pin HSIZE2[0] not assigned to an exact location on the device
    Info (169086): Pin HSIZE2[1] not assigned to an exact location on the device
    Info (169086): Pin HSIZE2[2] not assigned to an exact location on the device
    Info (169086): Pin HBURST2[0] not assigned to an exact location on the device
    Info (169086): Pin HBURST2[1] not assigned to an exact location on the device
    Info (169086): Pin HBURST2[2] not assigned to an exact location on the device
    Info (169086): Pin HGRANT2 not assigned to an exact location on the device
    Info (169086): Pin HRDATA2[0] not assigned to an exact location on the device
    Info (169086): Pin HRDATA2[1] not assigned to an exact location on the device
    Info (169086): Pin HRDATA2[2] not assigned to an exact location on the device
    Info (169086): Pin HRDATA2[3] not assigned to an exact location on the device
    Info (169086): Pin HRDATA2[4] not assigned to an exact location on the device
    Info (169086): Pin HRDATA2[5] not assigned to an exact location on the device
    Info (169086): Pin HRDATA2[6] not assigned to an exact location on the device
    Info (169086): Pin HRDATA2[7] not assigned to an exact location on the device
    Info (169086): Pin HRDATA2[8] not assigned to an exact location on the device
    Info (169086): Pin HRDATA2[9] not assigned to an exact location on the device
    Info (169086): Pin HRDATA2[10] not assigned to an exact location on the device
    Info (169086): Pin HRDATA2[11] not assigned to an exact location on the device
    Info (169086): Pin HRDATA2[12] not assigned to an exact location on the device
    Info (169086): Pin HRDATA2[13] not assigned to an exact location on the device
    Info (169086): Pin HRDATA2[14] not assigned to an exact location on the device
    Info (169086): Pin HRDATA2[15] not assigned to an exact location on the device
    Info (169086): Pin HRDATA2[16] not assigned to an exact location on the device
    Info (169086): Pin HRDATA2[17] not assigned to an exact location on the device
    Info (169086): Pin HRDATA2[18] not assigned to an exact location on the device
    Info (169086): Pin HRDATA2[19] not assigned to an exact location on the device
    Info (169086): Pin HRDATA2[20] not assigned to an exact location on the device
    Info (169086): Pin HRDATA2[21] not assigned to an exact location on the device
    Info (169086): Pin HRDATA2[22] not assigned to an exact location on the device
    Info (169086): Pin HRDATA2[23] not assigned to an exact location on the device
    Info (169086): Pin HRDATA2[24] not assigned to an exact location on the device
    Info (169086): Pin HRDATA2[25] not assigned to an exact location on the device
    Info (169086): Pin HRDATA2[26] not assigned to an exact location on the device
    Info (169086): Pin HRDATA2[27] not assigned to an exact location on the device
    Info (169086): Pin HRDATA2[28] not assigned to an exact location on the device
    Info (169086): Pin HRDATA2[29] not assigned to an exact location on the device
    Info (169086): Pin HRDATA2[30] not assigned to an exact location on the device
    Info (169086): Pin HRDATA2[31] not assigned to an exact location on the device
    Info (169086): Pin HREADY2 not assigned to an exact location on the device
    Info (169086): Pin HRESP2[0] not assigned to an exact location on the device
    Info (169086): Pin HRESP2[1] not assigned to an exact location on the device
    Info (169086): Pin GPIO_OUT[0] not assigned to an exact location on the device
    Info (169086): Pin GPIO_OUT[1] not assigned to an exact location on the device
    Info (169086): Pin GPIO_OUT[2] not assigned to an exact location on the device
    Info (169086): Pin GPIO_OUT[3] not assigned to an exact location on the device
    Info (169086): Pin GPIO_OUT[4] not assigned to an exact location on the device
    Info (169086): Pin GPIO_OUT[5] not assigned to an exact location on the device
    Info (169086): Pin GPIO_OUT[6] not assigned to an exact location on the device
    Info (169086): Pin GPIO_OUT[7] not assigned to an exact location on the device
    Info (169086): Pin TIMER_IRQ not assigned to an exact location on the device
    Info (169086): Pin ARBITER_MODE_OUT not assigned to an exact location on the device
    Info (169086): Pin HADDR1[17] not assigned to an exact location on the device
    Info (169086): Pin HADDR2[17] not assigned to an exact location on the device
    Info (169086): Pin HADDR2[30] not assigned to an exact location on the device
    Info (169086): Pin HADDR2[23] not assigned to an exact location on the device
    Info (169086): Pin HADDR2[18] not assigned to an exact location on the device
    Info (169086): Pin HADDR2[19] not assigned to an exact location on the device
    Info (169086): Pin HADDR1[21] not assigned to an exact location on the device
    Info (169086): Pin HADDR1[30] not assigned to an exact location on the device
    Info (169086): Pin HADDR1[23] not assigned to an exact location on the device
    Info (169086): Pin HADDR1[18] not assigned to an exact location on the device
    Info (169086): Pin HADDR1[19] not assigned to an exact location on the device
    Info (169086): Pin HADDR1[20] not assigned to an exact location on the device
    Info (169086): Pin HADDR2[20] not assigned to an exact location on the device
    Info (169086): Pin HADDR2[21] not assigned to an exact location on the device
    Info (169086): Pin HADDR2[27] not assigned to an exact location on the device
    Info (169086): Pin HADDR2[25] not assigned to an exact location on the device
    Info (169086): Pin HADDR2[31] not assigned to an exact location on the device
    Info (169086): Pin HADDR2[24] not assigned to an exact location on the device
    Info (169086): Pin HADDR1[22] not assigned to an exact location on the device
    Info (169086): Pin HADDR1[31] not assigned to an exact location on the device
    Info (169086): Pin HADDR1[27] not assigned to an exact location on the device
    Info (169086): Pin HADDR1[25] not assigned to an exact location on the device
    Info (169086): Pin HADDR1[26] not assigned to an exact location on the device
    Info (169086): Pin HADDR1[24] not assigned to an exact location on the device
    Info (169086): Pin HADDR2[22] not assigned to an exact location on the device
    Info (169086): Pin HADDR2[26] not assigned to an exact location on the device
    Info (169086): Pin HADDR2[29] not assigned to an exact location on the device
    Info (169086): Pin HADDR2[28] not assigned to an exact location on the device
    Info (169086): Pin HADDR1[28] not assigned to an exact location on the device
    Info (169086): Pin HADDR1[29] not assigned to an exact location on the device
    Info (169086): Pin HADDR1[16] not assigned to an exact location on the device
    Info (169086): Pin HADDR2[16] not assigned to an exact location on the device
    Info (169086): Pin GPIO_IN[0] not assigned to an exact location on the device
    Info (169086): Pin GPIO_IN[1] not assigned to an exact location on the device
    Info (169086): Pin GPIO_IN[2] not assigned to an exact location on the device
    Info (169086): Pin GPIO_IN[3] not assigned to an exact location on the device
    Info (169086): Pin GPIO_IN[4] not assigned to an exact location on the device
    Info (169086): Pin GPIO_IN[5] not assigned to an exact location on the device
    Info (169086): Pin GPIO_IN[6] not assigned to an exact location on the device
    Info (169086): Pin GPIO_IN[7] not assigned to an exact location on the device
    Info (169086): Pin HBUSREQ1 not assigned to an exact location on the device
    Info (169086): Pin HCLK not assigned to an exact location on the device
    Info (169086): Pin HRESETn not assigned to an exact location on the device
    Info (169086): Pin HWRITE1 not assigned to an exact location on the device
    Info (169086): Pin HWRITE2 not assigned to an exact location on the device
    Info (169086): Pin HADDR1[0] not assigned to an exact location on the device
    Info (169086): Pin HADDR2[0] not assigned to an exact location on the device
    Info (169086): Pin HTRANS2[1] not assigned to an exact location on the device
    Info (169086): Pin HTRANS1[1] not assigned to an exact location on the device
    Info (169086): Pin HADDR1[11] not assigned to an exact location on the device
    Info (169086): Pin HADDR2[11] not assigned to an exact location on the device
    Info (169086): Pin HADDR1[10] not assigned to an exact location on the device
    Info (169086): Pin HADDR2[10] not assigned to an exact location on the device
    Info (169086): Pin HADDR1[9] not assigned to an exact location on the device
    Info (169086): Pin HADDR2[9] not assigned to an exact location on the device
    Info (169086): Pin HADDR1[8] not assigned to an exact location on the device
    Info (169086): Pin HADDR2[8] not assigned to an exact location on the device
    Info (169086): Pin HADDR1[7] not assigned to an exact location on the device
    Info (169086): Pin HADDR2[7] not assigned to an exact location on the device
    Info (169086): Pin HADDR1[6] not assigned to an exact location on the device
    Info (169086): Pin HADDR2[6] not assigned to an exact location on the device
    Info (169086): Pin HADDR1[5] not assigned to an exact location on the device
    Info (169086): Pin HADDR2[5] not assigned to an exact location on the device
    Info (169086): Pin HADDR1[1] not assigned to an exact location on the device
    Info (169086): Pin HADDR2[1] not assigned to an exact location on the device
    Info (169086): Pin HADDR1[15] not assigned to an exact location on the device
    Info (169086): Pin HADDR2[15] not assigned to an exact location on the device
    Info (169086): Pin HADDR1[14] not assigned to an exact location on the device
    Info (169086): Pin HADDR2[14] not assigned to an exact location on the device
    Info (169086): Pin HADDR1[13] not assigned to an exact location on the device
    Info (169086): Pin HADDR2[13] not assigned to an exact location on the device
    Info (169086): Pin HADDR1[12] not assigned to an exact location on the device
    Info (169086): Pin HADDR2[12] not assigned to an exact location on the device
    Info (169086): Pin HADDR1[3] not assigned to an exact location on the device
    Info (169086): Pin HADDR2[3] not assigned to an exact location on the device
    Info (169086): Pin HADDR1[2] not assigned to an exact location on the device
    Info (169086): Pin HADDR2[2] not assigned to an exact location on the device
    Info (169086): Pin HADDR1[4] not assigned to an exact location on the device
    Info (169086): Pin HADDR2[4] not assigned to an exact location on the device
    Info (169086): Pin HWDATA2[0] not assigned to an exact location on the device
    Info (169086): Pin HWDATA1[0] not assigned to an exact location on the device
    Info (169086): Pin HWDATA2[1] not assigned to an exact location on the device
    Info (169086): Pin HWDATA1[1] not assigned to an exact location on the device
    Info (169086): Pin HWDATA2[2] not assigned to an exact location on the device
    Info (169086): Pin HWDATA1[2] not assigned to an exact location on the device
    Info (169086): Pin HWDATA2[3] not assigned to an exact location on the device
    Info (169086): Pin HWDATA1[3] not assigned to an exact location on the device
    Info (169086): Pin HWDATA2[4] not assigned to an exact location on the device
    Info (169086): Pin HWDATA1[4] not assigned to an exact location on the device
    Info (169086): Pin HWDATA2[5] not assigned to an exact location on the device
    Info (169086): Pin HWDATA1[5] not assigned to an exact location on the device
    Info (169086): Pin HWDATA2[6] not assigned to an exact location on the device
    Info (169086): Pin HWDATA1[6] not assigned to an exact location on the device
    Info (169086): Pin HWDATA2[7] not assigned to an exact location on the device
    Info (169086): Pin HWDATA1[7] not assigned to an exact location on the device
    Info (169086): Pin HWDATA2[8] not assigned to an exact location on the device
    Info (169086): Pin HWDATA1[8] not assigned to an exact location on the device
    Info (169086): Pin HWDATA2[9] not assigned to an exact location on the device
    Info (169086): Pin HWDATA1[9] not assigned to an exact location on the device
    Info (169086): Pin HWDATA2[10] not assigned to an exact location on the device
    Info (169086): Pin HWDATA1[10] not assigned to an exact location on the device
    Info (169086): Pin HWDATA2[11] not assigned to an exact location on the device
    Info (169086): Pin HWDATA1[11] not assigned to an exact location on the device
    Info (169086): Pin HWDATA2[12] not assigned to an exact location on the device
    Info (169086): Pin HWDATA1[12] not assigned to an exact location on the device
    Info (169086): Pin HWDATA2[13] not assigned to an exact location on the device
    Info (169086): Pin HWDATA1[13] not assigned to an exact location on the device
    Info (169086): Pin HWDATA2[14] not assigned to an exact location on the device
    Info (169086): Pin HWDATA1[14] not assigned to an exact location on the device
    Info (169086): Pin HWDATA2[15] not assigned to an exact location on the device
    Info (169086): Pin HWDATA1[15] not assigned to an exact location on the device
    Info (169086): Pin HWDATA2[16] not assigned to an exact location on the device
    Info (169086): Pin HWDATA1[16] not assigned to an exact location on the device
    Info (169086): Pin HWDATA2[17] not assigned to an exact location on the device
    Info (169086): Pin HWDATA1[17] not assigned to an exact location on the device
    Info (169086): Pin HWDATA2[18] not assigned to an exact location on the device
    Info (169086): Pin HWDATA1[18] not assigned to an exact location on the device
    Info (169086): Pin HWDATA2[19] not assigned to an exact location on the device
    Info (169086): Pin HWDATA1[19] not assigned to an exact location on the device
    Info (169086): Pin HWDATA2[20] not assigned to an exact location on the device
    Info (169086): Pin HWDATA1[20] not assigned to an exact location on the device
    Info (169086): Pin HWDATA2[21] not assigned to an exact location on the device
    Info (169086): Pin HWDATA1[21] not assigned to an exact location on the device
    Info (169086): Pin HWDATA2[22] not assigned to an exact location on the device
    Info (169086): Pin HWDATA1[22] not assigned to an exact location on the device
    Info (169086): Pin HWDATA2[23] not assigned to an exact location on the device
    Info (169086): Pin HWDATA1[23] not assigned to an exact location on the device
    Info (169086): Pin HWDATA2[24] not assigned to an exact location on the device
    Info (169086): Pin HWDATA1[24] not assigned to an exact location on the device
    Info (169086): Pin HWDATA2[25] not assigned to an exact location on the device
    Info (169086): Pin HWDATA1[25] not assigned to an exact location on the device
    Info (169086): Pin HWDATA2[26] not assigned to an exact location on the device
    Info (169086): Pin HWDATA1[26] not assigned to an exact location on the device
    Info (169086): Pin HWDATA2[27] not assigned to an exact location on the device
    Info (169086): Pin HWDATA1[27] not assigned to an exact location on the device
    Info (169086): Pin HWDATA2[28] not assigned to an exact location on the device
    Info (169086): Pin HWDATA1[28] not assigned to an exact location on the device
    Info (169086): Pin HWDATA2[29] not assigned to an exact location on the device
    Info (169086): Pin HWDATA1[29] not assigned to an exact location on the device
    Info (169086): Pin HWDATA2[30] not assigned to an exact location on the device
    Info (169086): Pin HWDATA1[30] not assigned to an exact location on the device
    Info (169086): Pin HWDATA2[31] not assigned to an exact location on the device
    Info (169086): Pin HWDATA1[31] not assigned to an exact location on the device
    Info (169086): Pin HBUSREQ2 not assigned to an exact location on the device
Info (332104): Reading SDC File: 'dut_top.sdc'
Critical Warning (332168): The following clock transfers have no clock uncertainty assignment. For more accurate results, apply clock uncertainty assignments or use the derive_clock_uncertainty command.
    Critical Warning (332169): From HCLK (Rise) to HCLK (Rise) (setup and hold)
Info (332129): Detected timing requirements -- optimizing circuit to achieve only the specified requirements
Info (332111): Found 1 clocks
    Info (332111):   Period   Clock Name
    Info (332111): ======== ============
    Info (332111):   10.000         HCLK
Info (176353): Automatically promoted node HCLK~input (placed in PIN G1 (CLK1, DIFFCLK_0n))
    Info (176355): Automatically promoted destinations to use location or clock signal Global Clock CLKCTRL_G2
Info (176353): Automatically promoted node HRESETn~input (placed in PIN T2 (CLK2, DIFFCLK_1p))
    Info (176355): Automatically promoted destinations to use location or clock signal Global Clock CLKCTRL_G4
Info (176233): Starting register packing
Info (176235): Finished register packing
    Extra Info (176219): No registers were packed into other blocks
Info (176214): Statistics of I/O pins that need to be placed that use the same VCCIO and VREF, before I/O pin placement
    Info (176211): Number of I/O pins in group: 238 (unused VREF, 2.5V VCCIO, 156 input, 82 output, 0 bidirectional)
        Info (176212): I/O standards used: 2.5 V.
Info (176215): I/O bank details before I/O pin placement
    Info (176214): Statistics of I/O banks
        Info (176213): I/O bank number 1 does not use VREF pins and has undetermined VCCIO pins. 5 total pin(s) used --  26 pins available
        Info (176213): I/O bank number 2 does not use VREF pins and has undetermined VCCIO pins. 1 total pin(s) used --  36 pins available
        Info (176213): I/O bank number 3 does not use VREF pins and has undetermined VCCIO pins. 0 total pin(s) used --  36 pins available
        Info (176213): I/O bank number 4 does not use VREF pins and has undetermined VCCIO pins. 0 total pin(s) used --  40 pins available
        Info (176213): I/O bank number 5 does not use VREF pins and has undetermined VCCIO pins. 0 total pin(s) used --  38 pins available
        Info (176213): I/O bank number 6 does not use VREF pins and has undetermined VCCIO pins. 1 total pin(s) used --  34 pins available
        Info (176213): I/O bank number 7 does not use VREF pins and has undetermined VCCIO pins. 0 total pin(s) used --  38 pins available
        Info (176213): I/O bank number 8 does not use VREF pins and has undetermined VCCIO pins. 0 total pin(s) used --  38 pins available
Info (171121): Fitter preparation operations ending: elapsed time is 00:00:01
Info (170189): Fitter placement preparation operations beginning
Info (170190): Fitter placement preparation operations ending: elapsed time is 00:00:00
Info (170191): Fitter placement operations beginning
Info (170137): Fitter placement was successful
Info (170192): Fitter placement operations ending: elapsed time is 00:00:02
Info (170193): Fitter routing operations beginning
Info (170195): Router estimated average interconnect usage is 0% of the available device resources
    Info (170196): Router estimated peak interconnect usage is 6% of the available device resources in the region that extends from location X47_Y37 to location X58_Y49
Info (170194): Fitter routing operations ending: elapsed time is 00:00:00
Info (170199): The Fitter performed an Auto Fit compilation.  Optimizations were skipped to reduce compilation time.
    Info (170201): Optimizations that may affect the design's routability were skipped
    Info (170200): Optimizations that may affect the design's timing were skipped
Info (11888): Total time spent on timing analysis during the Fitter is 0.11 seconds.
Info (334003): Started post-fitting delay annotation
Info (334004): Delay annotation completed successfully
Info (334003): Started post-fitting delay annotation
Info (334004): Delay annotation completed successfully
Info (11218): Fitter post-fit operations ending: elapsed time is 00:00:01
Info (144001): Generated suppressed messages file M:/utc2/5th_year/second_semester_of_5th_year/DoanTN/code/synthesis/output_files/dut_top.fit.smsg
Info: Quartus II 64-Bit Fitter was successful. 0 errors, 6 warnings
    Info: Peak virtual memory: 5028 megabytes
    Info: Processing ended: Wed Jun 03 00:48:47 2026
    Info: Elapsed time: 00:00:11
    Info: Total CPU time (on all processors): 00:00:11


+----------------------------+
; Fitter Suppressed Messages ;
+----------------------------+
The suppressed messages can be found in M:/utc2/5th_year/second_semester_of_5th_year/DoanTN/code/synthesis/output_files/dut_top.fit.smsg.


